train_speed,current_delay,previous_delay,section_occupancy,headway,train_priority,distance_to_next_station,time_of_day,weather_condition,predicted_delay,conflict_probability,conflict
116.2,7.5,5.9,0,25.6,EXPRESS,2.19,19.64,FOG,12.9,0.2447,1
45.0,1.2,0.9,0,15.6,FREIGHT,33.23,3.49,FOG,15.9,0.3097,0
68.8,2.8,1.9,1,7.1,PASSENGER,10.35,22.72,CLEAR,12.5,0.6539,1
90.4,4.7,4.9,0,22.5,PASSENGER,11.72,20.24,CLEAR,3.4,0.0883,0
123.4,3.8,3.0,1,13.4,EXPRESS,9.44,22.05,CLEAR,11.6,0.5743,1
150.6,7.6,6.0,0,18.4,EXPRESS,33.68,6.86,FOG,6.3,0.0825,0
92.2,18.3,14.6,1,4.6,EXPRESS,39.17,8.05,CLEAR,28.1,0.7674,0
59.0,2.4,0.6,0,19.5,FREIGHT,30.33,11.28,CLEAR,8.6,0.0718,0
98.1,8.4,5.6,1,12.1,PASSENGER,33.03,5.38,CLEAR,15.6,0.5954,1
98.0,2.2,1.2,0,11.0,PASSENGER,25.01,11.17,CLEAR,0.5,0.1447,0
152.0,9.4,2.4,0,29.4,EXPRESS,21.39,0.22,CLEAR,5.5,0.0577,0
62.8,2.7,0.2,1,13.8,FREIGHT,29.0,21.06,CLEAR,9.0,0.648,1
71.8,5.5,0.7,0,20.8,FREIGHT,1.91,3.9,CLEAR,10.0,0.2945,0
113.3,9.7,1.7,0,19.4,EXPRESS,2.93,12.02,CLEAR,7.9,0.1484,0
125.2,2.3,1.9,1,4.5,EXPRESS,27.65,22.29,RAIN,5.7,0.4686,0
91.0,14.0,10.3,0,22.8,EXPRESS,13.74,19.7,CLEAR,18.1,0.1492,0
90.5,6.1,6.1,0,10.7,EXPRESS,19.81,18.63,CLEAR,7.1,0.0948,0
72.0,13.6,16.1,1,24.3,PASSENGER,31.39,14.53,CLEAR,23.8,0.6335,1
65.0,4.5,4.1,0,18.8,PASSENGER,23.3,10.47,CLEAR,8.1,0.0626,0
108.2,6.1,1.2,1,10.5,EXPRESS,32.31,10.7,CLEAR,13.5,0.4809,0
68.9,2.6,1.8,1,11.7,PASSENGER,17.06,2.09,RAIN,15.1,0.6146,0
92.0,17.8,1.7,0,22.3,EXPRESS,11.85,1.55,CLEAR,18.6,0.1504,0
153.7,6.2,1.8,1,17.2,EXPRESS,9.78,20.24,CLEAR,7.8,0.5315,0
90.6,8.1,5.0,0,20.5,EXPRESS,5.7,9.81,CLEAR,9.8,0.2171,0
96.8,4.4,3.4,1,6.0,PASSENGER,1.95,1.3,RAIN,11.4,0.7007,0
67.6,4.3,2.2,0,23.9,PASSENGER,2.6,15.91,CLEAR,7.5,0.1636,0
153.9,1.5,0.7,1,10.6,EXPRESS,11.2,16.4,CLEAR,5.1,0.3269,0
104.6,1.0,0.1,0,19.2,PASSENGER,11.5,5.46,FOG,9.5,0.0693,0
92.7,6.3,1.1,1,4.8,PASSENGER,15.58,9.86,CLEAR,15.3,0.7026,1
137.1,1.8,0.5,1,10.7,EXPRESS,23.87,13.76,CLEAR,7.1,0.3866,1
60.3,9.2,6.9,1,20.0,PASSENGER,30.49,14.31,CLEAR,18.7,0.648,0
158.9,5.9,0.5,1,9.3,EXPRESS,8.31,12.27,RAIN,10.1,0.5812,1
151.4,7.7,5.8,0,26.6,EXPRESS,30.49,8.74,CLEAR,1.3,0.1232,1
70.3,5.1,2.2,0,20.3,FREIGHT,5.99,1.65,CLEAR,7.8,0.1446,0
59.7,3.0,0.3,0,26.3,FREIGHT,39.55,0.53,CLEAR,9.2,0.0939,0
45.5,8.4,7.5,0,12.8,FREIGHT,11.76,11.03,CLEAR,16.8,0.126,1
152.6,10.3,3.9,0,2.5,EXPRESS,33.57,4.87,CLEAR,9.2,0.1987,1
110.4,9.5,1.2,1,17.9,EXPRESS,8.02,22.52,CLEAR,11.5,0.5784,1
88.1,9.2,10.1,0,11.2,PASSENGER,38.05,15.37,CLEAR,13.1,0.1118,0
65.0,2.0,0.2,1,14.3,PASSENGER,33.15,14.05,CLEAR,10.4,0.3031,1
154.5,3.1,1.0,0,20.9,EXPRESS,14.7,9.76,CLEAR,2.4,0.0843,0
67.0,8.6,6.3,0,21.5,PASSENGER,17.15,7.91,CLEAR,14.7,0.2041,0
105.7,8.9,5.6,1,2.3,EXPRESS,0.65,4.32,CLEAR,21.0,0.9351,1
55.1,2.1,1.5,0,23.4,FREIGHT,10.43,1.44,RAIN,11.4,0.1209,0
143.5,0.5,0.3,1,15.6,EXPRESS,11.93,15.23,CLEAR,3.2,0.2485,0
91.0,18.5,8.8,1,17.4,PASSENGER,18.38,18.7,RAIN,27.1,0.7774,0
106.2,2.3,1.7,0,10.0,EXPRESS,5.99,20.59,CLEAR,8.4,0.1672,0
60.0,4.2,1.0,1,13.5,PASSENGER,19.41,17.38,RAIN,14.5,0.5613,1
97.9,8.8,3.3,0,21.7,PASSENGER,26.9,21.53,CLEAR,10.7,0.1351,0
159.0,14.6,10.8,0,23.6,EXPRESS,15.17,23.59,CLEAR,11.9,0.1673,0
66.4,3.2,0.2,1,12.5,FREIGHT,9.67,23.08,CLEAR,12.4,0.4545,1
83.0,8.7,6.5,0,21.2,PASSENGER,22.13,14.21,RAIN,11.9,0.1421,0
70.7,14.5,3.8,1,8.9,FREIGHT,1.65,5.38,CLEAR,25.2,0.8691,1
48.4,3.4,2.5,0,25.2,FREIGHT,13.96,2.55,FOG,10.7,0.1545,0
86.2,6.1,6.1,0,18.9,PASSENGER,21.34,23.85,FOG,16.3,0.1709,0
51.5,19.6,15.2,0,23.6,FREIGHT,13.77,7.4,CLEAR,28.9,0.3171,0
121.3,6.1,1.2,0,15.1,EXPRESS,14.14,0.82,CLEAR,6.5,0.0936,0
144.3,0.9,0.7,0,8.0,EXPRESS,34.01,9.39,RAIN,1.6,0.0708,0
126.9,13.3,11.0,1,13.7,EXPRESS,37.39,17.95,CLEAR,16.6,0.6709,0
112.2,7.0,5.0,0,12.4,EXPRESS,33.18,21.38,CLEAR,8.5,0.1251,0
108.1,3.8,2.6,0,11.0,EXPRESS,4.41,11.46,STORM,13.2,0.2362,0
92.6,7.3,3.8,1,7.5,EXPRESS,11.94,7.06,STORM,19.0,0.6651,0
56.2,6.9,6.2,0,23.1,FREIGHT,28.6,18.68,CLEAR,15.6,0.0946,0
106.1,9.1,6.7,1,4.0,EXPRESS,38.99,12.09,CLEAR,19.0,0.7034,0
100.4,18.6,11.4,0,26.8,EXPRESS,10.07,2.06,CLEAR,19.8,0.1793,0
92.7,8.8,2.5,1,6.5,PASSENGER,35.98,21.31,RAIN,19.2,0.5915,0
137.7,4.2,1.6,0,29.4,EXPRESS,29.69,15.74,RAIN,2.5,0.0527,0
63.8,5.2,4.6,0,29.7,FREIGHT,39.35,0.88,CLEAR,10.0,0.1243,0
125.3,4.3,2.4,1,12.9,EXPRESS,4.2,0.22,CLEAR,13.4,0.4828,1
70.2,15.8,4.1,0,29.7,FREIGHT,16.09,2.11,CLEAR,21.0,0.1204,0
106.8,8.3,2.5,0,26.3,PASSENGER,19.39,19.73,CLEAR,10.0,0.0773,0
146.5,2.4,0.7,1,3.8,EXPRESS,27.05,11.55,CLEAR,7.0,0.5572,1
134.5,11.3,2.9,0,28.5,EXPRESS,26.33,8.05,CLEAR,9.2,0.1037,0
43.7,11.6,5.3,1,2.7,FREIGHT,36.3,5.98,CLEAR,24.6,0.7539,1
109.1,14.0,7.2,1,6.7,PASSENGER,33.63,12.16,CLEAR,18.6,0.7789,1
73.7,6.2,3.1,0,18.2,PASSENGER,2.69,1.99,CLEAR,11.4,0.2451,0
70.1,6.7,0.8,1,3.8,PASSENGER,19.72,14.81,CLEAR,18.8,0.4703,0
121.0,8.7,2.4,1,6.1,EXPRESS,16.58,9.13,CLEAR,13.3,0.5123,0
94.0,6.8,6.9,0,28.7,EXPRESS,39.89,20.6,FOG,13.5,0.0776,0
158.5,12.2,2.4,0,29.8,EXPRESS,17.38,18.11,FOG,9.6,0.1325,0
56.5,7.6,5.4,0,24.2,FREIGHT,27.46,0.44,CLEAR,12.9,0.1836,0
87.8,5.8,3.2,1,16.2,PASSENGER,11.73,4.0,RAIN,13.1,0.6013,1
135.9,6.1,1.2,0,27.2,EXPRESS,24.78,11.38,CLEAR,4.1,0.0783,0
124.8,10.2,7.2,1,4.7,EXPRESS,8.66,15.81,CLEAR,16.4,0.6557,0
92.2,7.1,0.4,0,28.4,EXPRESS,24.34,17.16,RAIN,11.4,0.1213,0
132.9,4.1,3.3,1,11.5,EXPRESS,34.79,19.59,CLEAR,7.2,0.3271,0
95.8,2.7,1.1,0,26.1,PASSENGER,1.26,1.18,STORM,11.3,0.3915,1
80.8,0.4,0.3,0,20.5,PASSENGER,20.43,0.44,RAIN,3.6,0.0938,0
64.1,5.7,3.1,0,28.9,FREIGHT,39.3,14.41,STORM,16.4,0.1189,0
71.4,6.4,3.1,0,26.1,PASSENGER,6.79,17.37,CLEAR,14.7,0.1064,0
105.5,7.4,5.5,0,26.8,EXPRESS,7.74,18.88,CLEAR,8.2,0.2317,0
68.1,8.6,6.1,0,19.5,PASSENGER,19.1,3.74,CLEAR,10.5,0.1649,1
78.6,5.8,5.9,0,25.2,PASSENGER,34.9,23.25,RAIN,13.1,0.0723,0
102.4,7.1,2.4,0,23.1,PASSENGER,22.73,5.51,FOG,11.9,0.1069,0
101.4,5.8,4.5,1,6.1,PASSENGER,20.59,6.01,RAIN,15.7,0.6072,1
79.1,8.5,3.9,0,20.0,PASSENGER,3.93,3.7,CLEAR,14.3,0.3436,1
89.5,4.3,2.5,0,5.7,PASSENGER,38.5,1.04,CLEAR,6.8,0.1517,1
96.0,3.1,4.1,0,26.3,PASSENGER,14.21,19.43,CLEAR,4.4,0.1324,1
106.9,21.9,13.2,1,3.4,EXPRESS,10.45,0.14,CLEAR,30.5,0.8664,0
101.8,3.1,1.0,0,29.6,EXPRESS,16.76,11.13,RAIN,8.2,0.0687,0
158.0,12.1,10.6,0,12.9,EXPRESS,16.86,2.21,RAIN,12.1,0.2723,0
90.9,4.1,0.2,0,6.4,PASSENGER,18.61,1.08,CLEAR,7.2,0.1437,0
158.7,4.5,1.7,0,28.2,EXPRESS,27.7,22.43,CLEAR,2.1,0.1136,0
76.9,5.0,1.5,1,2.8,PASSENGER,34.78,19.81,CLEAR,17.0,0.7663,1
61.6,9.4,4.4,0,14.9,FREIGHT,2.76,9.48,CLEAR,11.3,0.3838,0
105.6,3.2,0.6,1,23.5,EXPRESS,19.89,11.01,CLEAR,6.9,0.4402,1
73.1,8.2,9.6,1,10.5,PASSENGER,16.85,20.83,STORM,23.4,0.7745,1
85.6,8.2,7.9,0,16.6,PASSENGER,0.93,19.12,RAIN,14.8,0.5467,1
112.4,11.7,4.8,0,21.5,EXPRESS,32.75,16.6,CLEAR,16.3,0.165,0
101.7,12.8,2.8,0,28.6,EXPRESS,4.62,12.88,CLEAR,13.0,0.2028,1
108.4,10.2,12.2,1,4.4,EXPRESS,5.03,14.59,CLEAR,19.1,0.7826,1
92.5,6.9,8.0,1,6.0,EXPRESS,2.41,9.44,STORM,19.9,0.8647,1
61.7,4.2,3.1,0,16.0,FREIGHT,8.42,12.67,RAIN,12.3,0.1448,0
52.1,7.4,5.4,0,13.4,FREIGHT,7.48,12.95,CLEAR,11.3,0.1998,1
64.7,4.5,3.8,1,13.2,PASSENGER,14.24,20.76,CLEAR,14.2,0.6685,1
37.7,7.7,4.0,1,10.0,FREIGHT,26.54,5.25,CLEAR,17.5,0.5871,1
34.6,9.2,1.8,1,17.5,FREIGHT,2.64,5.92,CLEAR,15.8,0.8126,0
132.9,12.6,2.8,0,26.7,EXPRESS,34.48,5.06,CLEAR,16.0,0.1286,0
34.2,0.3,0.4,0,6.1,FREIGHT,13.4,13.9,CLEAR,10.3,0.2482,1
97.7,11.1,2.0,1,7.6,PASSENGER,24.46,16.68,RAIN,20.5,0.6001,1
30.9,9.0,5.4,0,20.6,FREIGHT,0.97,5.72,CLEAR,18.1,0.535,1
41.2,12.7,13.8,1,3.1,FREIGHT,14.95,16.25,CLEAR,30.0,0.9033,1
152.3,18.6,14.8,0,20.7,EXPRESS,0.58,15.07,RAIN,18.5,0.8114,1
140.3,6.4,3.7,1,10.5,EXPRESS,7.04,7.71,CLEAR,11.7,0.5369,0
95.1,14.5,4.2,1,11.7,EXPRESS,18.19,5.52,FOG,22.5,0.7834,1
101.1,1.6,0.9,1,13.1,PASSENGER,21.64,21.16,CLEAR,7.9,0.2933,0
52.2,6.6,5.3,1,11.5,FREIGHT,6.54,13.67,RAIN,15.9,0.7046,1
68.1,2.2,0.3,1,25.5,FREIGHT,29.94,16.89,CLEAR,11.4,0.4806,1
132.1,12.1,1.5,0,28.5,EXPRESS,7.97,22.21,RAIN,10.4,0.1831,0
94.1,14.7,5.0,0,17.1,PASSENGER,5.08,4.93,CLEAR,15.9,0.1714,0
109.7,2.1,1.7,0,18.1,PASSENGER,13.67,8.41,CLEAR,5.1,0.0646,0
106.3,1.3,0.2,1,3.5,EXPRESS,22.28,10.43,CLEAR,9.8,0.6686,0
133.7,17.3,8.0,0,21.8,EXPRESS,39.56,5.59,CLEAR,17.7,0.164,0
122.2,5.5,1.7,1,18.1,EXPRESS,17.04,20.17,CLEAR,8.7,0.4946,1
31.8,11.1,0.3,1,2.9,FREIGHT,17.33,2.0,RAIN,26.3,0.7872,1
91.0,7.0,0.3,0,7.2,EXPRESS,2.84,5.74,CLEAR,8.3,0.1676,0
66.0,2.3,1.3,1,7.3,PASSENGER,30.75,4.58,RAIN,13.5,0.5104,0
92.5,5.4,0.9,1,6.4,PASSENGER,7.68,22.88,CLEAR,12.3,0.6922,1
129.7,8.6,6.7,0,20.3,EXPRESS,29.92,15.06,CLEAR,6.3,0.0921,0
54.9,6.8,1.7,0,28.0,FREIGHT,36.47,17.19,CLEAR,10.9,0.1079,1
31.4,11.7,7.3,0,23.2,FREIGHT,30.84,2.6,CLEAR,20.1,0.3384,0
122.9,10.5,0.9,1,15.1,EXPRESS,25.88,4.66,CLEAR,12.2,0.7042,1
106.2,12.4,3.1,1,13.0,PASSENGER,24.35,19.44,STORM,21.7,0.6015,0
117.8,5.1,5.2,1,12.5,EXPRESS,18.42,13.63,CLEAR,13.3,0.3363,0
133.7,5.8,4.7,1,18.6,EXPRESS,6.21,1.08,CLEAR,12.6,0.502,0
144.6,5.6,4.1,1,11.7,EXPRESS,31.26,13.58,CLEAR,10.6,0.4043,1
99.2,19.7,11.6,1,7.9,PASSENGER,19.35,11.41,CLEAR,29.8,0.7867,1
86.0,5.9,1.2,0,18.7,PASSENGER,25.21,3.69,CLEAR,11.2,0.0981,0
150.1,13.1,3.1,0,12.6,EXPRESS,15.27,14.23,CLEAR,9.9,0.1325,0
117.4,10.4,9.7,1,1.9,EXPRESS,8.43,4.17,CLEAR,23.6,0.8566,0
70.0,1.2,0.4,1,2.1,FREIGHT,32.36,19.47,RAIN,18.1,0.506,0
106.8,0.3,0.3,1,9.3,EXPRESS,14.02,14.84,FOG,9.7,0.482,1
109.6,2.2,1.2,1,16.1,EXPRESS,34.73,20.91,STORM,14.0,0.5597,1
62.7,7.0,4.5,1,11.6,PASSENGER,38.65,10.19,CLEAR,15.4,0.6625,1
65.8,9.5,1.4,1,2.2,FREIGHT,33.28,12.29,CLEAR,20.7,0.7375,0
119.2,2.2,0.9,1,7.9,EXPRESS,5.56,18.25,RAIN,6.2,0.6225,0
71.5,9.1,2.8,0,4.2,PASSENGER,34.27,13.11,RAIN,14.6,0.1792,0
71.6,5.1,4.3,0,28.5,PASSENGER,21.01,13.73,CLEAR,11.0,0.1067,0
153.1,2.2,1.3,1,10.4,EXPRESS,10.04,13.28,CLEAR,2.9,0.4469,0
101.7,3.7,1.6,1,1.9,PASSENGER,4.18,11.79,RAIN,14.5,0.7859,1
128.7,4.8,4.3,0,20.3,EXPRESS,11.5,19.34,CLEAR,5.8,0.1032,0
90.8,20.7,13.1,1,8.1,PASSENGER,5.93,11.65,CLEAR,27.6,0.8867,1
83.7,8.4,5.1,0,17.7,PASSENGER,1.51,21.62,CLEAR,13.9,0.3717,1
79.6,6.4,6.9,1,5.8,PASSENGER,39.52,19.41,RAIN,20.0,0.6267,0
154.1,7.7,2.1,0,29.5,EXPRESS,33.35,16.62,CLEAR,3.3,0.1042,0
35.7,21.8,1.4,0,29.2,FREIGHT,29.69,21.57,CLEAR,25.0,0.2785,0
119.3,6.4,2.7,0,20.2,EXPRESS,8.12,12.89,CLEAR,6.6,0.1372,0
114.1,9.8,7.4,1,21.7,EXPRESS,1.6,19.72,RAIN,15.4,0.8164,0
124.9,4.0,2.7,1,13.6,EXPRESS,19.67,5.8,CLEAR,12.0,0.5164,1
82.9,7.6,8.4,0,28.9,PASSENGER,29.8,1.75,CLEAR,10.6,0.1441,0
85.9,25.2,20.2,0,13.6,PASSENGER,38.53,16.44,CLEAR,30.7,0.2378,0
99.8,7.8,0.3,1,8.3,EXPRESS,33.83,7.24,FOG,13.9,0.5803,1
85.7,0.5,0.2,1,4.8,PASSENGER,35.79,15.23,RAIN,9.6,0.522,1
107.0,2.6,0.7,1,7.4,EXPRESS,9.93,1.86,CLEAR,7.0,0.491,1
69.2,5.7,2.2,0,17.8,PASSENGER,6.64,22.94,CLEAR,7.4,0.102,0
94.5,6.2,0.6,1,8.5,EXPRESS,10.29,12.36,RAIN,13.5,0.3853,0
98.1,8.2,9.2,0,20.1,PASSENGER,5.97,0.23,CLEAR,11.8,0.2262,0
119.9,1.8,0.1,0,12.4,EXPRESS,32.04,11.43,CLEAR,5.4,0.0364,0
58.2,2.6,1.7,0,26.8,FREIGHT,36.17,18.95,CLEAR,7.5,0.1719,0
140.9,1.8,0.9,0,17.4,EXPRESS,12.64,20.77,CLEAR,0.8,0.0726,0
137.6,10.3,12.1,0,19.2,EXPRESS,35.14,11.07,FOG,14.0,0.1482,0
122.9,8.5,5.0,0,17.4,EXPRESS,2.67,3.02,CLEAR,7.1,0.1366,0
47.5,8.8,10.9,1,26.7,FREIGHT,27.26,21.75,CLEAR,20.3,0.5186,1
46.9,14.0,16.1,1,3.3,FREIGHT,21.34,23.55,CLEAR,32.3,0.7958,1
134.8,3.9,3.1,1,3.4,EXPRESS,11.43,1.52,CLEAR,10.6,0.624,1
84.7,11.4,1.2,0,21.5,PASSENGER,30.84,1.87,RAIN,18.9,0.2101,0
68.2,3.4,1.0,0,23.4,FREIGHT,8.88,13.57,CLEAR,7.7,0.0674,0
103.7,7.1,1.1,1,13.9,PASSENGER,16.94,12.81,CLEAR,11.5,0.5497,0
68.5,7.1,5.5,1,11.5,PASSENGER,28.54,14.13,CLEAR,18.7,0.4223,0
99.5,5.2,0.2,0,9.4,EXPRESS,13.86,7.61,CLEAR,9.6,0.0803,0
134.1,1.8,0.2,1,8.2,EXPRESS,34.29,1.21,RAIN,6.6,0.5168,1
43.6,4.0,4.2,0,27.5,FREIGHT,34.68,13.93,CLEAR,11.4,0.0899,0
30.8,9.3,4.6,1,9.9,FREIGHT,8.5,3.63,CLEAR,21.3,0.8423,1
104.4,10.3,4.9,0,20.0,PASSENGER,17.9,8.19,CLEAR,8.7,0.1611,0
105.9,18.8,2.1,0,23.9,EXPRESS,17.56,13.98,FOG,18.3,0.2514,0
155.0,13.3,7.4,1,2.1,EXPRESS,16.7,5.0,CLEAR,17.9,0.7424,0
95.9,3.9,3.4,1,2.5,PASSENGER,20.33,13.02,RAIN,17.6,0.6199,1
64.3,1.7,0.5,0,11.0,FREIGHT,3.44,17.15,FOG,11.6,0.1879,0
39.1,10.7,7.2,0,21.3,FREIGHT,34.87,1.58,CLEAR,15.6,0.2054,0
71.7,16.5,13.8,1,8.9,PASSENGER,11.95,14.87,CLEAR,24.0,0.787,1
86.1,5.0,0.3,1,1.5,PASSENGER,0.57,12.23,RAIN,16.3,0.9679,1
102.0,4.4,2.2,0,9.7,EXPRESS,27.56,2.34,RAIN,6.2,0.0898,0
111.4,12.4,3.0,1,4.1,EXPRESS,26.19,16.95,CLEAR,16.7,0.5365,1
44.5,3.4,0.7,1,7.8,FREIGHT,39.33,7.46,RAIN,12.2,0.7763,1
68.0,13.3,9.1,1,11.0,PASSENGER,28.91,4.38,RAIN,19.3,0.6455,1
104.4,1.3,1.5,1,5.1,EXPRESS,13.64,6.78,CLEAR,3.8,0.381,0
145.2,8.0,6.9,0,21.6,EXPRESS,38.13,13.11,CLEAR,3.5,0.0465,0
68.4,11.7,5.0,1,8.8,PASSENGER,14.93,13.92,RAIN,24.5,0.648,1
92.0,17.3,4.1,0,20.3,EXPRESS,32.94,4.07,CLEAR,25.5,0.1864,1
134.1,2.7,1.0,0,18.6,EXPRESS,13.76,22.48,CLEAR,5.9,0.0782,0
108.8,6.3,1.1,0,27.1,PASSENGER,2.42,7.89,RAIN,8.8,0.2007,0
76.6,3.1,0.2,1,4.0,PASSENGER,29.48,6.44,CLEAR,11.3,0.6288,0
65.9,10.7,1.2,1,7.6,PASSENGER,14.33,4.48,RAIN,20.0,0.7211,1
129.9,2.8,1.9,1,26.2,EXPRESS,13.89,2.89,CLEAR,7.1,0.3674,1
105.3,10.6,8.1,0,24.9,PASSENGER,28.78,23.57,FOG,19.3,0.1877,0
144.9,3.1,2.1,1,7.0,EXPRESS,13.22,16.19,CLEAR,4.9,0.5095,0
133.6,7.1,6.3,1,4.6,EXPRESS,5.16,18.89,CLEAR,12.7,0.6457,1
75.8,2.9,2.6,0,25.9,PASSENGER,16.48,9.64,CLEAR,7.1,0.1479,0
87.1,8.0,6.9,1,6.6,PASSENGER,33.04,9.95,CLEAR,16.5,0.5455,0
34.1,17.2,16.8,0,26.3,FREIGHT,5.64,23.69,CLEAR,21.2,0.3586,0
93.9,1.6,1.2,0,28.9,PASSENGER,22.4,4.82,RAIN,5.0,0.0753,0
96.3,13.4,8.9,1,7.8,PASSENGER,5.72,7.85,RAIN,19.6,0.8233,1
157.6,8.8,4.4,0,25.5,EXPRESS,2.44,4.68,CLEAR,10.3,0.2768,1
108.2,12.0,7.6,0,13.6,EXPRESS,15.46,6.78,CLEAR,14.5,0.23,1
91.3,6.3,4.7,0,24.0,EXPRESS,26.49,15.93,CLEAR,11.2,0.1333,0
128.2,2.4,2.5,0,13.1,EXPRESS,11.36,7.41,CLEAR,0.8,0.0886,0
61.8,3.3,1.2,1,3.5,FREIGHT,18.11,21.01,FOG,16.8,0.7685,1
145.3,0.8,0.3,0,21.8,EXPRESS,19.91,1.17,FOG,6.2,0.1013,0
38.7,7.4,3.5,1,5.8,FREIGHT,33.73,8.51,CLEAR,21.6,0.6752,1
73.1,15.4,20.9,0,27.9,PASSENGER,32.85,20.66,CLEAR,22.2,0.2121,0
85.6,8.2,6.0,1,13.4,PASSENGER,0.59,14.91,RAIN,20.3,0.9452,1
76.5,2.1,1.8,1,3.8,PASSENGER,16.85,18.5,CLEAR,16.4,0.5492,1
103.0,9.5,7.9,1,8.0,PASSENGER,26.42,7.77,CLEAR,19.7,0.6478,1
83.7,16.3,6.6,0,26.1,PASSENGER,34.17,8.86,RAIN,22.1,0.181,0
146.0,18.2,1.5,0,10.7,EXPRESS,2.43,21.32,CLEAR,16.9,0.3455,0
89.0,2.5,0.1,0,25.9,PASSENGER,25.32,17.99,CLEAR,4.3,0.0922,1
144.1,1.5,0.6,1,6.4,EXPRESS,33.76,9.22,RAIN,7.3,0.4873,0
113.3,15.4,9.4,1,14.8,EXPRESS,10.58,5.17,CLEAR,22.0,0.6535,1
101.6,13.5,8.2,0,26.5,PASSENGER,8.61,2.55,CLEAR,15.6,0.1372,0
109.2,7.0,1.6,1,2.9,EXPRESS,18.98,20.68,CLEAR,15.6,0.6399,0
54.6,4.3,1.5,1,10.2,FREIGHT,38.52,16.74,CLEAR,14.3,0.5713,0
39.6,6.7,7.1,0,27.4,FREIGHT,27.87,14.58,CLEAR,8.4,0.1057,0
51.4,15.5,12.5,0,18.5,FREIGHT,17.27,18.64,RAIN,24.5,0.1706,0
112.3,15.5,6.8,0,21.9,EXPRESS,1.32,21.96,RAIN,17.3,0.4659,0
108.7,11.6,4.2,0,25.5,EXPRESS,22.49,18.28,CLEAR,12.2,0.0951,1
73.5,3.3,1.3,0,16.4,FREIGHT,14.28,10.1,CLEAR,11.8,0.1387,0
68.0,5.4,3.4,0,25.6,PASSENGER,7.84,4.24,CLEAR,10.5,0.1936,0
65.4,4.1,1.2,1,19.7,FREIGHT,20.26,17.13,CLEAR,11.5,0.4198,0
74.3,10.8,7.4,0,21.0,FREIGHT,13.98,5.92,FOG,19.2,0.1279,0
30.9,6.3,2.2,1,5.9,FREIGHT,2.03,18.78,RAIN,20.7,0.9009,1
138.9,10.9,8.1,0,28.3,EXPRESS,29.16,8.13,CLEAR,12.0,0.1311,0
107.7,2.5,2.2,0,24.2,EXPRESS,29.44,3.76,CLEAR,2.8,0.0881,1
31.8,9.5,7.8,1,8.7,FREIGHT,24.94,6.11,STORM,26.1,0.8683,1
118.2,5.7,1.8,1,18.0,EXPRESS,33.71,6.4,CLEAR,9.3,0.4308,0
155.5,8.0,2.6,1,12.2,EXPRESS,8.53,9.09,FOG,9.3,0.6196,1
60.6,5.0,4.3,1,20.3,PASSENGER,11.8,6.17,STORM,19.5,0.7591,1
56.5,0.9,0.3,0,29.8,FREIGHT,18.62,5.41,CLEAR,9.4,0.1035,0
85.1,16.2,13.3,1,2.8,PASSENGER,2.88,9.4,CLEAR,25.3,0.9494,1
103.7,5.2,3.8,0,28.6,PASSENGER,35.4,20.83,RAIN,5.6,0.1133,0
95.9,6.6,3.2,1,3.6,EXPRESS,19.88,1.69,CLEAR,14.1,0.6549,1
94.1,9.3,8.2,1,14.6,PASSENGER,13.32,7.11,CLEAR,17.2,0.6839,1
60.6,13.2,9.0,0,15.2,FREIGHT,19.38,13.5,CLEAR,16.9,0.3362,1
136.8,8.5,3.3,1,9.2,EXPRESS,13.34,20.99,CLEAR,12.2,0.624,0
107.1,12.3,11.8,0,17.7,PASSENGER,11.81,6.82,CLEAR,14.9,0.1645,0
67.0,2.6,0.3,0,25.3,FREIGHT,18.2,8.37,CLEAR,6.9,0.074,0
62.1,0.8,0.5,1,9.9,PASSENGER,19.54,19.15,CLEAR,10.7,0.5117,1
83.6,9.0,4.1,1,3.5,PASSENGER,17.62,8.94,CLEAR,21.9,0.5975,1
79.9,7.4,2.0,1,19.5,PASSENGER,22.14,20.44,FOG,18.3,0.6637,1
111.7,4.5,2.8,1,22.9,EXPRESS,31.44,10.93,CLEAR,8.4,0.4841,1
121.6,2.3,1.8,0,28.7,EXPRESS,2.76,13.66,FOG,7.0,0.2191,0
47.3,2.2,2.3,1,6.0,FREIGHT,32.55,13.46,CLEAR,14.1,0.4315,0
49.5,9.8,7.8,0,27.2,FREIGHT,9.53,2.86,CLEAR,16.0,0.2763,0
74.1,3.4,4.1,1,15.2,FREIGHT,10.46,8.52,CLEAR,14.5,0.4479,1
34.0,36.6,26.7,1,8.2,FREIGHT,24.18,5.8,CLEAR,51.7,0.9242,1
106.1,10.0,7.0,0,28.9,PASSENGER,39.04,16.39,CLEAR,9.1,0.0632,0
84.0,4.7,1.4,1,8.3,PASSENGER,1.19,22.41,FOG,19.3,0.8534,1
91.2,7.5,1.4,0,22.4,PASSENGER,27.09,5.1,RAIN,10.8,0.122,1
101.5,3.6,1.8,0,23.9,PASSENGER,28.03,2.19,CLEAR,5.2,0.08,1
78.0,14.1,8.3,0,13.8,PASSENGER,23.16,12.16,CLEAR,15.7,0.2219,0
81.5,0.2,0.1,0,21.2,PASSENGER,0.88,9.38,CLEAR,5.2,0.4603,1
48.4,1.2,1.2,0,17.8,FREIGHT,24.45,0.86,RAIN,6.2,0.1759,0
116.2,12.9,10.6,1,7.0,EXPRESS,5.04,22.12,CLEAR,20.3,0.7367,1
154.8,6.8,4.6,1,23.2,EXPRESS,3.58,22.56,CLEAR,12.1,0.6133,0
148.0,1.3,1.2,0,27.9,EXPRESS,27.99,20.41,RAIN,0.3,0.0719,0
65.4,3.8,1.1,0,15.4,PASSENGER,28.16,6.73,CLEAR,10.6,0.0882,1
97.6,8.7,8.9,0,29.8,EXPRESS,35.65,2.94,CLEAR,11.5,0.2214,0
81.4,15.5,10.1,1,13.7,PASSENGER,0.63,14.22,CLEAR,20.7,0.9637,1
64.9,3.9,1.3,0,15.2,PASSENGER,15.46,6.76,CLEAR,8.9,0.1279,1
133.3,5.1,2.5,0,20.7,EXPRESS,0.98,4.84,CLEAR,3.9,0.4151,0
67.2,18.4,8.1,1,6.8,PASSENGER,14.9,15.39,RAIN,30.6,0.8557,1
126.6,10.4,6.6,0,27.2,EXPRESS,19.92,18.01,RAIN,10.8,0.131,0
90.5,8.9,7.6,0,24.3,EXPRESS,21.42,12.65,CLEAR,12.8,0.1517,0
44.2,4.6,3.3,0,26.4,FREIGHT,14.56,7.68,RAIN,10.4,0.1827,0
137.4,16.8,10.9,1,18.9,EXPRESS,29.15,12.3,CLEAR,20.9,0.5289,1
123.9,2.9,1.8,0,26.7,EXPRESS,16.92,14.39,STORM,8.4,0.114,0
108.9,1.3,0.8,0,20.9,PASSENGER,20.93,1.25,CLEAR,2.4,0.0701,1
103.7,6.4,5.6,0,16.1,PASSENGER,32.1,10.65,RAIN,10.0,0.1642,0
115.1,8.7,3.5,0,28.1,EXPRESS,7.38,14.36,CLEAR,8.3,0.3373,0
62.3,9.1,8.7,0,14.0,PASSENGER,13.18,3.11,CLEAR,15.1,0.1536,0
149.2,0.8,0.4,0,15.8,EXPRESS,21.1,10.77,RAIN,0.1,0.0671,1
153.8,10.8,8.4,1,6.3,EXPRESS,30.82,8.32,CLEAR,12.2,0.6566,0
101.0,4.7,1.6,0,28.5,PASSENGER,17.3,20.83,RAIN,5.1,0.0591,0
66.4,6.8,4.8,1,7.8,PASSENGER,3.37,11.75,CLEAR,15.7,0.6005,0
109.9,3.7,0.2,0,7.2,PASSENGER,39.56,10.23,CLEAR,4.7,0.0888,0
72.9,6.1,4.2,1,4.4,PASSENGER,28.46,5.85,CLEAR,10.3,0.582,1
62.6,12.2,5.7,1,14.4,FREIGHT,29.05,22.98,FOG,24.3,0.7884,1
105.4,3.7,2.1,1,9.3,PASSENGER,18.87,23.07,RAIN,16.2,0.5035,1
106.5,3.6,1.1,0,22.6,EXPRESS,22.11,8.8,CLEAR,6.2,0.0537,0
105.4,12.2,3.5,1,10.3,PASSENGER,39.76,22.3,CLEAR,17.3,0.5016,1
111.7,18.5,8.1,1,22.0,EXPRESS,24.01,14.85,RAIN,22.8,0.7838,1
108.8,5.2,1.8,1,7.1,PASSENGER,9.15,18.75,RAIN,9.6,0.541,0
109.7,10.2,1.3,0,8.1,EXPRESS,38.59,2.16,RAIN,14.2,0.1273,1
156.7,3.5,1.5,0,24.5,EXPRESS,21.74,0.51,CLEAR,1.6,0.0679,0
32.4,15.5,13.4,0,12.1,FREIGHT,1.32,12.34,FOG,24.2,0.6864,1
61.9,2.6,2.0,1,4.7,FREIGHT,23.15,1.82,CLEAR,15.6,0.6112,1
86.6,2.5,0.0,0,28.9,PASSENGER,3.28,21.4,FOG,9.8,0.2921,1
83.9,8.6,6.8,1,6.6,PASSENGER,21.34,19.68,CLEAR,16.1,0.6756,1
105.6,6.5,5.4,1,5.8,EXPRESS,33.1,17.16,RAIN,14.8,0.6793,1
139.4,7.0,0.6,1,11.7,EXPRESS,21.79,0.75,STORM,15.8,0.5495,0
103.4,25.4,18.9,1,4.2,EXPRESS,15.25,11.0,CLEAR,34.4,0.8839,1
87.6,5.7,4.2,1,5.9,PASSENGER,35.36,1.87,RAIN,13.7,0.7147,1
72.7,3.9,3.1,1,25.6,PASSENGER,37.14,22.29,CLEAR,13.7,0.4652,0
107.8,13.0,2.2,1,6.4,PASSENGER,14.23,14.7,FOG,21.5,0.7184,1
92.0,12.5,10.3,1,4.7,EXPRESS,20.21,3.76,CLEAR,23.6,0.7702,1
39.0,4.0,1.3,0,26.6,FREIGHT,39.33,13.45,CLEAR,12.0,0.1905,0
72.1,7.2,1.5,0,14.1,PASSENGER,7.53,2.84,CLEAR,11.1,0.2022,0
80.7,5.6,0.6,1,6.0,PASSENGER,12.28,3.5,FOG,18.9,0.557,1
71.6,16.3,6.4,0,18.1,PASSENGER,17.42,1.94,CLEAR,16.5,0.2151,0
84.6,4.7,4.1,1,2.7,PASSENGER,4.49,20.92,CLEAR,14.5,0.7132,1
151.1,6.1,4.2,1,13.7,EXPRESS,11.25,13.1,CLEAR,6.8,0.4953,0
139.8,1.3,1.1,0,18.3,EXPRESS,22.02,7.87,CLEAR,0.0,0.0459,0
89.0,14.3,4.7,0,28.8,PASSENGER,9.53,0.02,RAIN,16.3,0.1797,0
96.2,18.2,6.5,1,10.8,EXPRESS,27.61,11.33,CLEAR,21.5,0.6236,1
138.6,6.6,2.0,0,23.3,EXPRESS,14.23,12.31,CLEAR,6.8,0.091,0
101.6,9.7,7.3,1,5.3,EXPRESS,4.05,8.08,CLEAR,18.9,0.7827,1
145.0,3.7,1.9,1,13.9,EXPRESS,30.7,11.62,CLEAR,5.5,0.4656,0
41.3,6.5,6.4,1,7.9,FREIGHT,22.91,2.42,CLEAR,14.2,0.7357,1
80.9,1.3,0.2,0,15.5,PASSENGER,33.08,22.13,RAIN,5.4,0.078,0
77.5,5.8,3.6,0,13.4,PASSENGER,14.73,6.2,FOG,12.7,0.096,0
150.1,16.4,15.7,0,29.4,EXPRESS,1.27,22.76,STORM,23.2,0.7568,1
66.3,31.9,17.9,0,27.6,PASSENGER,2.34,11.83,FOG,37.2,0.7413,1
88.3,3.5,1.5,0,18.1,PASSENGER,31.92,20.56,FOG,11.3,0.1401,0
99.9,10.6,2.6,1,6.5,EXPRESS,16.72,13.85,RAIN,17.6,0.6965,1
95.2,4.2,0.3,1,17.4,PASSENGER,39.07,20.27,RAIN,13.3,0.5125,0
153.4,10.4,9.3,0,24.1,EXPRESS,33.3,0.24,CLEAR,10.0,0.1646,0
81.7,4.1,3.8,1,2.6,PASSENGER,1.14,4.48,CLEAR,16.2,0.8849,1
84.4,18.3,2.2,0,13.9,PASSENGER,34.86,8.49,CLEAR,17.6,0.2199,1
154.9,4.9,0.5,1,2.7,EXPRESS,8.91,7.11,RAIN,9.9,0.7018,1
126.5,14.3,13.2,1,8.5,EXPRESS,19.71,22.72,CLEAR,21.1,0.704,0
84.4,4.0,3.4,1,4.1,PASSENGER,20.49,9.47,CLEAR,10.4,0.5575,1
88.9,4.8,1.5,0,28.9,PASSENGER,2.86,23.33,RAIN,10.3,0.2052,0
61.0,3.2,1.9,1,6.3,FREIGHT,5.46,15.62,RAIN,12.9,0.6671,0
65.3,2.4,1.4,1,5.8,PASSENGER,17.21,20.05,CLEAR,10.1,0.6336,0
147.5,8.5,4.1,0,29.2,EXPRESS,25.88,9.45,CLEAR,5.1,0.0855,0
120.5,15.3,12.0,0,16.2,EXPRESS,10.94,4.56,FOG,17.6,0.1971,0
63.6,13.2,8.7,0,23.1,PASSENGER,21.29,1.21,RAIN,19.8,0.2399,1
145.0,11.2,2.8,1,10.8,EXPRESS,15.48,15.75,RAIN,15.5,0.766,1
78.8,9.5,7.9,0,16.7,PASSENGER,25.4,23.32,RAIN,15.2,0.1759,0
34.5,9.7,2.5,1,1.7,FREIGHT,17.27,2.84,CLEAR,22.7,0.8458,1
91.7,1.7,1.3,1,13.2,PASSENGER,34.14,18.52,CLEAR,11.6,0.6003,0
151.6,21.8,18.4,0,17.3,EXPRESS,39.36,8.75,CLEAR,20.4,0.2811,1
104.4,1.6,1.6,0,16.2,PASSENGER,36.57,23.84,CLEAR,5.4,0.0725,0
107.9,2.4,1.8,1,13.1,PASSENGER,7.16,20.88,RAIN,5.5,0.6928,1
103.4,27.1,20.6,0,24.0,PASSENGER,18.56,5.54,CLEAR,30.0,0.2925,0
30.1,10.4,0.6,0,15.8,FREIGHT,18.62,18.38,CLEAR,15.6,0.1852,1
116.6,9.2,6.4,0,19.6,EXPRESS,33.7,17.62,RAIN,12.9,0.1472,0
66.8,12.4,12.4,1,6.8,FREIGHT,14.61,18.32,RAIN,28.2,0.8984,1
46.5,8.3,3.2,1,26.1,FREIGHT,22.21,1.99,CLEAR,16.1,0.528,1
132.1,2.4,0.0,1,11.8,EXPRESS,24.57,19.43,CLEAR,8.1,0.3361,1
132.4,2.5,2.1,1,15.2,EXPRESS,4.91,6.27,RAIN,7.0,0.5927,0
115.6,2.7,0.5,1,11.5,EXPRESS,22.54,14.17,CLEAR,4.3,0.5792,1
153.3,5.0,2.4,0,26.9,EXPRESS,10.25,2.77,CLEAR,4.3,0.1229,0
125.2,9.5,7.0,0,27.2,EXPRESS,8.66,13.39,RAIN,14.6,0.1291,0
83.2,3.3,2.6,1,7.9,PASSENGER,10.39,21.75,RAIN,17.7,0.4937,1
159.8,3.4,2.5,0,23.0,EXPRESS,4.42,4.25,CLEAR,1.2,0.0934,0
124.5,7.1,3.7,1,4.4,EXPRESS,3.25,20.52,CLEAR,10.1,0.7421,1
38.0,3.7,3.9,1,2.4,FREIGHT,26.05,10.45,RAIN,19.5,0.7962,1
125.9,14.0,8.7,0,25.3,EXPRESS,37.67,7.74,RAIN,14.8,0.1533,0
66.6,3.3,1.7,1,5.2,FREIGHT,27.68,1.37,CLEAR,15.9,0.5456,1
144.4,7.4,7.8,1,5.9,EXPRESS,12.82,12.68,CLEAR,11.9,0.5909,0
145.2,7.9,3.8,1,18.8,EXPRESS,13.73,4.8,CLEAR,6.3,0.5756,0
95.4,3.4,1.6,0,24.8,PASSENGER,21.88,22.56,CLEAR,6.8,0.0948,1
72.7,3.4,1.6,1,6.9,PASSENGER,34.72,5.72,RAIN,14.5,0.6194,1
68.8,8.9,2.0,0,4.8,FREIGHT,8.5,14.08,CLEAR,15.8,0.2167,1
104.7,5.4,4.4,1,3.7,PASSENGER,19.01,13.4,RAIN,15.6,0.4963,0
38.7,6.9,1.2,1,2.2,FREIGHT,20.21,8.08,FOG,25.2,0.8316,1
99.1,11.6,11.4,1,4.8,EXPRESS,37.28,20.45,RAIN,21.7,0.6792,1
158.3,5.2,3.8,0,28.4,EXPRESS,21.68,4.4,CLEAR,3.0,0.1392,0
103.4,12.3,11.4,1,4.2,PASSENGER,31.34,19.61,CLEAR,18.8,0.6291,1
70.2,1.3,0.2,0,18.5,FREIGHT,3.97,4.98,CLEAR,6.4,0.073,0
69.9,2.6,1.9,0,27.7,FREIGHT,13.41,0.94,CLEAR,6.6,0.125,0
87.1,0.4,0.1,0,19.4,PASSENGER,24.65,22.65,CLEAR,4.5,0.08,0
135.2,2.3,1.4,1,2.4,EXPRESS,27.27,15.3,CLEAR,6.6,0.6092,0
87.3,13.9,8.9,0,18.5,PASSENGER,35.47,15.13,RAIN,21.0,0.2099,0
93.6,5.7,0.2,0,27.2,EXPRESS,23.82,6.36,CLEAR,7.9,0.0871,0
63.5,9.1,2.6,0,10.7,FREIGHT,11.94,3.34,CLEAR,15.3,0.1376,1
52.7,1.7,0.6,1,10.4,FREIGHT,21.79,16.95,CLEAR,12.4,0.5385,1
92.4,5.8,2.4,1,8.6,PASSENGER,28.61,12.45,CLEAR,14.4,0.4384,0
85.1,9.6,8.2,0,15.9,PASSENGER,31.48,7.63,CLEAR,8.7,0.2151,0
84.6,8.4,4.4,1,8.3,PASSENGER,37.81,7.6,RAIN,17.8,0.5631,1
102.0,14.1,6.0,0,22.1,EXPRESS,8.03,21.34,CLEAR,13.5,0.1252,0
42.5,2.2,1.9,0,19.9,FREIGHT,26.61,21.35,CLEAR,8.2,0.129,0
67.9,21.8,13.0,0,12.9,PASSENGER,8.41,6.59,RAIN,29.6,0.3005,0
38.8,9.5,5.6,0,22.1,FREIGHT,13.06,19.06,FOG,15.9,0.338,0
158.1,7.3,2.5,1,4.3,EXPRESS,6.14,5.44,CLEAR,11.7,0.4806,1
36.9,5.4,2.5,0,22.9,FREIGHT,31.03,19.39,RAIN,14.6,0.0967,0
108.8,13.8,11.3,0,18.7,EXPRESS,36.6,3.03,RAIN,19.5,0.1667,0
131.3,18.9,3.9,0,19.5,EXPRESS,1.68,18.2,CLEAR,12.3,0.4013,0
57.5,10.2,5.5,1,3.3,FREIGHT,32.63,13.34,RAIN,24.6,0.7112,1
100.8,3.8,2.4,1,19.1,EXPRESS,10.05,2.82,RAIN,12.3,0.5182,0
145.6,3.8,1.1,0,15.6,EXPRESS,19.74,14.78,CLEAR,1.9,0.1393,0
65.3,6.0,5.8,0,15.3,FREIGHT,30.05,4.62,CLEAR,14.2,0.1006,0
40.7,15.4,4.2,1,10.7,FREIGHT,20.52,4.66,STORM,27.0,0.7404,1
74.4,10.8,3.1,1,1.7,PASSENGER,9.63,10.74,STORM,28.2,0.8816,1
106.9,5.7,4.4,0,13.5,PASSENGER,36.29,23.14,RAIN,11.0,0.0807,0
101.3,5.4,1.1,1,12.9,PASSENGER,23.95,21.41,CLEAR,8.3,0.5411,1
138.8,14.9,7.1,0,13.5,EXPRESS,37.28,19.84,RAIN,16.0,0.1984,0
95.8,16.6,13.3,1,18.9,EXPRESS,33.94,20.43,RAIN,25.9,0.7151,1
80.9,14.3,10.0,0,10.0,PASSENGER,35.13,11.93,CLEAR,14.0,0.2148,0
88.0,3.9,1.7,1,9.2,PASSENGER,14.79,8.99,CLEAR,13.9,0.4306,1
69.4,7.3,2.3,1,15.7,PASSENGER,39.5,21.22,FOG,17.0,0.6948,0
82.4,7.6,7.4,0,18.4,PASSENGER,34.17,1.94,CLEAR,14.6,0.1043,0
132.1,6.8,4.1,0,17.7,EXPRESS,13.84,23.91,CLEAR,7.3,0.1772,0
76.4,5.4,3.6,0,26.6,PASSENGER,35.91,13.27,CLEAR,9.8,0.0909,0
144.7,14.4,11.8,1,23.4,EXPRESS,30.33,12.97,CLEAR,19.6,0.5915,1
102.0,4.0,3.5,1,3.0,PASSENGER,29.14,7.01,CLEAR,14.7,0.5992,0
76.2,4.6,3.3,0,17.6,PASSENGER,0.75,4.09,FOG,7.7,0.6239,1
67.7,0.3,0.2,0,13.4,FREIGHT,1.39,16.33,RAIN,3.3,0.4142,0
97.3,2.6,0.3,0,11.8,EXPRESS,27.94,8.68,CLEAR,4.6,0.0944,0
148.6,3.3,0.0,0,28.8,EXPRESS,11.51,7.26,RAIN,0.2,0.1727,0
100.7,8.8,11.0,0,14.5,EXPRESS,2.81,3.9,CLEAR,15.2,0.2069,0
64.1,5.6,2.4,0,22.0,PASSENGER,11.8,12.84,RAIN,9.7,0.1311,1
92.1,5.0,2.8,0,29.1,PASSENGER,33.6,14.12,CLEAR,7.6,0.0632,1
123.0,6.5,8.4,1,5.8,EXPRESS,19.09,10.63,STORM,19.7,0.6924,1
153.6,6.8,4.2,1,3.1,EXPRESS,24.82,0.29,CLEAR,16.1,0.5706,1
78.2,9.4,4.2,1,10.4,PASSENGER,32.12,11.8,RAIN,21.4,0.5003,1
110.1,1.4,1.6,1,2.8,EXPRESS,13.27,6.53,CLEAR,8.5,0.6768,1
52.5,9.9,8.1,1,4.8,FREIGHT,0.94,3.33,FOG,25.9,0.9655,1
82.8,17.0,0.8,0,29.8,PASSENGER,13.27,13.86,CLEAR,19.3,0.1482,0
114.1,4.1,0.2,0,28.9,EXPRESS,38.29,16.11,CLEAR,5.6,0.0834,0
138.6,2.9,1.0,0,21.2,EXPRESS,19.55,12.45,CLEAR,0.0,0.0663,1
64.2,4.6,1.4,0,23.0,FREIGHT,23.01,14.74,RAIN,14.6,0.1099,0
149.7,6.7,1.5,1,5.5,EXPRESS,30.54,14.56,RAIN,8.8,0.6141,1
158.1,10.0,5.0,1,18.5,EXPRESS,5.04,2.98,CLEAR,12.8,0.6269,1
42.0,2.1,1.1,1,5.9,FREIGHT,29.49,5.18,CLEAR,12.5,0.598,1
62.2,8.7,5.1,1,12.3,FREIGHT,12.26,0.23,CLEAR,19.1,0.4719,1
47.7,3.5,0.4,1,11.3,FREIGHT,15.83,23.57,FOG,16.8,0.707,0
93.9,0.9,0.7,0,19.0,PASSENGER,11.14,5.07,STORM,6.4,0.2052,0
123.3,11.1,3.2,1,3.8,EXPRESS,6.57,19.55,RAIN,13.2,0.8081,1
159.6,13.9,11.5,1,4.4,EXPRESS,14.78,18.75,CLEAR,19.3,0.6862,1
96.4,10.9,8.8,0,18.9,PASSENGER,4.24,16.92,FOG,15.3,0.349,0
107.6,25.7,15.6,1,19.6,PASSENGER,33.87,10.79,CLEAR,31.2,0.81,1
101.7,4.5,4.7,0,11.2,PASSENGER,12.58,14.01,FOG,13.7,0.117,0
70.6,6.7,5.1,1,5.7,FREIGHT,26.32,4.47,CLEAR,18.0,0.5953,0
147.0,7.7,4.4,0,26.8,EXPRESS,12.22,2.55,RAIN,1.3,0.119,0
83.0,5.3,4.4,1,3.0,PASSENGER,8.82,8.44,CLEAR,13.3,0.5065,1
107.6,5.0,0.7,0,21.9,EXPRESS,28.69,19.81,CLEAR,2.1,0.09,0
78.5,3.8,3.5,1,5.5,PASSENGER,25.15,13.54,CLEAR,11.7,0.47,0
91.4,4.2,2.2,0,19.7,EXPRESS,9.12,18.33,CLEAR,6.3,0.077,0
126.7,3.8,2.6,1,20.4,EXPRESS,24.68,21.37,CLEAR,13.3,0.4616,1
125.4,7.5,3.3,0,24.4,EXPRESS,0.7,13.45,RAIN,10.5,0.5081,1
86.3,1.3,0.6,0,12.8,PASSENGER,7.49,8.81,RAIN,6.9,0.086,0
108.7,3.4,2.0,1,2.1,PASSENGER,29.25,20.54,CLEAR,13.4,0.6628,1
105.6,5.4,0.3,0,24.6,PASSENGER,16.7,5.51,CLEAR,7.2,0.0683,0
37.3,27.3,17.5,1,14.2,FREIGHT,8.54,0.59,CLEAR,35.0,0.8715,1
115.8,4.5,0.6,0,25.6,EXPRESS,20.48,1.22,RAIN,3.3,0.1361,0
119.7,2.8,1.3,0,23.6,EXPRESS,18.88,13.97,CLEAR,4.0,0.0825,0
46.2,10.1,10.0,1,15.7,FREIGHT,25.54,21.42,CLEAR,21.6,0.7098,1
145.9,6.3,3.0,0,30.0,EXPRESS,3.37,13.54,CLEAR,4.8,0.2343,0
53.6,7.1,0.7,0,14.7,FREIGHT,32.86,9.82,RAIN,16.9,0.1326,0
130.0,8.8,2.2,1,21.4,EXPRESS,2.8,13.85,RAIN,12.2,0.6643,0
68.4,8.6,0.6,0,20.6,FREIGHT,18.43,16.11,CLEAR,11.3,0.1005,0
146.4,5.9,1.0,1,16.3,EXPRESS,28.56,18.2,RAIN,10.2,0.651,0
35.9,0.6,0.2,1,18.2,FREIGHT,14.12,8.34,FOG,11.9,0.6293,1
95.7,6.7,2.6,0,24.3,PASSENGER,36.45,9.29,RAIN,7.1,0.0826,0
49.6,13.7,7.4,0,17.8,FREIGHT,30.33,0.57,CLEAR,22.0,0.2062,0
110.6,11.4,4.0,0,14.3,EXPRESS,17.33,15.59,FOG,14.3,0.1493,1
62.5,12.0,4.2,1,20.4,PASSENGER,7.76,18.64,CLEAR,19.6,0.644,0
51.9,2.9,1.0,1,2.5,FREIGHT,2.22,12.26,RAIN,17.9,0.9171,1
77.8,5.3,1.9,1,4.6,PASSENGER,32.17,9.04,CLEAR,11.4,0.5981,1
72.6,9.7,8.4,1,5.1,PASSENGER,8.17,8.0,RAIN,20.9,0.6666,1
94.7,2.8,0.4,0,13.6,PASSENGER,11.15,15.48,CLEAR,4.0,0.083,0
98.5,12.6,8.8,0,26.3,PASSENGER,0.91,7.94,CLEAR,15.3,0.3761,0
72.2,13.4,3.0,0,19.8,PASSENGER,1.22,14.38,CLEAR,12.1,0.3851,0
62.5,15.0,8.2,0,29.2,PASSENGER,9.6,22.25,CLEAR,17.7,0.2809,0
68.2,6.6,1.7,1,2.6,FREIGHT,34.98,7.93,FOG,19.9,0.7016,1
90.7,2.3,1.9,0,22.1,EXPRESS,31.34,1.64,FOG,7.2,0.2355,0
155.6,8.5,6.3,1,10.5,EXPRESS,30.91,20.98,RAIN,14.6,0.356,1
58.2,8.5,6.9,1,2.2,FREIGHT,33.17,6.57,CLEAR,20.2,0.7451,1
44.5,1.0,1.2,0,25.0,FREIGHT,7.87,23.73,CLEAR,13.7,0.1292,0
72.3,13.7,16.2,0,6.1,PASSENGER,39.17,20.16,CLEAR,21.7,0.255,0
60.5,7.0,0.4,0,7.6,PASSENGER,9.67,10.25,CLEAR,11.1,0.184,0
106.5,0.7,0.3,1,11.2,EXPRESS,6.42,15.08,CLEAR,8.3,0.4774,1
99.6,4.4,4.1,0,24.0,EXPRESS,12.14,6.66,CLEAR,8.1,0.1506,0
90.6,9.4,5.8,0,19.3,PASSENGER,21.45,2.02,CLEAR,11.4,0.0883,0
101.7,22.0,14.6,0,9.0,EXPRESS,5.42,12.62,CLEAR,26.4,0.3428,0
86.4,8.0,2.3,1,6.3,PASSENGER,29.68,10.19,CLEAR,14.0,0.4886,0
131.3,11.1,0.1,1,4.6,EXPRESS,15.18,23.28,CLEAR,16.2,0.5834,0
43.4,8.1,4.2,1,5.8,FREIGHT,22.95,14.34,CLEAR,19.7,0.6696,1
31.6,3.1,1.5,0,26.2,FREIGHT,29.5,17.93,FOG,14.0,0.2133,0
61.9,12.1,2.6,0,27.8,PASSENGER,36.12,3.25,STORM,21.8,0.1707,0
61.3,5.2,3.0,0,29.1,PASSENGER,32.86,17.37,CLEAR,10.1,0.0981,0
141.7,1.5,0.3,0,25.3,EXPRESS,21.73,1.35,STORM,9.4,0.1138,1
44.3,5.6,3.0,0,26.8,FREIGHT,39.65,14.71,CLEAR,10.6,0.1322,0
99.8,8.0,2.5,0,24.8,PASSENGER,21.42,20.13,CLEAR,7.7,0.0743,0
120.2,11.9,5.6,0,28.8,EXPRESS,21.67,11.59,RAIN,12.9,0.1562,0
50.4,4.8,4.7,0,25.6,FREIGHT,6.76,5.16,RAIN,15.1,0.2466,0
53.1,2.7,0.9,1,14.7,FREIGHT,6.37,10.65,CLEAR,13.1,0.684,1
62.1,7.9,1.0,1,10.7,FREIGHT,7.16,20.19,RAIN,18.3,0.6505,1
73.7,1.5,1.3,1,18.2,PASSENGER,23.88,17.15,RAIN,10.7,0.543,1
66.1,5.4,0.9,0,18.8,PASSENGER,16.9,14.53,STORM,14.1,0.1717,0
87.8,6.5,4.8,0,17.9,PASSENGER,15.74,16.65,FOG,14.7,0.2123,0
44.7,20.8,23.4,0,21.6,FREIGHT,5.54,20.02,STORM,34.2,0.6587,1
49.9,5.3,4.8,1,21.4,FREIGHT,15.55,3.64,CLEAR,16.5,0.4899,1
135.3,5.9,4.2,1,4.0,EXPRESS,15.43,20.21,RAIN,11.5,0.6281,1
124.6,6.4,2.4,1,9.6,EXPRESS,25.02,19.36,STORM,18.1,0.5955,1
133.4,9.6,1.7,0,26.9,EXPRESS,15.84,11.46,CLEAR,10.2,0.1033,0
54.5,15.8,10.9,0,18.3,FREIGHT,17.04,9.67,RAIN,21.0,0.1941,0
63.3,17.6,15.6,0,10.9,FREIGHT,11.27,22.38,CLEAR,21.7,0.291,0
139.4,6.1,3.1,0,25.7,EXPRESS,5.69,19.67,STORM,8.4,0.1869,0
86.7,2.3,1.5,1,8.6,PASSENGER,12.35,23.73,CLEAR,12.6,0.5055,0
137.5,9.1,6.6,0,13.2,EXPRESS,2.19,15.4,CLEAR,6.5,0.2761,0
69.3,4.0,0.6,1,9.4,FREIGHT,8.55,0.76,CLEAR,12.4,0.4365,1
49.5,6.9,6.5,0,26.3,FREIGHT,13.34,3.69,CLEAR,11.2,0.1948,0
48.6,9.2,7.7,0,22.3,FREIGHT,6.25,19.69,RAIN,20.4,0.2977,0
98.2,15.3,0.6,0,14.6,PASSENGER,26.77,15.34,CLEAR,14.5,0.2163,0
89.1,18.0,16.9,0,28.1,PASSENGER,11.59,4.75,CLEAR,24.8,0.2489,0
95.0,18.9,19.1,0,27.9,EXPRESS,24.81,0.29,CLEAR,22.2,0.2667,0
152.4,14.1,12.4,0,21.8,EXPRESS,25.93,6.31,RAIN,12.8,0.2418,0
31.4,3.2,3.1,0,26.9,FREIGHT,18.17,3.3,CLEAR,12.4,0.1207,0
63.7,3.1,1.3,0,22.0,FREIGHT,18.24,21.03,FOG,10.8,0.1544,0
64.1,4.7,3.9,0,19.4,FREIGHT,23.47,21.19,CLEAR,12.6,0.0892,0
72.9,2.6,2.5,0,13.5,FREIGHT,10.87,20.22,CLEAR,6.8,0.1294,0
62.7,2.4,1.0,1,9.3,PASSENGER,1.34,2.27,CLEAR,11.4,0.834,1
89.8,6.0,2.5,1,3.2,PASSENGER,25.98,3.24,RAIN,15.8,0.5972,0
49.3,4.0,4.9,0,24.3,FREIGHT,24.54,3.25,CLEAR,12.9,0.1434,0
44.9,0.4,0.3,1,5.0,FREIGHT,19.32,6.2,RAIN,14.7,0.5866,1
96.3,1.8,1.8,0,13.2,EXPRESS,35.09,1.75,RAIN,4.5,0.0891,0
88.1,1.0,0.1,1,8.2,PASSENGER,20.59,23.56,CLEAR,6.2,0.5414,0
123.5,5.8,6.2,0,14.5,EXPRESS,12.49,20.52,CLEAR,7.0,0.1591,0
34.7,8.1,4.6,1,10.5,FREIGHT,28.68,1.66,CLEAR,18.2,0.7122,1
90.6,2.2,0.3,0,25.1,PASSENGER,38.51,3.45,STORM,6.6,0.1257,0
141.7,19.7,15.1,0,29.4,EXPRESS,29.61,6.3,CLEAR,20.5,0.2545,1
98.4,5.5,0.1,0,28.3,PASSENGER,36.4,18.6,RAIN,5.8,0.0867,0
105.3,6.9,4.0,0,19.2,PASSENGER,4.95,17.14,RAIN,6.3,0.2169,0
118.7,6.5,6.7,0,29.4,EXPRESS,5.28,15.13,CLEAR,7.0,0.118,0
156.7,7.0,7.0,1,12.9,EXPRESS,6.61,21.89,CLEAR,9.1,0.5755,1
103.3,11.1,0.2,0,16.4,PASSENGER,28.26,0.87,RAIN,11.2,0.0983,0
74.8,19.4,10.7,1,8.8,PASSENGER,15.89,3.87,RAIN,29.8,0.7897,0
68.0,15.2,11.3,0,27.1,PASSENGER,19.37,4.56,FOG,22.1,0.3785,1
81.8,4.2,3.7,0,6.6,PASSENGER,10.85,1.43,FOG,16.2,0.2726,0
48.1,5.9,3.0,0,18.9,FREIGHT,29.58,14.84,CLEAR,11.5,0.2084,0
88.8,2.2,0.2,0,24.3,PASSENGER,33.89,5.03,CLEAR,2.3,0.0617,0
89.2,5.9,3.7,1,18.5,PASSENGER,6.83,11.58,CLEAR,13.8,0.7808,1
63.7,4.0,2.4,1,3.7,FREIGHT,8.11,16.45,STORM,21.5,0.848,1
85.5,7.5,6.7,0,18.9,PASSENGER,13.91,14.29,STORM,15.8,0.2778,0
97.3,3.0,2.3,0,23.4,EXPRESS,11.57,6.96,RAIN,3.4,0.1156,0
150.1,8.6,5.2,1,6.9,EXPRESS,21.5,9.94,STORM,20.4,0.5804,1
75.5,8.5,0.5,0,22.5,PASSENGER,30.23,8.16,CLEAR,8.8,0.0902,0
108.6,1.0,0.6,0,26.5,PASSENGER,31.83,20.46,RAIN,5.5,0.0684,0
65.9,4.3,0.7,0,29.6,PASSENGER,8.73,10.08,CLEAR,10.9,0.1088,0
157.1,1.9,0.2,1,13.2,EXPRESS,7.44,1.48,RAIN,4.8,0.469,0
96.4,4.4,3.5,1,2.2,EXPRESS,14.87,14.86,RAIN,17.8,0.721,1
106.2,14.2,7.1,0,13.4,EXPRESS,6.34,4.74,RAIN,18.7,0.2638,0
93.3,5.5,4.2,1,20.3,EXPRESS,4.13,8.13,CLEAR,10.5,0.6317,1
95.3,6.4,3.9,0,26.9,PASSENGER,10.08,7.86,STORM,17.0,0.1784,0
149.5,8.3,5.1,0,28.2,EXPRESS,16.06,1.74,CLEAR,6.7,0.0983,0
81.7,1.6,1.9,0,27.4,PASSENGER,23.72,22.82,RAIN,2.3,0.1449,0
71.8,4.8,2.0,0,20.3,FREIGHT,29.07,13.13,RAIN,10.7,0.1014,1
131.3,3.6,1.7,0,21.0,EXPRESS,9.3,3.75,CLEAR,1.8,0.118,0
91.5,6.7,5.6,1,1.6,PASSENGER,32.84,13.34,CLEAR,19.2,0.7648,1
102.3,3.6,0.8,1,11.9,PASSENGER,1.83,10.84,CLEAR,8.7,0.577,1
110.8,0.1,0.1,0,27.3,EXPRESS,18.04,8.28,CLEAR,0.0,0.1409,0
77.7,3.7,4.1,0,21.2,PASSENGER,25.51,11.34,CLEAR,5.7,0.1441,0
70.8,17.6,12.8,0,14.8,FREIGHT,12.0,16.07,RAIN,24.1,0.4722,1
70.5,5.0,4.2,0,4.5,FREIGHT,27.51,4.79,CLEAR,12.1,0.195,1
158.4,8.3,6.9,1,8.5,EXPRESS,34.75,12.91,RAIN,12.5,0.5953,1
70.6,12.5,5.0,0,17.3,FREIGHT,4.03,19.51,CLEAR,15.6,0.2751,0
66.4,4.2,3.1,0,27.1,PASSENGER,20.75,5.34,CLEAR,9.0,0.0896,0
147.7,8.0,5.7,1,4.2,EXPRESS,1.24,12.37,RAIN,16.0,0.8603,1
80.5,10.0,7.8,0,5.9,PASSENGER,11.54,23.18,STORM,18.2,0.4757,1
74.6,3.2,1.1,1,20.2,FREIGHT,5.91,19.21,CLEAR,8.9,0.5309,1
83.6,5.0,1.8,1,9.9,PASSENGER,25.16,14.23,RAIN,12.1,0.5695,1
128.8,3.0,1.1,1,6.3,EXPRESS,10.32,17.98,CLEAR,4.8,0.5652,0
86.5,3.9,2.7,1,6.6,PASSENGER,11.65,12.62,RAIN,11.9,0.5844,1
112.5,9.9,9.7,0,15.5,EXPRESS,8.62,23.68,FOG,16.9,0.2775,0
95.3,6.3,1.9,0,18.1,EXPRESS,10.13,4.06,FOG,7.8,0.1474,0
152.7,3.1,2.1,0,27.3,EXPRESS,9.39,17.27,FOG,3.3,0.3098,0
146.2,16.2,8.9,0,16.6,EXPRESS,28.07,0.14,CLEAR,15.4,0.092,0
99.8,7.9,3.3,1,21.2,EXPRESS,38.25,3.02,RAIN,15.5,0.4905,1
144.4,2.9,3.5,1,6.6,EXPRESS,19.86,17.32,CLEAR,8.9,0.5928,0
91.3,8.2,8.9,0,21.8,PASSENGER,24.22,18.22,RAIN,11.8,0.0909,0
118.6,3.6,3.0,1,20.0,EXPRESS,32.82,0.95,CLEAR,7.8,0.464,1
107.8,8.8,5.1,1,7.7,EXPRESS,19.31,8.01,CLEAR,14.4,0.5653,0
68.7,5.5,0.4,0,20.6,FREIGHT,12.43,2.84,CLEAR,10.4,0.1081,0
95.0,1.1,0.9,1,7.5,PASSENGER,38.06,21.36,FOG,17.3,0.6461,1
87.4,3.3,2.3,0,18.4,PASSENGER,36.29,10.89,CLEAR,6.4,0.0915,0
132.7,5.1,3.1,0,20.6,EXPRESS,9.2,10.62,RAIN,5.4,0.093,0
96.4,14.1,15.2,0,21.3,EXPRESS,28.27,19.77,RAIN,16.9,0.28,1
123.2,14.0,15.9,0,27.4,EXPRESS,26.06,16.69,CLEAR,18.7,0.1906,0
103.6,10.5,8.6,0,28.5,EXPRESS,26.16,22.14,RAIN,13.0,0.0991,0
104.6,3.3,1.7,0,24.6,EXPRESS,33.31,22.53,RAIN,5.0,0.0733,0
136.3,19.8,15.0,0,26.5,EXPRESS,27.13,7.52,CLEAR,18.5,0.2105,0
153.8,6.2,5.3,1,2.1,EXPRESS,20.96,15.56,FOG,18.6,0.8029,1
118.3,2.9,2.2,1,11.8,EXPRESS,33.92,13.0,CLEAR,7.2,0.4409,0
70.4,6.8,5.4,1,2.6,PASSENGER,10.96,14.3,CLEAR,18.5,0.7998,1
135.4,2.5,0.1,1,7.9,EXPRESS,27.33,15.01,CLEAR,1.6,0.4567,0
151.0,2.5,0.7,1,12.4,EXPRESS,28.21,1.44,CLEAR,7.0,0.3655,1
97.4,8.3,8.0,1,26.2,PASSENGER,34.88,21.48,STORM,20.3,0.6879,0
103.4,3.7,4.7,1,16.1,PASSENGER,39.93,3.37,CLEAR,12.3,0.5384,0
127.6,3.0,2.0,0,20.0,EXPRESS,22.52,10.19,CLEAR,4.1,0.0745,0
97.6,2.8,3.1,1,11.8,PASSENGER,19.63,7.01,RAIN,11.9,0.4284,1
67.0,10.5,10.6,0,18.7,PASSENGER,24.23,13.29,CLEAR,14.9,0.1787,0
114.4,6.1,4.5,0,24.7,EXPRESS,26.52,23.08,CLEAR,7.1,0.0722,0
47.5,4.6,2.3,1,10.1,FREIGHT,28.66,9.9,CLEAR,12.9,0.7008,1
53.0,1.9,0.6,0,28.1,FREIGHT,11.61,14.48,CLEAR,7.9,0.15,0
155.0,4.0,1.6,1,7.6,EXPRESS,19.74,3.39,RAIN,9.3,0.5014,0
151.2,19.2,17.2,0,27.7,EXPRESS,15.15,11.11,CLEAR,17.8,0.2595,1
36.1,3.8,2.6,1,2.3,FREIGHT,2.03,21.98,CLEAR,18.6,0.8913,1
68.6,2.6,2.9,0,17.0,PASSENGER,24.58,22.38,RAIN,7.8,0.1761,0
115.0,3.3,3.1,0,29.6,EXPRESS,35.06,13.11,CLEAR,3.8,0.0464,0
110.4,8.4,9.7,0,18.9,EXPRESS,36.9,18.45,RAIN,9.7,0.15,0
133.0,6.8,4.2,0,17.3,EXPRESS,20.94,0.08,STORM,10.6,0.1249,0
105.1,4.4,5.3,0,21.0,PASSENGER,30.75,12.76,FOG,13.6,0.1431,1
108.1,3.4,2.2,0,9.7,PASSENGER,28.64,17.58,RAIN,6.9,0.0577,0
135.8,6.6,0.1,1,3.0,EXPRESS,9.54,7.92,CLEAR,12.7,0.6716,1
101.9,13.0,12.0,0,8.7,PASSENGER,2.98,21.63,RAIN,17.4,0.5181,1
86.3,20.9,13.4,1,6.5,PASSENGER,30.04,18.71,CLEAR,29.2,0.754,0
104.6,22.2,13.4,0,27.8,EXPRESS,11.67,18.47,STORM,28.9,0.2732,0
126.7,17.8,12.9,0,25.8,EXPRESS,22.2,0.51,RAIN,18.6,0.2629,0
87.8,14.5,7.6,1,10.6,PASSENGER,21.2,4.41,CLEAR,23.0,0.6469,1
63.4,5.9,5.2,0,25.3,FREIGHT,32.81,17.13,CLEAR,9.5,0.1554,0
71.0,7.0,8.4,1,7.5,PASSENGER,25.96,13.48,CLEAR,14.3,0.7107,1
78.4,4.8,4.1,1,7.2,PASSENGER,33.96,13.88,CLEAR,14.4,0.6416,1
115.5,1.0,0.6,0,23.4,EXPRESS,30.21,0.36,RAIN,5.5,0.0775,0
108.0,3.9,2.2,1,10.8,PASSENGER,39.99,10.61,CLEAR,8.8,0.6292,1
82.2,25.0,16.0,1,3.3,PASSENGER,34.62,18.87,CLEAR,36.2,0.8984,1
142.9,2.4,1.9,0,22.0,EXPRESS,8.84,15.93,CLEAR,2.4,0.0689,0
142.6,7.7,9.1,0,29.7,EXPRESS,38.47,13.74,CLEAR,10.0,0.0868,0
108.6,3.7,0.4,0,17.6,EXPRESS,13.94,16.72,CLEAR,8.4,0.1327,0
130.0,2.6,1.8,0,9.0,EXPRESS,24.51,20.42,CLEAR,4.0,0.1071,0
152.6,2.7,1.9,0,12.1,EXPRESS,37.68,20.39,CLEAR,0.6,0.0605,0
123.3,1.3,0.2,0,20.0,EXPRESS,8.96,10.94,RAIN,0.0,0.0842,0
156.2,6.3,0.6,0,21.5,EXPRESS,34.36,7.39,STORM,10.5,0.1318,0
105.0,3.3,1.0,0,26.8,EXPRESS,38.15,8.79,CLEAR,6.8,0.0992,0
33.3,9.9,8.2,0,27.4,FREIGHT,34.22,12.51,CLEAR,16.8,0.1911,0
104.6,0.7,0.3,0,26.0,PASSENGER,32.86,2.14,RAIN,4.5,0.1173,0
102.4,9.5,1.6,0,20.0,PASSENGER,10.95,14.18,CLEAR,8.2,0.1385,0
109.6,1.2,0.0,1,14.3,PASSENGER,16.58,10.88,CLEAR,5.8,0.5509,1
94.0,7.7,5.4,0,20.9,PASSENGER,30.53,18.21,RAIN,9.0,0.0901,0
155.6,12.6,4.4,0,20.5,EXPRESS,5.17,6.57,RAIN,11.3,0.2873,0
101.3,7.0,4.7,1,7.7,PASSENGER,35.59,1.59,RAIN,14.8,0.6883,0
102.2,4.1,2.1,1,16.0,PASSENGER,8.81,21.47,FOG,15.9,0.6066,1
88.5,1.3,1.1,1,7.4,PASSENGER,22.81,1.63,CLEAR,10.1,0.4395,0
79.1,6.6,5.7,0,27.1,PASSENGER,4.65,22.25,CLEAR,11.1,0.2387,1
155.4,11.9,7.5,1,10.7,EXPRESS,7.82,11.94,STORM,19.7,0.7371,1
120.2,1.1,0.7,0,24.5,EXPRESS,23.63,1.35,FOG,7.6,0.0934,1
127.7,10.0,3.0,1,12.3,EXPRESS,25.57,3.02,CLEAR,16.7,0.5891,0
82.3,4.8,1.3,0,23.3,PASSENGER,11.16,12.79,CLEAR,7.4,0.0731,0
88.2,2.3,0.8,0,7.8,PASSENGER,5.2,0.38,RAIN,8.0,0.1449,0
122.9,10.0,6.0,0,23.3,EXPRESS,22.21,21.96,CLEAR,12.7,0.09,0
32.2,3.1,3.5,0,6.6,FREIGHT,33.71,19.11,FOG,12.4,0.1452,1
104.1,2.1,1.1,0,15.5,PASSENGER,8.46,12.11,CLEAR,4.5,0.1805,0
121.1,3.1,1.7,1,4.7,EXPRESS,27.82,22.23,CLEAR,8.6,0.4654,0
131.2,18.4,15.3,0,16.5,EXPRESS,15.74,6.23,CLEAR,21.3,0.269,0
99.7,18.0,8.5,0,24.9,EXPRESS,37.75,20.48,CLEAR,20.1,0.3152,0
90.2,8.8,9.5,0,23.0,EXPRESS,3.76,19.32,CLEAR,8.7,0.1774,0
107.2,4.5,2.8,1,2.9,EXPRESS,2.08,13.96,CLEAR,12.0,0.7369,1
139.3,4.3,4.4,1,15.5,EXPRESS,5.41,7.65,FOG,13.9,0.767,1
96.9,5.8,2.1,1,25.8,EXPRESS,31.41,13.4,CLEAR,13.9,0.3975,0
153.6,2.8,0.4,0,20.0,EXPRESS,36.95,22.97,STORM,3.7,0.1015,0
39.7,4.1,2.3,1,3.2,FREIGHT,32.99,2.03,RAIN,17.1,0.6875,1
104.3,11.8,4.1,1,10.8,EXPRESS,28.85,4.82,FOG,20.6,0.6822,0
69.1,8.0,1.5,0,17.4,PASSENGER,2.77,15.45,CLEAR,11.6,0.1312,0
60.7,10.4,8.5,1,6.4,PASSENGER,8.95,16.28,CLEAR,20.7,0.7716,1
64.7,8.4,0.7,0,20.9,FREIGHT,37.45,3.95,CLEAR,11.4,0.1335,0
151.3,5.2,2.1,0,19.6,EXPRESS,25.1,19.35,CLEAR,1.7,0.1098,0
133.0,5.9,0.6,1,7.3,EXPRESS,19.0,22.28,CLEAR,14.4,0.5872,0
38.5,3.8,2.3,0,17.2,FREIGHT,26.27,1.91,FOG,13.0,0.2008,0
42.8,0.5,0.2,0,24.6,FREIGHT,7.55,23.38,CLEAR,5.7,0.1119,0
51.4,17.1,1.4,0,12.2,FREIGHT,35.77,6.75,RAIN,23.6,0.2302,1
156.8,2.3,2.3,1,8.5,EXPRESS,26.42,7.41,STORM,10.4,0.5368,1
107.3,4.6,2.9,0,21.5,EXPRESS,19.11,1.08,CLEAR,4.1,0.0982,0
96.6,3.9,3.5,1,3.5,PASSENGER,18.57,11.94,CLEAR,12.4,0.5425,0
49.8,2.5,1.4,0,25.2,FREIGHT,32.98,22.91,CLEAR,8.3,0.1057,0
74.9,5.3,3.3,0,28.4,PASSENGER,12.66,3.86,CLEAR,10.0,0.098,0
82.8,6.8,3.2,0,29.0,PASSENGER,5.92,13.84,CLEAR,10.4,0.1093,0
95.0,18.8,1.7,1,13.8,EXPRESS,7.83,6.59,CLEAR,21.5,0.7774,1
99.9,5.9,8.0,1,19.3,PASSENGER,3.7,0.45,RAIN,15.9,0.7539,1
107.0,8.5,3.5,0,25.9,EXPRESS,20.56,23.69,CLEAR,11.1,0.111,0
140.8,2.0,1.8,1,7.9,EXPRESS,27.25,17.19,CLEAR,3.9,0.3117,0
63.4,12.4,13.2,1,2.3,PASSENGER,37.39,17.65,STORM,29.7,0.8569,1
107.8,9.7,8.4,0,12.5,PASSENGER,30.16,15.91,RAIN,12.8,0.1523,0
103.5,24.7,18.2,0,26.7,EXPRESS,23.53,3.45,CLEAR,26.8,0.3335,1
151.8,6.7,5.3,0,15.9,EXPRESS,34.63,4.96,CLEAR,5.3,0.1135,0
100.5,3.1,2.1,0,16.6,PASSENGER,35.74,9.26,RAIN,6.6,0.1029,0
157.8,2.4,1.5,1,21.2,EXPRESS,28.64,23.89,RAIN,2.9,0.4441,1
83.9,11.1,4.9,0,17.9,PASSENGER,2.72,16.14,CLEAR,15.9,0.242,1
140.9,14.1,17.8,1,3.1,EXPRESS,12.02,10.62,RAIN,20.7,0.7945,1
78.5,6.5,4.4,0,17.5,PASSENGER,13.78,11.63,CLEAR,13.0,0.2016,0
69.2,18.4,9.6,1,20.0,PASSENGER,39.9,22.13,CLEAR,28.9,0.78,1
121.0,4.7,1.8,0,19.8,EXPRESS,18.83,4.71,RAIN,4.0,0.1209,0
101.6,10.9,2.4,0,22.3,EXPRESS,30.59,7.7,CLEAR,12.4,0.0815,0
158.7,16.6,10.7,0,16.3,EXPRESS,32.64,8.9,RAIN,18.0,0.1368,0
96.7,10.1,6.4,0,27.2,EXPRESS,26.3,21.54,CLEAR,13.3,0.1251,0
56.5,25.0,17.9,1,14.7,FREIGHT,1.22,18.64,RAIN,33.2,0.959,1
133.9,6.1,6.7,0,16.3,EXPRESS,1.26,14.18,CLEAR,5.9,0.2544,1
54.2,16.8,2.7,1,23.7,FREIGHT,32.84,7.55,CLEAR,26.7,0.6831,1
136.4,4.5,3.4,0,25.2,EXPRESS,29.7,4.85,STORM,12.4,0.0759,0
65.8,14.6,10.4,0,20.0,PASSENGER,21.68,7.94,CLEAR,19.0,0.1956,0
87.8,5.8,3.6,1,5.1,PASSENGER,10.33,22.31,RAIN,12.7,0.6985,0
74.4,2.1,1.3,1,11.0,PASSENGER,3.93,21.85,FOG,18.4,0.724,1
107.0,3.1,2.6,1,2.1,PASSENGER,6.99,10.13,FOG,15.3,0.6476,1
98.1,5.2,3.3,1,9.9,PASSENGER,23.42,7.81,FOG,18.2,0.4423,1
158.1,1.4,0.5,0,17.8,EXPRESS,22.06,21.23,STORM,3.8,0.1071,0
31.7,7.6,6.1,0,24.4,FREIGHT,37.68,10.71,CLEAR,16.2,0.1512,1
42.8,1.2,0.5,0,18.2,FREIGHT,38.31,0.93,CLEAR,6.5,0.0699,0
38.8,3.0,2.3,1,2.6,FREIGHT,23.25,8.3,CLEAR,15.9,0.5522,1
90.8,11.4,7.3,1,8.9,EXPRESS,33.74,14.58,CLEAR,22.7,0.556,0
72.1,4.7,2.8,0,18.0,PASSENGER,32.58,22.67,RAIN,12.3,0.1131,0
60.5,8.9,8.3,0,21.7,FREIGHT,30.22,10.19,CLEAR,14.4,0.1397,0
106.2,3.9,1.9,0,26.2,EXPRESS,17.77,5.76,CLEAR,7.0,0.0585,0
125.6,18.2,14.2,0,29.1,EXPRESS,15.88,9.23,RAIN,18.3,0.1803,0
104.4,3.8,1.1,0,26.9,PASSENGER,10.93,1.37,CLEAR,5.1,0.0824,0
94.7,11.3,0.2,0,14.8,PASSENGER,37.52,21.57,CLEAR,12.5,0.0911,0
47.8,8.2,9.3,0,22.8,FREIGHT,33.46,0.8,RAIN,15.0,0.2032,0
116.1,12.1,6.3,1,8.4,EXPRESS,7.5,0.02,RAIN,17.2,0.748,1
82.8,3.0,1.2,1,3.3,PASSENGER,10.47,14.74,CLEAR,9.1,0.6657,0
102.4,15.6,18.8,1,3.1,EXPRESS,23.46,3.7,CLEAR,23.8,0.7555,1
134.4,5.4,3.1,0,8.4,EXPRESS,16.84,7.11,CLEAR,8.8,0.1191,0
115.5,12.5,13.6,1,2.6,EXPRESS,8.95,11.78,CLEAR,17.9,0.8292,1
68.4,3.6,3.2,0,25.7,FREIGHT,31.75,19.01,CLEAR,8.1,0.153,1
97.8,6.3,2.9,0,15.5,PASSENGER,0.56,9.3,CLEAR,8.6,0.743,0
90.5,2.8,2.7,0,24.6,PASSENGER,14.06,22.97,CLEAR,5.2,0.1353,0
115.5,4.8,1.8,0,28.3,EXPRESS,37.21,10.88,CLEAR,6.9,0.07,0
39.4,7.6,3.4,0,29.8,FREIGHT,30.55,22.08,CLEAR,13.4,0.1186,1
144.3,4.4,2.7,0,28.2,EXPRESS,16.35,10.86,CLEAR,4.6,0.0789,0
51.9,0.9,0.2,1,21.9,FREIGHT,37.18,12.39,CLEAR,12.3,0.4214,1
71.2,1.9,1.4,0,14.1,PASSENGER,36.08,22.99,CLEAR,3.8,0.1694,0
103.7,1.4,1.1,1,18.5,EXPRESS,2.58,16.2,CLEAR,10.1,0.6963,1
68.3,7.7,9.1,0,24.8,PASSENGER,5.55,3.58,FOG,15.3,0.2847,0
144.4,5.4,4.1,0,27.1,EXPRESS,15.8,14.37,STORM,5.7,0.1924,0
71.4,6.6,6.5,0,28.8,PASSENGER,37.21,5.41,CLEAR,12.1,0.1759,0
86.3,12.7,14.1,0,22.3,PASSENGER,33.85,7.43,STORM,21.7,0.321,0
121.6,6.0,4.6,0,16.9,EXPRESS,2.39,20.12,CLEAR,9.7,0.1959,0
56.1,39.1,18.2,0,29.1,FREIGHT,20.74,16.37,RAIN,46.0,0.63,1
151.4,15.6,1.7,0,28.8,EXPRESS,28.95,6.89,RAIN,11.1,0.1774,0
103.4,1.3,0.9,1,15.1,PASSENGER,11.4,0.11,CLEAR,9.7,0.3657,0
50.3,3.5,2.3,0,20.0,FREIGHT,29.04,12.75,CLEAR,8.1,0.2252,1
60.8,4.3,2.9,0,24.6,PASSENGER,15.1,6.0,CLEAR,6.1,0.0938,0
119.9,7.9,10.2,0,13.8,EXPRESS,11.33,0.68,RAIN,9.7,0.2517,0
57.3,5.5,3.7,0,25.1,FREIGHT,16.01,1.52,FOG,11.2,0.1573,1
87.9,3.1,1.6,1,4.7,PASSENGER,38.06,16.16,CLEAR,11.9,0.6389,0
135.6,7.5,6.1,0,15.2,EXPRESS,36.26,9.94,RAIN,12.3,0.1231,0
100.8,8.4,3.2,1,15.3,EXPRESS,36.6,6.3,CLEAR,14.6,0.4026,0
92.3,6.3,0.8,0,21.0,PASSENGER,36.74,21.11,FOG,12.1,0.1716,0
69.1,17.8,3.9,1,4.8,PASSENGER,7.54,19.8,FOG,27.4,0.8983,0
97.5,14.8,10.9,1,4.4,PASSENGER,35.89,11.19,RAIN,23.5,0.7638,1
45.3,14.8,8.3,0,27.2,FREIGHT,8.88,6.61,RAIN,23.2,0.3433,0
95.5,5.3,4.0,1,10.2,PASSENGER,33.61,12.17,RAIN,14.1,0.4968,1
93.4,5.4,2.1,1,10.8,EXPRESS,21.91,18.07,CLEAR,11.1,0.522,1
118.6,7.1,0.4,0,23.6,EXPRESS,9.98,0.26,FOG,11.6,0.1926,1
139.4,12.0,2.9,1,13.3,EXPRESS,16.24,14.7,CLEAR,14.7,0.6075,1
71.3,8.4,6.3,0,25.2,PASSENGER,17.62,17.04,CLEAR,16.8,0.1587,0
145.7,3.6,2.0,1,12.9,EXPRESS,29.46,19.6,CLEAR,8.0,0.534,1
91.5,3.5,1.2,1,23.2,PASSENGER,24.44,5.2,CLEAR,8.1,0.6019,0
89.4,14.2,12.1,0,16.5,PASSENGER,32.76,4.88,CLEAR,17.8,0.2503,1
45.9,11.9,7.8,0,28.2,FREIGHT,16.17,5.18,RAIN,17.0,0.2434,1
123.8,7.1,4.6,1,10.8,EXPRESS,29.87,22.35,CLEAR,16.0,0.525,1
56.9,2.1,0.7,1,11.8,FREIGHT,31.82,3.38,RAIN,11.8,0.5575,0
123.1,2.2,0.7,0,29.1,EXPRESS,2.99,18.35,CLEAR,4.3,0.0886,0
61.4,0.7,0.5,0,22.5,FREIGHT,15.34,23.68,RAIN,9.2,0.113,0
120.4,11.7,4.3,0,23.5,EXPRESS,35.5,22.71,CLEAR,9.8,0.0833,1
104.2,0.8,0.6,1,9.9,EXPRESS,28.35,9.84,RAIN,9.7,0.4415,1
70.7,10.7,8.3,0,16.7,PASSENGER,17.03,20.14,CLEAR,15.8,0.2054,0
90.4,29.0,22.3,1,10.4,EXPRESS,7.73,16.08,CLEAR,38.6,0.8754,1
111.1,3.3,2.1,1,8.9,EXPRESS,4.32,20.84,CLEAR,9.9,0.7106,0
97.4,7.9,2.7,0,16.8,PASSENGER,9.56,3.87,CLEAR,8.3,0.1253,0
99.7,11.8,5.6,0,29.7,PASSENGER,10.17,18.36,CLEAR,14.2,0.2124,0
70.1,11.0,12.5,1,7.6,PASSENGER,15.14,14.08,CLEAR,22.7,0.6932,0
108.0,9.8,10.1,1,8.4,PASSENGER,7.49,12.96,CLEAR,15.1,0.6739,0
85.1,3.9,0.3,1,8.4,PASSENGER,6.27,17.49,CLEAR,7.2,0.6732,1
154.2,2.3,0.8,0,24.1,EXPRESS,33.84,6.55,RAIN,2.5,0.0727,0
139.5,6.9,6.3,0,16.0,EXPRESS,10.36,1.79,CLEAR,6.9,0.1349,0
140.6,8.4,5.3,1,12.5,EXPRESS,22.68,12.05,CLEAR,12.7,0.5022,1
33.8,1.0,0.6,0,25.5,FREIGHT,8.37,7.25,CLEAR,10.9,0.0685,0
71.0,4.1,3.1,0,10.0,PASSENGER,19.92,6.15,CLEAR,10.7,0.0961,0
60.4,8.9,6.8,1,12.7,PASSENGER,11.43,23.96,CLEAR,21.5,0.7601,1
95.8,1.4,1.1,1,3.6,PASSENGER,3.93,4.75,CLEAR,11.9,0.6985,1
45.5,13.6,9.2,1,4.9,FREIGHT,39.3,5.65,CLEAR,26.0,0.821,1
145.1,2.7,0.2,1,5.4,EXPRESS,18.58,8.01,CLEAR,4.1,0.5732,1
76.9,8.7,6.9,0,11.4,PASSENGER,16.03,11.93,FOG,19.1,0.2468,1
101.0,8.5,4.3,1,16.4,PASSENGER,8.37,20.86,CLEAR,14.3,0.7183,0
66.5,2.7,1.7,1,1.5,PASSENGER,20.07,4.23,FOG,18.2,0.7881,1
102.1,14.1,5.7,1,6.9,EXPRESS,25.59,14.78,FOG,24.7,0.8217,1
45.3,10.0,6.9,1,6.5,FREIGHT,12.53,8.84,FOG,21.1,0.8274,1
48.4,10.2,12.2,1,8.7,FREIGHT,19.48,19.13,RAIN,22.4,0.7822,1
77.4,6.6,2.1,1,6.2,PASSENGER,9.86,14.45,FOG,17.2,0.5261,0
98.2,7.5,5.2,1,7.1,PASSENGER,21.34,19.08,STORM,19.2,0.7443,1
34.4,6.3,4.2,0,29.5,FREIGHT,31.59,20.52,CLEAR,17.2,0.2032,0
77.6,5.2,3.4,1,18.4,PASSENGER,2.88,21.89,FOG,16.4,0.7669,1
148.6,7.6,9.9,0,23.2,EXPRESS,20.95,23.9,FOG,8.3,0.2198,0
63.3,1.3,0.0,0,24.9,PASSENGER,16.27,14.85,CLEAR,5.9,0.1335,0
107.1,1.6,1.5,0,20.5,PASSENGER,3.42,15.3,CLEAR,4.9,0.1195,0
109.3,6.5,3.5,0,21.6,PASSENGER,37.65,3.37,CLEAR,3.7,0.0989,0
64.4,7.6,0.9,0,19.5,PASSENGER,10.76,2.52,CLEAR,11.8,0.1219,0
43.1,16.3,10.7,0,20.0,FREIGHT,22.8,11.7,CLEAR,21.7,0.2286,0
46.8,3.4,4.7,0,28.0,FREIGHT,15.22,16.65,CLEAR,10.6,0.1319,0
98.8,9.7,2.9,1,6.8,PASSENGER,11.21,5.96,CLEAR,14.1,0.6464,1
131.7,9.9,7.6,1,9.3,EXPRESS,21.32,7.85,CLEAR,14.2,0.4151,0
59.0,3.7,2.7,1,4.2,FREIGHT,27.72,16.8,CLEAR,14.9,0.6137,1
64.1,8.8,3.7,0,25.4,FREIGHT,31.53,5.08,RAIN,12.0,0.1634,0
98.3,1.2,0.0,1,14.3,EXPRESS,25.54,12.51,RAIN,13.2,0.4753,1
67.5,2.6,2.0,0,27.4,FREIGHT,21.29,12.93,CLEAR,8.0,0.0911,0
61.8,1.4,0.7,0,13.2,FREIGHT,31.2,22.01,CLEAR,8.6,0.0669,0
88.9,6.2,5.3,0,14.1,PASSENGER,20.94,9.65,RAIN,10.3,0.0885,0
104.5,3.6,2.9,1,14.3,PASSENGER,38.98,5.05,CLEAR,10.5,0.4182,1
139.0,6.4,1.6,1,19.0,EXPRESS,21.31,4.17,STORM,12.3,0.4573,0
104.1,5.0,2.8,0,23.3,EXPRESS,13.03,7.04,CLEAR,5.2,0.0981,1
120.1,2.7,1.1,0,11.5,EXPRESS,18.13,6.69,CLEAR,1.5,0.0653,0
52.2,9.7,11.7,0,19.5,FREIGHT,19.85,18.0,CLEAR,17.1,0.1998,0
93.9,5.3,0.2,1,7.3,EXPRESS,11.7,14.25,CLEAR,15.8,0.5024,1
156.8,9.3,9.0,0,17.3,EXPRESS,6.77,16.38,CLEAR,9.1,0.0847,0
99.0,5.2,3.2,0,17.1,EXPRESS,17.54,15.13,CLEAR,10.9,0.0742,0
94.9,8.6,4.3,0,26.8,PASSENGER,35.93,11.55,CLEAR,12.1,0.1165,0
52.8,1.7,1.6,0,27.0,FREIGHT,10.59,22.28,CLEAR,8.3,0.1402,0
91.8,14.8,15.3,0,15.4,EXPRESS,14.79,19.62,RAIN,18.2,0.2291,0
154.7,4.5,1.5,1,2.2,EXPRESS,30.43,5.06,RAIN,11.7,0.683,1
102.6,5.9,4.0,0,25.6,PASSENGER,3.75,10.17,CLEAR,6.6,0.1494,0
86.2,24.0,22.6,1,1.5,PASSENGER,33.09,6.91,FOG,41.8,0.9469,1
106.0,13.3,9.6,0,15.1,EXPRESS,28.95,17.9,CLEAR,12.3,0.1267,0
66.1,4.9,3.5,1,2.1,PASSENGER,22.22,8.27,CLEAR,17.3,0.721,0
115.4,41.1,20.9,0,11.5,EXPRESS,8.77,15.37,CLEAR,40.4,0.5242,1
107.9,5.3,5.4,0,19.6,EXPRESS,4.16,7.01,CLEAR,10.6,0.2268,1
85.3,2.0,1.1,0,12.1,PASSENGER,9.65,4.12,RAIN,4.9,0.0945,0
108.3,7.3,2.3,0,27.9,PASSENGER,30.58,0.22,CLEAR,10.3,0.1008,0
55.9,3.8,1.8,0,19.8,FREIGHT,37.37,23.87,RAIN,12.4,0.0851,0
152.3,4.1,1.9,0,19.9,EXPRESS,29.65,5.27,CLEAR,1.3,0.0727,0
92.5,7.9,6.4,0,12.2,PASSENGER,21.34,19.97,CLEAR,11.8,0.0952,0
83.8,6.4,3.9,1,2.6,PASSENGER,38.05,19.73,FOG,19.3,0.7054,0
149.8,2.9,0.2,0,22.5,EXPRESS,33.23,5.66,CLEAR,0.6,0.094,0
83.6,7.2,9.4,0,21.9,PASSENGER,26.41,9.98,FOG,15.9,0.1679,0
150.8,7.0,1.6,0,16.6,EXPRESS,2.0,20.07,CLEAR,9.5,0.2695,0
43.1,20.8,26.3,1,13.4,FREIGHT,11.87,16.56,STORM,41.7,0.9231,1
99.0,18.4,13.9,0,16.8,EXPRESS,12.67,8.88,STORM,26.7,0.4227,0
102.8,11.6,12.7,0,22.8,PASSENGER,14.22,22.78,RAIN,18.6,0.2404,1
131.1,12.2,7.5,0,21.8,EXPRESS,15.88,8.22,FOG,11.6,0.2281,0
70.0,3.5,1.1,0,20.3,FREIGHT,37.61,5.09,RAIN,8.4,0.14,0
106.9,7.2,3.4,0,27.3,PASSENGER,29.8,3.52,RAIN,9.8,0.1309,0
62.7,4.2,1.1,0,18.9,PASSENGER,27.83,16.83,RAIN,8.3,0.1017,0
125.1,1.7,1.4,1,1.9,EXPRESS,17.35,0.7,RAIN,10.4,0.5686,0
78.7,4.0,4.2,0,19.1,PASSENGER,13.83,20.3,RAIN,6.2,0.0983,0
133.8,2.4,0.2,0,19.0,EXPRESS,5.22,7.3,FOG,1.9,0.153,0
65.7,12.2,15.7,1,3.5,FREIGHT,18.41,8.88,RAIN,25.9,0.8723,1
109.6,13.9,11.3,1,13.7,EXPRESS,8.61,19.24,STORM,23.7,0.831,1
129.0,8.3,2.2,0,20.1,EXPRESS,15.94,19.54,CLEAR,8.1,0.0955,0
139.6,7.5,3.3,0,21.6,EXPRESS,6.68,9.6,FOG,9.5,0.145,1
66.7,3.6,2.8,0,27.0,PASSENGER,14.09,13.29,CLEAR,9.0,0.1072,0
100.7,14.6,9.6,0,25.5,PASSENGER,2.2,16.3,CLEAR,15.2,0.3834,0
132.4,8.4,5.3,1,4.8,EXPRESS,0.74,16.53,CLEAR,15.8,0.931,1
107.5,1.2,1.5,0,18.9,PASSENGER,34.86,12.82,CLEAR,3.8,0.0617,0
77.0,3.7,2.7,0,18.5,PASSENGER,25.83,20.26,RAIN,9.6,0.0844,0
65.4,2.9,2.5,1,10.2,PASSENGER,23.71,20.19,CLEAR,13.2,0.4624,0
85.3,11.4,14.4,1,6.7,PASSENGER,20.79,20.37,CLEAR,20.8,0.6586,0
64.3,1.5,0.9,0,7.2,PASSENGER,29.21,6.44,RAIN,11.3,0.1178,0
108.5,8.9,0.4,1,6.6,PASSENGER,29.58,6.17,CLEAR,16.8,0.4891,0
92.7,12.6,9.6,0,24.5,EXPRESS,37.44,3.36,CLEAR,14.5,0.1285,0
142.7,14.7,10.2,1,5.7,EXPRESS,10.15,19.83,CLEAR,19.2,0.7701,0
53.6,9.1,9.2,1,9.0,FREIGHT,31.52,1.46,CLEAR,19.6,0.7142,0
46.6,3.1,3.2,0,7.7,FREIGHT,39.65,3.25,CLEAR,15.3,0.2186,0
94.6,11.7,4.9,0,21.8,EXPRESS,1.65,22.23,RAIN,14.4,0.4008,0
133.6,5.4,3.7,1,6.0,EXPRESS,15.27,3.0,CLEAR,12.7,0.4327,0
89.3,7.1,0.3,1,2.2,PASSENGER,17.72,2.91,CLEAR,22.1,0.5762,1
74.0,4.9,4.1,1,12.2,PASSENGER,32.96,21.82,CLEAR,14.6,0.5422,1
153.7,7.6,0.1,1,10.2,EXPRESS,1.04,7.44,CLEAR,5.7,0.8405,1
111.3,3.2,1.8,1,12.8,EXPRESS,24.15,21.15,CLEAR,12.0,0.4397,1
82.5,12.7,12.1,0,23.0,PASSENGER,35.76,9.06,CLEAR,15.6,0.1193,0
87.2,4.8,1.6,1,1.9,PASSENGER,6.33,8.97,RAIN,15.8,0.7241,1
97.0,20.4,12.6,0,2.6,EXPRESS,5.07,3.24,CLEAR,28.5,0.564,1
155.3,1.7,1.3,1,8.8,EXPRESS,39.99,22.05,STORM,7.4,0.6527,1
116.2,14.8,1.7,0,26.8,EXPRESS,33.13,18.28,CLEAR,16.5,0.1389,0
64.0,9.3,4.5,1,6.3,PASSENGER,28.05,5.42,RAIN,20.3,0.726,1
117.1,7.8,6.5,0,29.9,EXPRESS,16.26,17.47,CLEAR,4.8,0.0793,0
132.0,3.3,3.1,0,24.5,EXPRESS,34.23,2.49,CLEAR,4.6,0.0856,1
85.7,8.8,9.6,1,14.5,PASSENGER,36.95,12.57,CLEAR,12.8,0.5399,0
138.6,1.0,0.2,0,22.8,EXPRESS,29.43,6.1,CLEAR,0.0,0.0964,0
62.8,16.0,11.5,1,16.3,PASSENGER,16.22,20.41,FOG,25.3,0.8191,1
109.9,5.8,1.0,0,17.6,EXPRESS,23.55,12.27,CLEAR,5.8,0.0555,0
147.3,13.5,9.7,0,18.1,EXPRESS,4.39,22.11,CLEAR,13.2,0.1544,0
95.6,3.9,2.3,1,20.0,EXPRESS,6.74,14.04,FOG,14.6,0.6113,0
102.8,9.1,8.0,1,3.2,PASSENGER,31.43,12.1,CLEAR,18.3,0.6213,0
34.1,15.2,5.0,0,19.1,FREIGHT,1.66,16.65,CLEAR,23.3,0.6062,1
67.6,1.8,0.9,0,21.9,FREIGHT,2.44,18.82,CLEAR,6.3,0.1041,0
115.3,12.1,11.3,1,10.4,EXPRESS,20.57,0.37,STORM,23.4,0.7633,1
90.6,4.6,1.3,0,29.4,PASSENGER,7.24,12.53,CLEAR,7.4,0.0664,0
100.7,6.0,1.3,0,5.6,EXPRESS,12.1,18.62,RAIN,8.7,0.1359,0
94.6,21.4,7.6,0,27.4,EXPRESS,16.25,9.78,CLEAR,23.8,0.1549,0
39.7,10.8,0.5,0,20.8,FREIGHT,21.13,1.08,CLEAR,16.3,0.1655,0
98.9,8.2,1.1,0,20.4,EXPRESS,11.7,0.42,RAIN,12.3,0.0988,1
111.9,5.6,3.2,0,26.5,EXPRESS,19.6,19.05,CLEAR,6.1,0.0754,0
126.0,10.1,8.0,0,25.2,EXPRESS,15.14,4.75,CLEAR,11.1,0.1806,0
131.2,3.3,0.7,1,11.3,EXPRESS,3.7,4.2,FOG,11.7,0.6274,0
145.3,3.8,3.6,0,21.6,EXPRESS,34.75,6.95,FOG,1.3,0.0439,0
92.8,7.6,5.6,0,2.9,PASSENGER,11.61,2.45,CLEAR,9.8,0.2051,0
90.4,11.1,8.9,0,14.7,PASSENGER,24.57,1.28,CLEAR,13.1,0.23,0
48.5,15.0,12.3,0,28.2,FREIGHT,23.01,20.93,CLEAR,21.0,0.2563,0
51.3,7.6,6.9,0,9.3,FREIGHT,8.37,7.27,STORM,22.4,0.3784,1
119.0,7.0,4.8,1,2.9,EXPRESS,1.68,13.98,CLEAR,15.3,0.8334,0
149.0,3.4,2.6,1,18.1,EXPRESS,34.35,20.59,CLEAR,7.2,0.4843,0
106.1,6.0,0.5,1,11.6,EXPRESS,20.16,23.46,RAIN,16.2,0.4978,0
60.3,7.8,5.6,1,12.3,PASSENGER,16.87,16.52,CLEAR,20.6,0.6446,1
135.6,32.6,22.2,1,18.1,EXPRESS,30.63,22.8,RAIN,35.4,0.9134,1
70.1,8.2,6.0,1,19.2,PASSENGER,1.81,10.16,RAIN,21.1,0.7689,1
104.5,1.1,0.1,1,14.0,PASSENGER,30.73,18.95,CLEAR,7.6,0.277,0
103.0,3.6,3.1,0,16.0,PASSENGER,16.65,22.5,CLEAR,4.6,0.0827,0
63.8,6.5,4.3,0,29.8,PASSENGER,22.29,1.28,CLEAR,10.6,0.132,0
97.4,11.5,5.3,0,28.8,EXPRESS,30.22,7.62,CLEAR,11.7,0.2074,0
52.3,5.9,5.7,0,21.7,FREIGHT,22.1,17.77,CLEAR,12.3,0.1389,0
90.5,9.6,3.7,1,6.1,PASSENGER,2.94,7.57,RAIN,18.6,0.8251,1
109.2,3.7,1.1,1,11.8,EXPRESS,29.28,0.41,CLEAR,12.0,0.4039,0
62.3,14.0,12.8,0,26.7,FREIGHT,31.56,19.37,RAIN,24.8,0.1879,0
89.7,9.2,5.4,1,13.6,PASSENGER,18.74,3.95,RAIN,17.2,0.6496,1
44.6,3.4,1.2,0,28.7,FREIGHT,17.84,7.7,RAIN,8.4,0.2113,0
61.3,2.2,1.8,0,15.4,PASSENGER,10.45,21.85,CLEAR,8.9,0.1137,0
97.5,14.8,11.5,0,26.1,PASSENGER,25.94,5.01,CLEAR,18.9,0.19,0
105.0,15.3,9.8,1,2.5,EXPRESS,35.34,21.47,RAIN,26.3,0.7738,1
148.4,5.4,2.3,1,13.9,EXPRESS,26.41,10.14,CLEAR,4.9,0.4186,1
81.0,1.2,0.2,0,21.5,PASSENGER,30.97,22.04,CLEAR,3.1,0.1091,0
88.9,8.1,0.2,0,26.1,PASSENGER,33.58,21.04,RAIN,11.6,0.0712,0
151.1,2.6,1.5,0,18.9,EXPRESS,9.43,9.97,CLEAR,0.0,0.0671,0
150.5,5.0,4.5,1,6.4,EXPRESS,16.38,22.12,CLEAR,6.7,0.5197,0
46.7,5.1,3.9,0,26.7,FREIGHT,17.72,15.19,CLEAR,15.6,0.1372,0
39.4,12.5,4.5,1,17.9,FREIGHT,22.58,11.41,RAIN,22.5,0.7202,1
98.8,6.2,5.7,0,4.6,PASSENGER,2.44,12.74,RAIN,14.0,0.3818,1
120.3,3.5,0.1,0,14.7,EXPRESS,23.74,1.52,CLEAR,4.5,0.1978,0
103.4,11.7,0.5,1,21.4,EXPRESS,4.0,19.38,CLEAR,17.5,0.5791,0
153.3,6.0,2.0,1,14.4,EXPRESS,32.36,7.02,RAIN,11.8,0.5258,1
38.9,1.6,0.8,0,26.3,FREIGHT,38.54,6.48,CLEAR,7.0,0.0872,1
91.8,5.0,0.4,1,13.6,EXPRESS,11.95,17.17,RAIN,12.7,0.63,0
61.0,8.1,4.6,0,18.1,PASSENGER,20.51,8.9,CLEAR,14.0,0.2348,0
133.6,9.9,7.6,1,7.5,EXPRESS,33.02,12.34,CLEAR,10.9,0.5934,1
93.1,6.6,6.3,1,16.1,PASSENGER,12.93,10.12,CLEAR,17.4,0.6496,0
75.6,12.0,7.6,1,7.9,PASSENGER,6.73,12.11,RAIN,22.7,0.6882,1
44.4,6.7,4.9,1,7.9,FREIGHT,29.69,5.33,CLEAR,16.5,0.741,1
113.8,7.8,6.0,1,9.5,EXPRESS,28.09,21.24,CLEAR,16.0,0.6995,1
137.6,5.3,1.4,1,2.8,EXPRESS,23.01,14.64,CLEAR,11.1,0.6008,0
94.1,23.2,22.3,1,6.2,EXPRESS,37.81,5.61,CLEAR,30.8,0.8692,1
71.8,0.9,0.9,1,13.6,FREIGHT,38.23,2.2,CLEAR,11.9,0.3485,1
40.0,2.7,1.1,0,5.2,FREIGHT,34.53,12.85,CLEAR,6.0,0.1267,1
110.0,3.9,1.5,1,5.3,PASSENGER,12.07,11.23,CLEAR,11.5,0.6029,1
68.6,20.1,16.7,0,29.1,PASSENGER,9.4,22.38,RAIN,29.0,0.5406,1
98.6,35.5,20.0,0,13.7,PASSENGER,33.51,5.54,CLEAR,34.9,0.3026,1
105.6,10.8,7.1,1,13.0,EXPRESS,26.23,21.16,CLEAR,14.4,0.6123,0
33.6,6.9,4.5,1,9.1,FREIGHT,16.15,18.4,CLEAR,20.1,0.7804,1
103.7,17.0,3.3,0,16.1,PASSENGER,16.69,11.44,FOG,18.7,0.3509,0
150.1,14.5,15.9,0,18.5,EXPRESS,34.21,20.97,RAIN,19.6,0.1891,0
80.2,4.6,5.4,1,13.4,PASSENGER,6.95,20.69,CLEAR,12.3,0.6994,1
139.2,16.6,13.0,0,12.7,EXPRESS,37.79,17.15,CLEAR,15.5,0.2332,0
129.0,3.2,1.7,0,21.5,EXPRESS,25.51,2.44,RAIN,5.3,0.1534,0
102.6,2.5,1.8,0,28.6,PASSENGER,31.76,3.84,CLEAR,0.6,0.0716,0
112.1,11.8,8.7,0,26.5,EXPRESS,15.15,14.2,RAIN,14.4,0.1728,0
86.2,4.2,0.7,1,4.9,PASSENGER,23.68,5.89,CLEAR,15.0,0.5022,0
124.0,20.9,13.1,0,20.1,EXPRESS,30.12,13.23,FOG,23.4,0.2643,0
114.8,2.6,3.2,1,1.7,EXPRESS,17.69,13.46,CLEAR,10.0,0.6752,1
152.4,11.3,11.7,1,19.5,EXPRESS,19.77,14.09,CLEAR,13.5,0.535,0
101.6,3.2,1.8,0,14.7,EXPRESS,23.49,13.68,CLEAR,1.4,0.1522,0
67.5,8.1,5.7,0,15.5,PASSENGER,3.0,9.1,CLEAR,12.3,0.2443,0
130.4,5.1,3.0,1,18.3,EXPRESS,34.6,5.05,CLEAR,11.4,0.4193,0
92.9,11.3,4.4,0,22.7,PASSENGER,34.73,12.45,RAIN,13.3,0.1282,0
69.7,2.7,3.2,0,22.3,PASSENGER,11.62,11.88,CLEAR,8.8,0.0649,0
79.5,19.8,15.4,1,2.8,PASSENGER,35.25,6.6,CLEAR,27.7,0.8753,1
72.6,5.2,5.3,0,22.5,FREIGHT,29.94,1.23,CLEAR,13.5,0.0833,0
72.3,3.6,1.3,0,25.1,PASSENGER,19.59,4.93,CLEAR,9.8,0.0778,0
136.8,14.3,10.8,1,3.4,EXPRESS,14.24,13.22,RAIN,20.6,0.8443,1
141.8,9.0,1.6,1,10.7,EXPRESS,16.28,12.85,CLEAR,9.0,0.491,1
121.4,3.9,2.1,0,24.1,EXPRESS,21.61,3.21,RAIN,4.5,0.1093,0
106.9,5.5,0.5,0,15.6,PASSENGER,16.79,14.55,CLEAR,7.0,0.0799,0
141.6,13.2,10.4,0,21.3,EXPRESS,17.1,10.14,CLEAR,14.2,0.1337,0
82.9,1.3,1.5,1,15.8,PASSENGER,8.52,15.69,CLEAR,5.3,0.4462,0
88.5,7.2,1.3,0,29.4,PASSENGER,28.46,21.31,CLEAR,11.6,0.0929,0
138.5,13.4,11.4,0,28.2,EXPRESS,24.58,7.41,CLEAR,13.1,0.0992,0
89.6,9.5,7.4,0,9.5,PASSENGER,39.68,8.34,FOG,13.7,0.2342,1
151.5,1.9,0.7,1,12.5,EXPRESS,6.08,16.24,CLEAR,0.0,0.7241,1
115.0,6.4,6.6,0,13.8,EXPRESS,4.99,22.78,CLEAR,8.1,0.1871,0
75.0,9.7,11.0,1,4.5,PASSENGER,20.88,11.67,CLEAR,21.0,0.6442,1
70.7,5.4,0.4,0,13.0,PASSENGER,6.5,4.06,RAIN,9.6,0.1899,1
61.9,7.8,7.8,0,23.6,PASSENGER,24.62,22.44,CLEAR,15.1,0.0875,0
62.2,5.3,3.6,0,25.6,PASSENGER,8.25,11.27,CLEAR,14.3,0.1066,0
150.9,5.7,5.0,0,26.8,EXPRESS,19.58,11.06,CLEAR,2.9,0.0803,0
60.5,6.0,3.1,1,1.9,FREIGHT,24.65,12.96,CLEAR,17.7,0.8144,1
93.0,8.8,5.4,0,24.0,PASSENGER,18.59,6.06,CLEAR,14.6,0.1523,0
90.7,7.4,0.2,0,15.8,PASSENGER,13.14,18.83,FOG,11.8,0.0964,0
149.4,18.3,6.5,1,7.4,EXPRESS,31.4,15.39,CLEAR,21.6,0.7408,1
84.0,1.9,0.2,1,15.7,PASSENGER,34.26,22.92,CLEAR,8.4,0.3934,1
150.9,17.2,2.7,0,25.6,EXPRESS,11.48,4.89,RAIN,16.9,0.2111,0
115.2,1.9,0.7,0,13.9,EXPRESS,32.63,14.86,CLEAR,0.3,0.0589,0
71.7,9.2,7.8,0,29.7,FREIGHT,15.97,12.4,CLEAR,13.9,0.1418,0
138.9,6.0,1.7,1,19.1,EXPRESS,19.76,21.47,CLEAR,9.5,0.4005,1
41.6,3.3,2.7,0,15.5,FREIGHT,9.65,0.73,FOG,12.9,0.1896,0
88.2,3.3,2.5,0,9.9,PASSENGER,25.22,18.26,RAIN,7.0,0.0781,0
127.3,13.9,6.7,1,1.8,EXPRESS,4.49,14.95,RAIN,26.5,0.8438,1
66.9,6.9,3.0,0,18.9,PASSENGER,23.87,14.58,CLEAR,12.8,0.0977,0
56.6,8.4,7.0,1,18.0,FREIGHT,39.59,21.01,CLEAR,16.9,0.524,0
75.7,4.8,0.3,0,16.2,PASSENGER,30.26,14.16,RAIN,6.0,0.0974,0
32.4,6.8,1.0,1,16.8,FREIGHT,35.85,17.18,RAIN,22.5,0.6713,0
107.4,9.8,3.6,0,25.5,PASSENGER,18.84,15.5,RAIN,10.1,0.1969,1
92.1,16.5,13.2,1,10.5,PASSENGER,6.11,1.67,CLEAR,24.4,0.7051,0
69.5,3.9,0.3,1,17.2,FREIGHT,11.89,2.71,CLEAR,12.7,0.4283,1
137.3,4.6,0.2,0,20.9,EXPRESS,2.44,8.12,CLEAR,3.6,0.1664,0
77.8,4.1,0.8,1,7.5,PASSENGER,20.32,16.22,CLEAR,9.4,0.3915,1
125.9,8.7,4.6,0,27.9,EXPRESS,26.16,0.63,CLEAR,7.5,0.1136,1
60.4,4.1,2.3,0,22.5,FREIGHT,17.27,18.54,CLEAR,9.1,0.1105,0
73.2,7.6,7.9,1,3.0,FREIGHT,22.75,4.87,RAIN,20.5,0.7813,1
107.8,16.9,0.3,0,26.2,EXPRESS,13.17,13.43,CLEAR,17.2,0.284,1
103.7,2.1,1.0,1,28.0,PASSENGER,3.89,4.83,STORM,14.0,0.6906,1
71.6,2.0,1.6,0,24.1,FREIGHT,17.56,4.22,CLEAR,7.2,0.0763,0
136.9,7.8,4.4,0,13.6,EXPRESS,22.14,8.02,RAIN,7.2,0.1655,0
106.6,5.7,5.2,0,29.8,PASSENGER,39.31,22.12,CLEAR,10.7,0.0939,0
47.9,2.8,0.6,0,5.0,FREIGHT,14.22,5.71,CLEAR,9.5,0.1463,0
156.7,16.1,13.0,0,16.8,EXPRESS,27.27,1.16,FOG,17.6,0.3626,0
95.1,4.3,1.9,0,6.4,PASSENGER,32.99,21.17,CLEAR,7.7,0.1372,0
92.9,13.8,5.6,1,14.0,EXPRESS,13.75,10.53,CLEAR,21.1,0.5702,0
70.8,7.4,3.3,0,27.9,FREIGHT,37.23,14.91,CLEAR,13.6,0.0835,0
51.8,2.1,1.1,1,24.1,FREIGHT,13.88,21.26,CLEAR,10.7,0.4047,0
50.7,20.9,8.4,0,23.8,FREIGHT,38.81,18.14,FOG,30.1,0.2451,0
88.3,10.6,7.7,0,11.6,PASSENGER,0.59,19.12,CLEAR,15.4,0.7574,0
36.7,3.4,2.3,0,28.1,FREIGHT,25.55,11.52,CLEAR,10.7,0.1103,0
51.1,6.9,4.0,1,12.0,FREIGHT,31.7,16.5,RAIN,19.4,0.4829,0
148.2,15.6,1.3,1,2.6,EXPRESS,11.56,23.13,CLEAR,16.7,0.7809,1
30.7,6.8,5.3,0,19.7,FREIGHT,5.12,21.35,RAIN,15.3,0.2917,1
109.1,5.1,1.7,1,11.8,EXPRESS,1.46,14.7,CLEAR,7.0,0.7534,1
60.1,11.8,8.4,1,5.9,PASSENGER,3.44,2.05,CLEAR,22.0,0.7843,1
119.1,1.3,1.1,0,28.1,EXPRESS,21.95,23.51,CLEAR,1.6,0.0708,0
141.0,8.3,0.1,0,19.7,EXPRESS,33.65,5.41,CLEAR,3.1,0.0923,0
145.9,4.0,1.4,0,28.3,EXPRESS,2.99,8.66,CLEAR,2.6,0.1582,0
107.3,5.2,1.0,0,18.1,PASSENGER,4.97,3.37,RAIN,10.1,0.0843,0
132.6,4.1,3.2,1,3.3,EXPRESS,0.7,4.0,CLEAR,10.7,0.8992,1
72.7,5.2,1.0,1,2.4,PASSENGER,11.65,19.1,CLEAR,16.3,0.6703,1
154.7,12.9,6.5,0,27.2,EXPRESS,36.89,3.08,CLEAR,8.8,0.0817,0
144.3,3.0,1.2,1,2.6,EXPRESS,11.41,4.55,FOG,12.3,0.7279,0
88.7,8.7,5.5,0,19.0,PASSENGER,17.91,4.12,CLEAR,9.5,0.1573,0
94.8,14.0,3.9,1,10.0,PASSENGER,7.57,8.88,RAIN,16.8,0.6729,1
154.7,30.4,19.3,1,21.1,EXPRESS,5.09,16.67,RAIN,36.5,0.9122,1
95.6,47.3,41.5,1,9.6,PASSENGER,7.7,15.45,CLEAR,57.9,0.9748,1
46.6,10.8,9.2,1,2.6,FREIGHT,8.81,17.39,CLEAR,22.4,0.847,1
95.7,12.0,6.4,0,22.3,PASSENGER,5.65,17.44,FOG,14.0,0.1051,0
92.8,1.8,2.2,1,10.4,EXPRESS,31.77,0.07,CLEAR,9.8,0.4484,0
117.0,7.3,6.3,0,17.2,EXPRESS,19.35,16.43,CLEAR,8.4,0.0946,0
48.3,26.8,14.1,0,23.6,FREIGHT,21.82,16.43,RAIN,34.9,0.3962,1
101.7,8.9,0.1,0,21.5,EXPRESS,15.3,1.49,CLEAR,8.8,0.0952,0
31.0,8.2,3.5,0,11.4,FREIGHT,8.82,10.25,CLEAR,17.9,0.1654,0
66.7,1.3,1.1,0,22.8,PASSENGER,4.21,1.89,CLEAR,5.6,0.1196,0
59.5,20.1,3.7,0,27.9,FREIGHT,3.5,4.58,RAIN,26.9,0.3284,1
100.1,5.3,2.8,0,18.9,PASSENGER,7.81,11.75,CLEAR,6.8,0.1537,0
74.5,3.9,3.9,0,21.5,FREIGHT,34.08,0.29,CLEAR,6.5,0.0937,0
114.2,8.0,3.6,0,26.2,EXPRESS,9.05,2.28,FOG,10.6,0.1355,0
90.0,18.6,14.5,1,25.5,PASSENGER,14.52,2.04,CLEAR,27.3,0.6482,0
106.9,4.3,3.6,1,11.5,PASSENGER,23.12,2.99,CLEAR,11.5,0.7204,1
68.4,14.5,8.4,0,29.8,PASSENGER,20.7,1.19,RAIN,20.1,0.2689,0
95.9,9.3,1.7,1,2.3,PASSENGER,26.8,14.69,CLEAR,16.2,0.7205,1
64.0,2.5,2.6,0,29.6,FREIGHT,8.18,4.29,CLEAR,7.3,0.0726,0
34.0,10.6,2.9,1,8.5,FREIGHT,21.2,20.7,RAIN,22.3,0.6345,1
103.1,10.2,1.5,0,14.1,PASSENGER,30.83,21.24,CLEAR,9.6,0.1906,0
100.7,2.3,2.1,0,26.7,PASSENGER,15.81,16.58,STORM,11.8,0.2204,0
61.7,6.2,4.1,1,8.5,PASSENGER,38.89,1.56,CLEAR,14.8,0.6073,1
64.6,6.4,3.9,1,7.9,PASSENGER,23.33,21.4,CLEAR,14.7,0.5262,1
93.4,4.8,4.6,0,19.8,EXPRESS,27.16,10.05,STORM,13.7,0.1379,0
113.4,6.7,2.0,0,21.6,EXPRESS,18.63,4.35,CLEAR,5.2,0.0741,0
125.7,2.9,1.7,0,1.7,EXPRESS,34.39,18.69,CLEAR,5.8,0.3175,0
127.3,14.0,4.3,1,14.3,EXPRESS,18.33,8.32,RAIN,22.7,0.6263,0
108.7,16.4,0.6,0,15.4,EXPRESS,37.72,12.15,CLEAR,15.3,0.1809,1
153.8,2.4,1.3,1,9.2,EXPRESS,12.65,17.83,CLEAR,6.5,0.5517,0
115.8,2.3,0.2,0,17.1,EXPRESS,34.7,2.43,CLEAR,7.9,0.0479,0
93.2,2.8,0.3,1,5.9,EXPRESS,25.75,4.07,CLEAR,11.0,0.5154,1
43.5,3.9,1.3,1,10.7,FREIGHT,32.06,23.25,CLEAR,16.1,0.548,1
86.6,1.5,0.1,0,21.8,PASSENGER,1.99,17.13,CLEAR,5.0,0.2649,1
118.6,1.9,1.3,0,26.4,EXPRESS,11.45,5.55,CLEAR,1.7,0.0983,0
73.7,6.3,4.8,0,18.3,PASSENGER,33.96,13.77,CLEAR,10.8,0.1123,0
99.2,0.7,0.3,1,3.6,EXPRESS,13.07,4.51,CLEAR,8.9,0.5691,0
66.9,9.5,2.6,0,20.8,FREIGHT,28.65,20.77,RAIN,13.0,0.1188,0
109.8,14.7,11.0,0,27.1,PASSENGER,39.69,10.77,CLEAR,17.5,0.1221,0
113.1,7.7,7.1,1,15.9,EXPRESS,7.5,19.36,CLEAR,10.0,0.5401,0
79.1,4.2,1.6,0,15.6,PASSENGER,16.99,23.33,RAIN,9.3,0.1354,0
57.8,12.2,11.6,0,29.8,FREIGHT,7.02,23.54,RAIN,18.9,0.3261,0
62.3,1.7,1.8,0,19.6,FREIGHT,6.59,3.3,RAIN,6.3,0.1656,0
79.6,3.3,0.3,1,24.5,PASSENGER,25.51,22.68,RAIN,13.7,0.3612,0
105.2,32.3,23.1,0,19.9,PASSENGER,8.06,6.49,FOG,34.7,0.5862,0
129.2,8.6,9.2,1,7.8,EXPRESS,19.56,8.63,RAIN,14.8,0.6897,1
50.3,4.5,2.8,1,9.6,FREIGHT,39.13,1.51,CLEAR,16.9,0.7083,0
135.3,6.4,4.9,0,20.5,EXPRESS,13.66,15.49,CLEAR,1.8,0.0686,1
72.9,6.7,5.0,0,14.5,FREIGHT,35.01,15.46,CLEAR,13.3,0.1664,0
99.7,5.2,1.0,0,13.0,PASSENGER,16.16,18.65,CLEAR,6.9,0.1632,0
62.0,2.1,1.0,1,2.1,PASSENGER,10.88,22.71,CLEAR,14.4,0.6259,1
76.6,3.8,2.9,0,26.7,PASSENGER,13.78,10.28,RAIN,6.4,0.1424,0
122.9,17.8,10.9,0,26.7,EXPRESS,5.54,9.78,RAIN,19.1,0.1723,0
112.0,7.7,0.0,0,14.6,EXPRESS,27.32,15.34,RAIN,9.4,0.1111,0
139.0,15.5,6.9,0,21.5,EXPRESS,20.61,16.02,CLEAR,14.6,0.1124,0
147.8,2.2,0.3,1,6.6,EXPRESS,24.75,10.69,CLEAR,4.7,0.5186,0
96.6,5.3,2.9,0,15.9,PASSENGER,12.47,22.06,CLEAR,5.6,0.107,0
159.3,5.7,4.6,0,14.0,EXPRESS,26.31,1.25,RAIN,5.4,0.0966,0
109.1,10.8,5.2,0,20.2,EXPRESS,7.0,18.15,RAIN,11.9,0.2124,1
69.4,5.9,0.3,0,14.9,FREIGHT,26.27,4.99,STORM,16.3,0.1354,0
64.5,3.5,2.4,1,15.7,FREIGHT,3.7,11.89,CLEAR,10.9,0.6484,1
46.3,5.4,3.9,1,9.9,FREIGHT,16.31,20.44,RAIN,19.8,0.7105,1
63.0,1.7,0.3,1,2.9,FREIGHT,24.59,7.91,CLEAR,16.5,0.5921,1
97.3,1.9,0.7,0,27.6,EXPRESS,34.29,21.59,CLEAR,3.6,0.0761,0
145.3,15.4,4.9,1,1.8,EXPRESS,32.59,10.82,RAIN,25.1,0.8033,1
86.6,4.1,3.3,1,9.5,PASSENGER,21.31,16.87,STORM,19.3,0.7626,1
74.6,1.4,0.8,1,14.3,PASSENGER,35.39,17.34,CLEAR,10.8,0.5764,1
135.9,11.0,3.4,0,10.6,EXPRESS,20.48,6.26,CLEAR,9.6,0.1252,0
58.9,9.4,11.0,1,17.2,FREIGHT,20.93,21.62,CLEAR,19.1,0.6483,1
104.7,1.0,0.1,0,14.7,EXPRESS,28.96,2.99,RAIN,6.6,0.0605,0
92.1,6.6,4.6,1,8.8,EXPRESS,35.17,14.16,FOG,19.3,0.7903,1
81.7,3.1,0.3,1,4.0,PASSENGER,24.31,22.3,RAIN,11.9,0.6665,1
88.5,1.2,0.0,0,5.4,PASSENGER,37.8,0.74,CLEAR,5.5,0.1277,1
103.8,2.9,0.7,1,15.4,PASSENGER,9.69,12.75,CLEAR,7.4,0.6103,1
155.0,2.9,2.5,0,25.6,EXPRESS,37.01,5.91,RAIN,3.0,0.0806,0
53.8,11.2,7.3,1,4.4,FREIGHT,9.26,4.62,FOG,27.3,0.8083,1
142.8,3.1,1.5,0,20.8,EXPRESS,21.29,5.61,FOG,1.5,0.1624,0
120.8,9.5,4.4,0,24.1,EXPRESS,31.94,21.66,RAIN,10.6,0.1054,0
63.6,4.7,2.4,0,9.4,FREIGHT,32.16,10.21,CLEAR,10.8,0.1116,0
39.2,3.2,1.2,0,20.5,FREIGHT,11.49,5.66,CLEAR,10.1,0.1507,0
46.7,6.8,3.2,1,21.1,FREIGHT,39.44,22.26,CLEAR,20.8,0.4871,1
58.5,7.0,7.2,0,21.7,FREIGHT,3.68,7.72,CLEAR,9.6,0.2715,0
60.9,9.2,8.0,0,26.9,PASSENGER,1.87,17.36,CLEAR,17.2,0.3844,0
96.1,13.6,8.4,0,12.9,PASSENGER,33.74,12.89,FOG,17.1,0.1851,0
148.5,3.1,1.9,1,8.4,EXPRESS,32.85,16.3,RAIN,3.6,0.5955,1
80.0,8.6,7.1,0,17.0,PASSENGER,28.66,4.38,CLEAR,13.1,0.0924,0
121.4,1.3,1.1,1,3.3,EXPRESS,34.11,16.28,CLEAR,8.1,0.5029,1
149.6,12.6,6.0,1,11.0,EXPRESS,5.93,21.74,STORM,20.6,0.8589,1
98.8,26.0,13.3,0,26.7,PASSENGER,4.28,2.42,CLEAR,27.9,0.3771,0
74.4,1.5,0.1,0,16.7,PASSENGER,38.79,7.84,RAIN,8.1,0.0573,0
112.7,4.3,2.6,0,13.9,EXPRESS,25.16,23.34,CLEAR,4.4,0.0986,0
137.5,7.9,4.7,0,9.1,EXPRESS,36.83,5.4,CLEAR,8.9,0.1038,0
88.2,12.8,5.4,1,8.6,PASSENGER,36.3,1.43,CLEAR,16.1,0.6778,1
101.4,1.1,0.9,1,8.2,EXPRESS,26.3,1.32,CLEAR,8.1,0.554,0
43.9,18.3,16.1,0,25.1,FREIGHT,25.32,6.61,RAIN,29.0,0.3258,0
105.0,8.5,4.3,0,29.6,PASSENGER,14.72,11.88,CLEAR,10.2,0.0541,0
94.4,2.3,0.8,0,16.7,PASSENGER,6.39,6.45,CLEAR,4.8,0.1267,0
109.3,0.9,0.1,1,3.8,PASSENGER,27.62,6.74,RAIN,9.3,0.4653,0
64.5,6.0,6.9,0,22.9,FREIGHT,32.81,19.95,CLEAR,12.0,0.1435,0
155.9,5.3,0.4,0,26.5,EXPRESS,22.01,18.41,FOG,4.5,0.138,1
70.8,1.1,0.7,0,28.0,PASSENGER,2.51,7.46,CLEAR,6.6,0.2246,0
98.6,5.6,3.8,0,19.4,PASSENGER,6.22,8.28,CLEAR,6.7,0.1682,1
91.4,5.9,4.2,0,15.9,EXPRESS,4.53,23.27,CLEAR,11.8,0.1439,0
60.2,4.6,5.2,0,19.2,FREIGHT,26.48,22.8,RAIN,12.8,0.1296,1
83.5,5.0,2.3,1,1.9,PASSENGER,22.81,23.35,CLEAR,19.9,0.7423,1
77.3,15.5,6.7,0,20.2,PASSENGER,18.93,22.54,CLEAR,17.6,0.2287,1
68.8,17.9,16.5,0,21.7,FREIGHT,21.96,15.07,CLEAR,25.5,0.196,0
68.4,5.7,1.4,0,22.1,FREIGHT,11.4,7.4,STORM,12.7,0.2452,1
61.1,8.8,5.5,1,17.5,PASSENGER,32.29,23.27,FOG,22.8,0.5216,0
57.4,12.1,11.9,0,21.5,FREIGHT,13.48,17.83,RAIN,19.4,0.1289,0
78.4,6.8,5.2,0,19.7,PASSENGER,25.95,17.07,CLEAR,10.9,0.0691,1
80.8,12.2,5.1,1,4.8,PASSENGER,15.94,19.14,FOG,25.4,0.7954,1
101.6,3.2,1.1,0,27.1,PASSENGER,3.35,14.36,FOG,9.3,0.217,0
75.5,4.8,3.4,0,19.2,PASSENGER,10.65,14.0,CLEAR,10.5,0.1255,0
156.0,4.9,3.7,0,22.2,EXPRESS,38.62,8.67,CLEAR,3.2,0.0679,0
38.1,5.0,5.4,1,11.3,FREIGHT,8.03,3.62,CLEAR,18.3,0.721,1
59.8,28.5,25.9,0,27.7,FREIGHT,4.64,10.52,CLEAR,34.1,0.4934,0
137.0,0.4,0.2,0,15.8,EXPRESS,12.0,12.42,CLEAR,0.0,0.0667,0
41.3,4.1,0.3,0,20.9,FREIGHT,35.18,21.07,CLEAR,10.6,0.0908,0
112.7,1.5,0.4,0,28.6,EXPRESS,12.59,9.64,CLEAR,0.0,0.0944,0
148.4,9.0,6.1,0,27.6,EXPRESS,16.99,21.19,RAIN,9.3,0.1073,0
98.1,8.2,0.7,0,19.9,PASSENGER,12.75,7.62,FOG,14.1,0.168,0
113.0,7.8,4.4,1,6.2,EXPRESS,39.56,22.67,CLEAR,15.3,0.5796,0
54.0,2.3,1.8,0,28.6,FREIGHT,40.0,0.93,RAIN,8.2,0.1764,0
32.8,6.8,2.8,0,29.5,FREIGHT,19.57,12.61,RAIN,11.1,0.1909,0
70.4,1.9,1.1,1,4.4,PASSENGER,31.5,7.72,CLEAR,13.7,0.6589,1
124.0,11.5,9.0,0,14.3,EXPRESS,9.19,7.07,FOG,13.4,0.2718,1
96.0,6.7,4.0,0,17.1,EXPRESS,15.28,1.91,CLEAR,6.4,0.0801,0
102.2,12.2,13.0,1,4.1,PASSENGER,27.33,16.35,FOG,26.0,0.7569,0
62.3,5.3,3.8,1,6.9,FREIGHT,11.81,9.42,FOG,16.0,0.6753,1
107.2,1.4,0.6,0,16.8,PASSENGER,9.38,22.78,CLEAR,2.6,0.1041,0
138.5,1.0,0.8,0,28.9,EXPRESS,36.93,17.1,CLEAR,3.4,0.0813,0
107.0,16.4,20.3,1,2.3,PASSENGER,10.15,10.63,CLEAR,25.8,0.8962,1
87.7,22.4,5.8,0,27.5,PASSENGER,2.84,15.06,CLEAR,21.0,0.3,0
90.0,1.7,0.2,0,27.1,PASSENGER,30.17,1.58,FOG,8.3,0.0994,0
158.4,11.5,5.5,0,25.9,EXPRESS,10.11,14.14,RAIN,10.3,0.1347,0
92.1,5.2,2.4,1,12.3,PASSENGER,18.28,15.99,CLEAR,9.1,0.5492,1
61.5,5.2,1.7,0,15.5,PASSENGER,4.91,2.55,FOG,13.2,0.1307,0
62.6,1.2,0.8,0,13.0,FREIGHT,3.21,16.38,CLEAR,8.9,0.1633,0
153.4,9.6,8.2,0,28.5,EXPRESS,18.69,11.38,CLEAR,10.3,0.0682,0
99.8,2.4,0.3,0,16.4,PASSENGER,13.81,11.51,CLEAR,3.8,0.0605,0
56.3,7.8,1.5,1,3.8,FREIGHT,20.48,17.37,CLEAR,19.8,0.7899,0
137.0,2.0,1.6,1,9.3,EXPRESS,38.65,10.8,RAIN,8.8,0.62,1
74.6,2.9,0.8,1,14.7,FREIGHT,16.59,5.62,STORM,18.9,0.5775,0
64.5,4.0,3.2,0,28.7,PASSENGER,24.3,7.16,CLEAR,8.6,0.1196,0
136.7,2.0,0.1,0,17.7,EXPRESS,4.36,17.72,CLEAR,3.5,0.1254,0
109.8,4.7,1.6,0,21.3,EXPRESS,35.49,1.7,CLEAR,4.1,0.1287,0
92.0,13.7,12.2,1,4.0,PASSENGER,32.33,20.18,FOG,27.6,0.8176,1
132.5,2.0,1.7,0,26.5,EXPRESS,21.14,13.97,FOG,2.4,0.0702,0
67.7,2.0,2.0,1,16.9,PASSENGER,7.74,17.45,CLEAR,7.8,0.4679,1
104.5,5.0,2.9,0,27.8,EXPRESS,17.33,8.25,FOG,10.6,0.1419,0
91.1,23.1,3.7,0,14.2,PASSENGER,12.25,5.35,CLEAR,29.3,0.1433,0
99.0,9.3,7.4,1,21.0,EXPRESS,39.78,19.31,CLEAR,16.7,0.4108,0
41.9,2.8,1.0,0,14.9,FREIGHT,19.89,2.45,CLEAR,9.1,0.1593,0
67.6,12.6,9.2,1,5.6,FREIGHT,17.18,3.98,CLEAR,25.4,0.8715,1
44.7,8.0,6.4,1,9.3,FREIGHT,7.18,6.84,FOG,21.7,0.7417,0
84.4,9.5,5.8,1,3.4,PASSENGER,9.94,8.43,RAIN,17.1,0.7457,1
155.9,1.4,0.4,0,14.0,EXPRESS,28.61,4.89,CLEAR,1.0,0.0668,0
71.4,3.8,0.1,0,20.0,PASSENGER,21.63,21.9,RAIN,12.2,0.1159,1
117.3,5.5,4.1,1,8.4,EXPRESS,14.64,0.65,CLEAR,11.6,0.4697,1
132.5,14.3,8.9,0,15.5,EXPRESS,12.23,19.28,RAIN,15.7,0.1905,1
142.9,5.2,4.0,1,14.6,EXPRESS,8.43,9.87,CLEAR,7.3,0.5987,1
105.1,7.8,1.1,0,16.7,PASSENGER,1.84,20.07,CLEAR,8.3,0.2159,0
105.8,1.3,0.4,1,6.8,PASSENGER,39.1,19.1,CLEAR,8.6,0.4599,1
98.8,8.0,5.4,0,16.7,PASSENGER,30.25,2.9,CLEAR,10.2,0.1582,0
71.4,10.3,5.8,1,11.9,PASSENGER,37.15,15.99,CLEAR,19.2,0.6095,1
91.7,3.1,0.9,1,9.7,EXPRESS,16.8,9.08,CLEAR,4.3,0.3646,1
47.3,1.3,0.1,0,18.2,FREIGHT,34.84,19.7,CLEAR,7.8,0.0467,0
67.1,13.8,2.4,1,5.7,PASSENGER,10.62,20.42,CLEAR,19.9,0.6309,1
95.5,4.2,3.9,0,27.2,PASSENGER,20.64,4.54,RAIN,9.1,0.1535,0
136.3,15.0,5.5,0,28.1,EXPRESS,8.5,11.49,FOG,18.0,0.2019,0
62.2,6.3,7.5,1,20.3,PASSENGER,30.93,14.27,RAIN,19.1,0.6399,1
101.8,4.6,4.2,0,10.1,PASSENGER,20.16,13.06,CLEAR,4.9,0.1596,0
107.4,0.9,0.5,0,19.3,EXPRESS,21.68,6.04,CLEAR,0.7,0.0482,0
120.3,4.9,5.2,0,18.6,EXPRESS,34.45,6.54,RAIN,7.1,0.2317,1
93.4,17.6,18.7,0,12.7,PASSENGER,29.7,20.6,RAIN,24.8,0.2736,0
81.5,9.3,10.6,0,9.7,PASSENGER,38.67,0.78,CLEAR,16.1,0.1861,0
120.9,21.2,9.2,0,6.3,EXPRESS,16.51,6.3,CLEAR,22.0,0.2187,0
33.0,5.6,1.6,1,7.7,FREIGHT,18.73,5.35,CLEAR,15.8,0.5916,1
118.1,5.9,6.3,0,20.1,EXPRESS,24.81,8.9,RAIN,10.8,0.1179,1
98.2,11.4,8.6,0,26.7,PASSENGER,18.41,16.47,CLEAR,13.5,0.1218,0
71.2,7.6,5.1,1,12.5,FREIGHT,17.07,12.77,CLEAR,15.9,0.6009,0
80.7,3.0,1.3,1,5.0,PASSENGER,13.95,12.98,CLEAR,11.3,0.3853,0
81.2,16.2,13.8,1,1.9,PASSENGER,33.36,17.55,RAIN,26.8,0.8109,1
139.2,4.6,2.7,0,13.1,EXPRESS,21.57,19.49,CLEAR,5.8,0.0765,0
156.0,3.7,0.6,1,8.1,EXPRESS,24.49,3.84,CLEAR,5.8,0.3655,0
42.0,3.4,0.5,1,10.7,FREIGHT,8.56,2.59,CLEAR,13.2,0.825,0
82.0,7.5,4.7,1,8.4,PASSENGER,10.45,7.23,STORM,22.7,0.7542,1
65.8,3.7,2.6,0,20.4,FREIGHT,13.92,19.86,CLEAR,10.1,0.119,1
132.7,1.8,0.4,0,19.7,EXPRESS,18.88,13.0,RAIN,0.0,0.0583,1
97.7,4.9,6.1,0,27.5,EXPRESS,2.24,3.43,CLEAR,10.6,0.1775,0
133.9,11.8,7.2,0,21.4,EXPRESS,35.59,3.93,STORM,20.8,0.1779,1
69.3,7.1,5.8,1,6.2,PASSENGER,36.2,21.56,CLEAR,17.4,0.7077,1
125.7,5.0,1.0,0,22.9,EXPRESS,26.64,8.81,CLEAR,4.9,0.0516,0
53.8,5.4,5.3,1,6.7,FREIGHT,12.98,6.13,CLEAR,21.6,0.6203,0
103.8,1.7,0.0,0,17.4,PASSENGER,15.72,16.65,CLEAR,1.1,0.0914,0
50.8,1.8,1.6,1,3.7,FREIGHT,29.5,20.66,CLEAR,13.2,0.4196,0
109.6,5.3,2.3,0,2.8,EXPRESS,11.81,10.62,CLEAR,10.0,0.1064,0
40.4,13.0,8.1,1,14.7,FREIGHT,24.55,18.99,FOG,29.5,0.6903,0
103.7,6.7,2.2,1,4.5,PASSENGER,36.3,10.32,CLEAR,14.0,0.5657,1
68.6,8.7,0.1,0,10.2,PASSENGER,16.71,16.59,RAIN,12.3,0.134,0
49.2,13.3,2.0,0,11.2,FREIGHT,23.69,13.8,RAIN,22.3,0.27,0
69.4,6.9,3.1,0,23.4,PASSENGER,37.18,21.47,CLEAR,10.9,0.0544,0
98.7,15.7,13.4,1,11.0,PASSENGER,13.95,7.8,CLEAR,23.1,0.6945,1
123.2,15.1,12.7,1,15.6,EXPRESS,30.51,18.49,STORM,27.6,0.8407,1
114.6,2.5,0.9,0,23.5,EXPRESS,30.33,16.41,CLEAR,6.2,0.0438,0
46.2,16.0,0.9,1,7.3,FREIGHT,37.18,20.13,CLEAR,25.9,0.7095,1
102.6,2.2,0.8,0,24.4,PASSENGER,34.41,14.58,RAIN,6.3,0.1074,0
87.7,6.6,7.0,0,25.2,PASSENGER,30.08,11.04,CLEAR,12.1,0.1723,1
95.9,8.7,0.0,0,29.7,PASSENGER,25.64,1.19,STORM,14.7,0.1124,0
152.8,2.1,0.6,1,14.2,EXPRESS,10.03,20.15,CLEAR,3.4,0.4838,0
153.1,6.9,3.5,1,12.1,EXPRESS,26.99,21.84,FOG,11.5,0.5842,0
76.4,6.0,1.3,0,21.5,PASSENGER,11.42,10.79,CLEAR,7.5,0.0822,0
107.6,5.8,0.4,0,3.2,PASSENGER,17.88,5.33,CLEAR,6.5,0.1033,1
91.7,7.6,2.0,1,2.6,EXPRESS,28.53,15.53,RAIN,22.8,0.6091,1
78.8,6.6,1.4,0,11.0,PASSENGER,27.16,2.92,STORM,13.8,0.4528,0
152.7,6.2,3.2,1,22.3,EXPRESS,16.35,0.98,CLEAR,8.8,0.5843,0
73.7,14.5,17.4,1,4.8,PASSENGER,7.72,6.96,FOG,28.7,0.8689,1
109.1,3.8,0.6,0,19.6,EXPRESS,19.62,16.32,RAIN,8.3,0.0732,0
75.1,7.7,2.1,1,9.2,PASSENGER,11.16,19.54,CLEAR,16.3,0.6485,0
132.9,14.8,12.1,0,20.1,EXPRESS,10.59,3.76,CLEAR,17.2,0.1336,0
81.9,11.5,9.4,1,14.5,PASSENGER,13.41,22.71,CLEAR,19.6,0.6844,1
140.9,3.6,2.3,1,4.8,EXPRESS,28.4,13.25,RAIN,10.2,0.6284,0
152.6,9.3,5.4,1,8.5,EXPRESS,20.14,22.21,CLEAR,13.5,0.5573,1
137.2,0.6,0.4,0,7.8,EXPRESS,15.24,3.59,CLEAR,0.8,0.068,0
70.2,10.0,5.6,1,6.2,PASSENGER,36.07,10.99,CLEAR,20.7,0.6073,0
106.6,14.2,16.2,0,14.8,PASSENGER,28.42,10.34,RAIN,19.1,0.2867,1
108.5,3.1,3.5,0,28.7,EXPRESS,20.04,9.88,FOG,4.8,0.1123,0
67.5,3.9,3.1,0,20.3,PASSENGER,17.14,22.34,RAIN,11.6,0.1998,1
34.0,3.4,0.9,0,25.3,FREIGHT,32.85,20.39,CLEAR,12.7,0.0723,0
88.2,5.6,4.5,0,29.5,PASSENGER,7.33,19.06,RAIN,9.8,0.097,0
98.0,4.7,4.0,1,16.9,EXPRESS,26.73,6.87,RAIN,12.7,0.5377,1
66.9,13.7,4.7,0,8.3,PASSENGER,1.33,8.14,FOG,21.6,0.6103,1
111.0,5.8,0.1,0,27.9,EXPRESS,0.77,6.22,RAIN,11.4,0.4608,1
109.7,9.0,3.6,0,21.4,EXPRESS,37.31,19.04,RAIN,10.6,0.1856,0
57.2,7.5,4.1,0,28.8,FREIGHT,20.8,9.43,CLEAR,13.8,0.0979,0
147.2,7.3,1.0,0,20.1,EXPRESS,12.95,23.49,CLEAR,4.4,0.0984,0
98.1,6.0,1.1,0,23.6,PASSENGER,31.89,8.74,STORM,14.2,0.2047,0
73.1,10.5,1.5,0,26.9,PASSENGER,39.4,4.07,CLEAR,10.8,0.2037,0
72.3,6.7,5.6,0,23.1,PASSENGER,1.86,22.32,CLEAR,14.6,0.2709,0
108.3,3.6,4.2,0,17.5,PASSENGER,2.0,18.79,CLEAR,6.1,0.4116,0
90.6,9.6,8.4,0,14.9,EXPRESS,34.26,14.0,RAIN,13.8,0.1618,0
151.6,9.7,1.6,0,25.0,EXPRESS,22.49,20.6,CLEAR,5.9,0.1672,0
70.0,15.3,10.9,0,23.5,PASSENGER,35.37,22.79,RAIN,21.7,0.1984,1
156.3,6.7,6.1,0,11.9,EXPRESS,27.94,20.67,CLEAR,8.8,0.1002,0
114.0,4.9,2.3,0,15.7,EXPRESS,19.09,21.71,CLEAR,8.8,0.1351,1
120.8,5.8,0.5,0,19.6,EXPRESS,6.87,6.51,CLEAR,4.9,0.1421,0
139.5,9.0,1.3,1,2.3,EXPRESS,15.9,12.26,CLEAR,14.6,0.693,1
131.1,18.4,14.1,1,8.6,EXPRESS,31.59,19.09,CLEAR,23.5,0.651,1
112.3,6.4,1.7,1,8.6,EXPRESS,9.74,12.62,RAIN,9.6,0.7884,0
87.7,3.5,1.8,0,26.7,PASSENGER,28.64,15.4,CLEAR,5.8,0.078,0
96.5,2.9,0.9,0,10.9,PASSENGER,10.27,22.15,RAIN,7.3,0.1194,0
31.9,11.7,7.4,0,17.0,FREIGHT,18.81,7.09,STORM,22.7,0.2219,0
90.8,5.8,1.5,0,25.2,EXPRESS,3.87,12.95,FOG,14.4,0.1685,0
122.1,4.8,1.8,1,8.9,EXPRESS,18.47,13.52,RAIN,9.1,0.6157,1
99.2,2.0,2.4,1,5.0,EXPRESS,24.7,8.63,FOG,11.1,0.5947,1
93.2,2.5,2.6,0,28.5,PASSENGER,22.75,8.84,RAIN,8.0,0.2101,0
70.7,2.6,2.4,0,21.6,PASSENGER,16.56,18.46,RAIN,9.1,0.122,0
120.3,5.1,3.2,1,6.5,EXPRESS,15.1,22.31,RAIN,11.5,0.5343,0
38.9,11.6,7.6,0,24.9,FREIGHT,11.38,15.21,STORM,25.8,0.4823,1
128.4,16.8,7.7,0,23.9,EXPRESS,30.8,11.71,RAIN,17.5,0.3454,0
65.8,12.0,7.2,0,25.4,PASSENGER,31.41,18.01,CLEAR,20.1,0.2314,0
61.2,1.5,0.5,1,9.4,PASSENGER,19.58,23.95,CLEAR,8.0,0.5227,1
32.3,7.3,7.2,0,14.3,FREIGHT,15.61,1.98,CLEAR,14.3,0.1986,0
107.7,6.2,0.6,0,21.3,PASSENGER,25.68,15.64,RAIN,11.6,0.061,0
36.4,2.4,0.6,1,12.6,FREIGHT,22.53,13.35,RAIN,16.6,0.6426,0
139.6,17.4,13.3,1,3.5,EXPRESS,26.86,14.65,CLEAR,22.7,0.8025,0
33.1,10.2,7.7,0,5.4,FREIGHT,12.59,0.55,FOG,21.0,0.2764,0
97.6,4.7,3.6,1,18.5,EXPRESS,31.64,22.94,STORM,17.7,0.6296,1
52.9,11.8,9.4,1,12.2,FREIGHT,13.01,2.05,RAIN,21.8,0.8106,1
83.2,21.4,20.4,1,1.7,PASSENGER,17.04,7.38,CLEAR,31.4,0.9096,1
72.8,4.9,4.2,0,23.4,FREIGHT,5.73,7.16,RAIN,11.8,0.1783,0
107.2,8.8,4.3,1,13.4,PASSENGER,34.29,17.59,FOG,19.3,0.4495,0
99.0,10.2,6.3,1,10.4,PASSENGER,25.95,16.1,CLEAR,18.9,0.7386,1
90.1,11.7,1.2,0,21.8,PASSENGER,9.79,1.48,CLEAR,12.2,0.1161,0
82.7,6.8,0.8,1,14.5,PASSENGER,34.14,3.59,CLEAR,13.2,0.4848,0
114.9,6.8,6.4,0,21.3,EXPRESS,28.34,7.65,FOG,10.9,0.1525,0
156.3,3.5,1.9,0,1.9,EXPRESS,17.97,16.9,FOG,5.6,0.2188,0
132.2,3.9,0.7,1,1.8,EXPRESS,39.6,22.3,CLEAR,12.7,0.7292,0
130.5,1.7,1.7,0,17.5,EXPRESS,13.82,7.57,CLEAR,0.9,0.0708,0
40.4,29.3,2.0,0,29.5,FREIGHT,4.43,12.61,CLEAR,31.9,0.3934,0
93.3,14.2,15.1,1,9.3,EXPRESS,29.47,8.94,CLEAR,22.4,0.773,1
72.5,13.8,5.4,1,21.0,FREIGHT,30.4,13.86,RAIN,24.1,0.4348,0
112.0,13.8,3.4,0,6.4,EXPRESS,2.83,15.07,CLEAR,15.1,0.2103,0
121.0,17.0,15.6,1,10.4,EXPRESS,32.87,12.44,CLEAR,26.7,0.7353,1
65.7,8.1,10.5,1,3.7,PASSENGER,31.15,9.34,RAIN,20.9,0.7983,0
101.8,5.9,3.2,0,26.6,PASSENGER,37.22,21.11,RAIN,12.6,0.1372,0
61.4,10.9,10.6,1,10.3,PASSENGER,5.18,19.25,STORM,23.4,0.6823,1
101.7,7.3,2.3,1,8.1,PASSENGER,24.23,23.96,CLEAR,14.8,0.5066,1
67.0,1.6,1.2,0,22.3,PASSENGER,9.17,9.9,CLEAR,3.1,0.1342,1
152.1,3.1,1.2,1,7.2,EXPRESS,16.28,0.93,RAIN,5.6,0.4304,1
62.8,11.6,4.9,1,8.3,FREIGHT,10.97,15.63,CLEAR,19.1,0.6733,1
37.4,17.9,3.1,1,4.5,FREIGHT,18.25,18.8,CLEAR,26.8,0.8374,1
88.3,4.9,4.8,0,28.9,PASSENGER,4.96,22.48,CLEAR,6.8,0.1439,0
111.9,10.5,5.2,1,8.6,EXPRESS,12.49,0.25,CLEAR,20.6,0.6616,1
68.9,0.6,0.1,0,29.9,PASSENGER,3.3,21.11,CLEAR,3.2,0.1299,0
150.1,5.8,0.2,1,6.5,EXPRESS,19.93,12.4,CLEAR,5.3,0.5596,0
118.2,4.0,3.4,1,2.1,EXPRESS,12.22,9.0,FOG,16.6,0.7914,0
117.9,10.9,1.0,0,27.0,EXPRESS,23.82,5.33,RAIN,12.0,0.1601,0
68.5,6.9,4.5,1,18.0,PASSENGER,18.53,19.54,CLEAR,20.4,0.6343,0
47.2,4.2,3.6,1,11.5,FREIGHT,10.13,8.73,CLEAR,15.4,0.6972,1
103.6,5.5,4.0,1,16.1,PASSENGER,4.57,14.51,CLEAR,7.3,0.5698,1
78.2,2.1,1.6,1,8.9,PASSENGER,30.26,12.28,CLEAR,10.2,0.4536,0
107.6,7.5,4.6,0,19.6,PASSENGER,25.51,6.32,RAIN,9.4,0.1308,0
156.2,13.0,8.0,0,19.1,EXPRESS,1.8,18.91,RAIN,9.3,0.5278,1
100.1,29.5,28.1,1,3.8,EXPRESS,39.58,7.16,CLEAR,38.0,0.9178,1
38.0,12.5,8.2,0,27.5,FREIGHT,25.88,18.9,CLEAR,18.9,0.3289,0
150.4,8.8,3.7,1,14.6,EXPRESS,8.68,9.83,CLEAR,10.8,0.6876,1
47.7,12.7,1.0,1,7.1,FREIGHT,33.7,0.72,FOG,22.8,0.8347,1
60.2,10.7,5.1,1,10.3,PASSENGER,35.34,18.42,RAIN,23.0,0.7706,1
73.7,14.9,12.5,0,26.2,PASSENGER,23.16,21.58,CLEAR,22.5,0.1516,0
89.9,5.9,1.1,1,12.4,PASSENGER,35.48,2.87,STORM,19.0,0.548,0
100.0,2.6,1.3,0,17.5,PASSENGER,1.65,14.05,CLEAR,6.8,0.1784,1
36.0,17.3,0.7,0,28.5,FREIGHT,37.83,1.72,CLEAR,22.3,0.2904,0
35.0,6.7,6.0,1,20.1,FREIGHT,2.76,19.92,CLEAR,16.6,0.7837,1
106.1,3.1,2.3,0,20.8,PASSENGER,25.87,23.71,RAIN,6.7,0.0781,0
142.6,1.2,0.3,1,8.6,EXPRESS,14.16,11.88,FOG,6.9,0.4952,1
89.5,11.1,9.4,0,20.5,PASSENGER,2.05,7.52,CLEAR,12.0,0.3597,0
64.6,5.0,3.7,1,12.7,FREIGHT,37.21,20.3,STORM,20.0,0.6194,1
120.0,11.0,1.8,0,27.5,EXPRESS,5.85,12.5,CLEAR,11.7,0.1264,1
97.9,2.7,1.9,1,5.2,PASSENGER,34.22,10.78,RAIN,11.5,0.5313,1
78.6,2.8,1.5,0,9.6,PASSENGER,13.55,5.47,STORM,16.4,0.227,0
72.2,2.5,2.7,1,3.4,PASSENGER,29.78,14.78,CLEAR,15.5,0.4615,1
141.0,3.1,1.8,0,12.4,EXPRESS,10.54,14.55,CLEAR,1.0,0.0932,0
81.0,6.3,3.6,1,5.7,PASSENGER,23.55,6.31,RAIN,15.7,0.6004,0
74.2,8.8,6.7,0,25.6,FREIGHT,32.08,5.07,CLEAR,17.2,0.1558,0
114.5,4.9,5.1,0,27.9,EXPRESS,22.86,10.53,CLEAR,5.3,0.0901,0
154.5,1.5,1.6,0,20.6,EXPRESS,12.61,10.82,RAIN,1.5,0.0646,0
72.0,4.5,3.4,1,4.4,FREIGHT,9.72,3.08,CLEAR,15.7,0.7943,1
106.9,14.6,8.3,0,11.2,EXPRESS,7.4,6.63,FOG,15.5,0.3917,0
65.9,2.0,0.3,0,29.0,FREIGHT,33.63,3.85,CLEAR,3.0,0.0902,0
81.7,1.3,0.4,1,5.4,PASSENGER,24.63,21.63,FOG,15.2,0.6424,1
154.2,3.8,3.7,0,17.4,EXPRESS,20.59,1.78,RAIN,1.2,0.0763,0
50.3,7.0,4.6,0,11.6,FREIGHT,10.36,21.09,CLEAR,13.3,0.1808,0
97.2,2.4,1.1,0,30.0,PASSENGER,17.63,12.67,CLEAR,1.4,0.1812,1
83.3,7.5,6.2,1,9.6,PASSENGER,24.99,15.97,FOG,18.4,0.7523,1
105.9,17.5,4.7,1,2.9,EXPRESS,3.34,22.16,CLEAR,24.8,0.8109,1
70.0,13.1,11.6,0,21.5,PASSENGER,14.75,8.77,CLEAR,13.8,0.2213,0
119.8,1.5,0.8,1,10.8,EXPRESS,9.96,16.86,RAIN,8.4,0.5187,0
142.9,8.1,6.3,0,20.2,EXPRESS,26.04,16.12,RAIN,8.5,0.1436,0
57.2,2.2,0.4,0,4.5,FREIGHT,24.45,23.72,RAIN,9.5,0.2503,1
138.2,3.0,3.7,1,16.4,EXPRESS,12.33,1.11,CLEAR,4.7,0.3962,0
74.1,5.3,3.6,0,12.2,PASSENGER,2.14,10.93,CLEAR,8.9,0.2378,0
123.7,10.8,2.2,0,16.8,EXPRESS,7.72,23.75,FOG,12.2,0.1332,0
62.2,10.9,8.4,0,25.8,PASSENGER,6.82,7.87,CLEAR,19.8,0.2148,0
147.2,1.4,0.0,0,29.2,EXPRESS,22.95,23.18,RAIN,0.6,0.077,0
74.5,8.0,3.3,0,23.0,FREIGHT,7.19,19.6,CLEAR,10.6,0.2635,1
80.3,1.9,1.1,0,23.4,PASSENGER,19.55,8.14,CLEAR,5.2,0.064,0
90.8,6.2,6.1,0,16.6,EXPRESS,24.77,0.7,CLEAR,10.3,0.1498,0
101.9,3.1,0.2,1,4.3,EXPRESS,35.24,6.73,CLEAR,11.5,0.3101,0
135.7,8.8,8.0,0,20.5,EXPRESS,10.18,2.97,CLEAR,9.2,0.2337,0
90.6,15.3,8.2,1,5.7,PASSENGER,7.84,10.28,STORM,29.8,0.8491,1
145.2,9.3,8.1,0,8.5,EXPRESS,7.34,22.55,CLEAR,5.7,0.175,1
41.4,3.1,0.7,1,21.7,FREIGHT,14.74,12.3,CLEAR,15.0,0.543,1
98.2,8.3,4.5,0,20.2,PASSENGER,26.14,10.74,STORM,16.1,0.211,0
138.2,0.9,0.1,1,10.5,EXPRESS,27.04,5.18,CLEAR,3.5,0.3633,0
76.1,7.1,8.5,0,23.5,PASSENGER,8.83,14.91,CLEAR,11.9,0.1583,1
87.3,8.1,5.8,0,28.3,PASSENGER,5.68,10.93,FOG,13.8,0.2957,1
100.3,9.2,3.4,0,17.0,EXPRESS,18.22,18.55,RAIN,12.1,0.1224,1
121.7,7.8,5.9,0,20.8,EXPRESS,6.08,12.39,CLEAR,8.5,0.131,0
151.7,1.2,0.4,0,9.2,EXPRESS,32.61,21.28,CLEAR,0.0,0.0668,0
81.1,7.2,3.4,0,29.2,PASSENGER,3.81,18.79,STORM,16.3,0.3408,1
102.0,5.5,1.5,1,9.3,PASSENGER,30.21,3.48,CLEAR,13.2,0.4926,0
89.5,34.9,16.2,0,26.8,PASSENGER,2.18,3.26,CLEAR,36.2,0.6019,0
38.6,8.2,8.8,1,27.9,FREIGHT,32.38,0.58,CLEAR,18.6,0.6755,0
56.1,12.3,5.9,0,22.0,FREIGHT,25.27,8.86,CLEAR,15.5,0.2295,0
85.3,17.6,12.2,0,24.6,PASSENGER,13.23,1.31,CLEAR,20.9,0.1562,0
47.9,8.2,1.9,1,14.5,FREIGHT,16.52,10.8,CLEAR,19.9,0.6793,1
98.4,12.8,10.4,0,27.7,EXPRESS,27.11,5.79,STORM,23.2,0.2698,0
119.2,2.1,1.8,1,22.7,EXPRESS,7.83,11.96,CLEAR,8.7,0.5128,1
95.1,11.2,5.9,1,10.8,EXPRESS,35.67,3.8,FOG,22.1,0.6798,1
96.9,10.7,6.0,1,2.5,EXPRESS,19.57,13.18,RAIN,16.4,0.7726,1
80.8,1.2,0.1,1,16.9,PASSENGER,30.53,23.19,RAIN,9.5,0.5334,0
43.7,4.7,2.0,0,25.5,FREIGHT,20.51,15.29,CLEAR,11.5,0.0778,0
154.8,1.5,0.1,0,26.0,EXPRESS,18.37,13.55,CLEAR,0.0,0.0512,0
116.3,31.3,26.3,0,25.3,EXPRESS,19.05,18.91,CLEAR,30.7,0.2932,1
97.9,0.5,0.6,1,7.6,PASSENGER,14.84,0.13,CLEAR,5.9,0.6316,0
53.9,2.8,3.5,1,13.6,FREIGHT,29.44,6.78,FOG,20.1,0.7135,1
139.3,7.7,7.0,0,19.0,EXPRESS,33.92,23.69,RAIN,5.8,0.0608,0
73.0,2.1,1.0,1,20.5,PASSENGER,34.25,18.78,RAIN,11.8,0.5233,1
155.9,3.5,3.0,1,11.0,EXPRESS,5.29,2.17,CLEAR,4.6,0.5325,1
127.1,13.6,4.2,0,21.2,EXPRESS,30.57,7.84,CLEAR,10.6,0.1559,1
67.4,1.2,0.8,1,18.3,FREIGHT,8.4,10.56,RAIN,12.7,0.5782,0
46.4,9.0,6.8,0,17.7,FREIGHT,0.98,22.43,RAIN,18.6,0.5727,1
97.0,8.6,1.6,0,20.4,EXPRESS,11.38,14.07,CLEAR,7.6,0.1177,0
60.3,1.5,1.1,0,18.7,FREIGHT,12.07,1.85,RAIN,8.4,0.1592,0
60.4,5.4,3.7,1,6.3,PASSENGER,32.49,12.22,CLEAR,15.8,0.5482,1
51.4,4.6,2.4,0,26.4,FREIGHT,29.82,6.95,FOG,12.3,0.134,0
69.6,11.3,11.4,1,8.4,PASSENGER,3.85,8.13,CLEAR,19.7,0.8264,1
91.4,11.7,9.5,0,22.7,PASSENGER,13.38,2.74,CLEAR,16.8,0.2097,0
109.0,4.6,3.0,1,6.5,PASSENGER,10.43,11.01,CLEAR,9.3,0.592,1
83.2,10.4,2.0,0,20.3,PASSENGER,24.02,16.07,FOG,13.1,0.1425,1
147.2,2.0,1.8,0,27.0,EXPRESS,21.89,18.23,FOG,5.4,0.0557,0
125.5,5.4,1.4,0,1.8,EXPRESS,27.32,16.69,CLEAR,9.2,0.1218,0
124.7,3.3,3.5,0,29.4,EXPRESS,36.47,15.85,CLEAR,1.1,0.0728,0
106.5,7.9,7.4,1,2.3,PASSENGER,17.13,20.86,CLEAR,17.2,0.7446,1
152.3,2.0,1.7,1,1.8,EXPRESS,26.41,7.98,CLEAR,7.1,0.6142,1
99.3,2.6,0.9,0,25.9,PASSENGER,36.77,5.15,CLEAR,7.4,0.0534,0
43.3,7.2,2.9,0,21.7,FREIGHT,21.9,2.15,CLEAR,12.8,0.1009,0
128.2,0.6,0.3,1,4.5,EXPRESS,12.68,3.98,FOG,10.5,0.6053,0
71.2,7.0,5.4,0,28.2,PASSENGER,16.41,3.59,RAIN,12.7,0.2112,0
82.2,5.0,3.3,0,20.7,PASSENGER,30.31,21.9,RAIN,12.8,0.0895,1
51.8,3.2,3.1,0,4.7,FREIGHT,28.94,4.33,CLEAR,11.1,0.1503,1
148.2,5.6,1.6,0,26.0,EXPRESS,30.06,2.25,CLEAR,5.5,0.064,0
104.8,15.2,10.6,0,15.2,PASSENGER,29.86,9.61,CLEAR,18.0,0.2122,0
48.7,5.9,0.4,0,9.4,FREIGHT,36.86,4.07,CLEAR,10.7,0.127,0
30.8,11.7,9.2,0,25.0,FREIGHT,30.68,3.13,RAIN,20.8,0.3374,1
103.1,3.8,2.1,0,22.5,PASSENGER,34.29,8.7,CLEAR,5.0,0.086,0
68.7,8.2,9.6,0,19.3,PASSENGER,23.16,22.07,CLEAR,12.4,0.1535,0
91.1,10.7,5.9,0,27.1,PASSENGER,25.94,0.73,FOG,13.8,0.1342,0
31.1,2.3,0.5,0,26.0,FREIGHT,38.72,4.99,RAIN,13.8,0.1117,0
80.0,17.7,8.0,1,8.0,PASSENGER,34.88,19.78,RAIN,22.9,0.7779,1
159.0,14.9,5.2,0,26.5,EXPRESS,31.21,5.89,CLEAR,13.6,0.1417,0
34.5,7.2,0.1,1,12.2,FREIGHT,27.58,10.59,CLEAR,15.6,0.7796,1
81.2,1.8,0.6,0,13.8,PASSENGER,14.66,2.37,CLEAR,6.5,0.0643,0
75.4,6.0,4.5,0,29.2,PASSENGER,22.15,19.08,CLEAR,8.7,0.1491,0
153.4,11.3,4.9,0,23.2,EXPRESS,2.68,17.68,CLEAR,5.0,0.2294,0
103.5,9.7,6.2,1,10.7,PASSENGER,16.94,3.07,CLEAR,18.5,0.5166,1
106.6,7.8,5.7,0,20.0,EXPRESS,4.92,22.75,CLEAR,4.5,0.0696,0
64.1,5.0,4.8,1,16.9,PASSENGER,29.28,14.17,CLEAR,16.3,0.4873,0
133.9,13.4,6.5,1,4.8,EXPRESS,35.75,19.16,CLEAR,18.2,0.6257,0
76.8,6.6,3.9,1,26.8,PASSENGER,7.38,18.33,CLEAR,16.8,0.5438,0
60.2,3.4,1.4,0,24.9,FREIGHT,10.2,12.46,CLEAR,9.6,0.149,0
92.2,17.4,11.0,0,23.7,EXPRESS,34.35,17.94,RAIN,22.4,0.1923,0
36.0,1.6,0.1,0,17.4,FREIGHT,23.64,5.71,CLEAR,10.5,0.1305,0
94.3,5.8,2.1,1,7.8,PASSENGER,23.74,0.51,RAIN,16.3,0.454,1
39.6,7.7,5.9,0,26.7,FREIGHT,22.73,8.21,STORM,20.9,0.2864,0
102.9,4.9,2.5,0,11.6,PASSENGER,9.12,3.66,CLEAR,6.2,0.0771,0
62.9,0.2,0.1,1,2.1,PASSENGER,10.11,23.55,CLEAR,12.6,0.7357,1
70.8,2.2,0.3,0,29.5,PASSENGER,38.01,22.17,CLEAR,6.4,0.1099,0
74.9,7.1,4.7,0,26.0,FREIGHT,29.08,3.46,CLEAR,10.4,0.0712,0
81.7,20.1,15.1,1,19.2,PASSENGER,4.07,8.26,RAIN,34.0,0.9211,1
139.2,8.6,3.6,1,1.9,EXPRESS,9.31,12.22,FOG,18.0,0.7865,1
69.1,4.0,3.2,1,8.0,PASSENGER,25.27,9.57,RAIN,13.0,0.618,1
57.4,8.4,1.7,1,14.4,FREIGHT,11.7,16.8,RAIN,18.9,0.7067,0
96.3,2.7,1.3,0,19.4,PASSENGER,10.44,12.08,RAIN,4.8,0.0867,0
75.7,3.7,0.1,0,21.7,PASSENGER,8.49,13.57,CLEAR,11.1,0.0858,0
101.4,2.1,1.4,0,24.0,PASSENGER,7.84,16.26,CLEAR,4.2,0.0828,0
57.2,3.6,2.7,1,17.3,FREIGHT,24.73,0.57,CLEAR,15.0,0.5666,1
117.2,5.6,1.0,0,20.2,EXPRESS,36.28,0.3,CLEAR,6.7,0.1021,0
87.9,0.5,0.4,0,24.6,PASSENGER,14.76,4.27,RAIN,6.9,0.1379,0
130.4,16.8,5.7,0,22.0,EXPRESS,5.3,17.24,CLEAR,15.5,0.2942,0
101.6,11.3,10.1,0,28.7,EXPRESS,5.41,5.77,CLEAR,12.6,0.2722,0
118.2,16.7,12.4,0,26.4,EXPRESS,37.38,22.08,CLEAR,17.3,0.23,0
114.0,6.5,4.3,0,6.3,EXPRESS,21.39,1.88,STORM,11.4,0.2537,1
80.0,2.7,0.2,0,28.5,PASSENGER,18.92,13.92,FOG,8.6,0.1002,0
143.3,8.2,6.1,1,7.3,EXPRESS,35.68,0.61,STORM,21.2,0.652,1
84.1,1.8,0.5,0,29.8,PASSENGER,20.53,23.33,STORM,11.8,0.0813,0
155.8,4.7,5.0,0,21.5,EXPRESS,19.48,5.13,RAIN,3.9,0.157,0
110.6,9.5,6.8,0,19.4,EXPRESS,37.1,14.1,CLEAR,14.7,0.1221,0
119.1,8.2,5.8,1,10.7,EXPRESS,19.24,22.87,CLEAR,12.4,0.5929,0
145.1,13.5,13.7,1,5.3,EXPRESS,15.94,0.73,CLEAR,19.1,0.4902,0
87.3,11.0,6.0,1,5.1,PASSENGER,23.48,12.31,RAIN,20.3,0.6511,1
87.4,8.2,5.3,0,26.2,PASSENGER,39.1,12.64,FOG,13.6,0.2002,0
62.7,2.2,1.4,0,13.8,PASSENGER,38.57,8.44,CLEAR,8.2,0.1057,0
79.9,10.4,11.6,0,17.5,PASSENGER,31.14,15.71,CLEAR,16.1,0.1311,0
109.0,6.5,0.9,0,28.1,EXPRESS,20.22,13.02,CLEAR,6.5,0.0886,0
75.0,9.5,10.6,1,8.8,FREIGHT,35.32,5.98,CLEAR,17.7,0.7864,1
75.4,4.4,1.7,1,23.3,PASSENGER,17.07,16.93,CLEAR,16.2,0.4803,1
104.2,0.8,0.6,1,14.9,PASSENGER,25.79,11.19,CLEAR,7.4,0.4303,0
137.3,8.1,7.9,1,7.6,EXPRESS,7.59,11.29,CLEAR,10.7,0.6378,1
113.9,2.7,0.0,0,25.8,EXPRESS,26.62,22.85,RAIN,2.6,0.0894,0
128.0,12.1,8.0,0,20.9,EXPRESS,11.41,12.84,CLEAR,15.7,0.2155,0
148.8,3.7,1.4,1,4.2,EXPRESS,30.98,18.83,CLEAR,12.7,0.7248,1
104.2,11.5,9.7,0,16.9,PASSENGER,16.85,20.82,CLEAR,14.2,0.2383,1
68.0,5.8,5.3,0,25.8,PASSENGER,16.24,13.94,RAIN,10.8,0.1488,0
77.0,7.0,4.9,1,3.4,PASSENGER,29.99,18.87,RAIN,19.6,0.7785,1
76.8,5.3,2.0,1,13.4,PASSENGER,17.3,7.43,CLEAR,13.0,0.4013,0
31.9,2.6,0.3,0,24.4,FREIGHT,28.7,4.37,CLEAR,10.9,0.1283,0
89.9,8.2,8.0,0,26.0,PASSENGER,34.28,16.69,CLEAR,12.1,0.098,0
68.5,4.1,0.8,0,23.6,FREIGHT,5.91,22.23,CLEAR,8.1,0.1072,0
116.7,5.2,2.1,1,10.2,EXPRESS,19.42,1.02,CLEAR,10.4,0.5864,0
141.8,4.3,4.1,1,15.9,EXPRESS,37.82,18.31,RAIN,8.9,0.6119,1
133.9,6.3,3.0,0,22.6,EXPRESS,32.58,0.68,CLEAR,7.2,0.0579,0
78.8,3.4,1.0,1,5.8,PASSENGER,38.96,11.01,FOG,15.1,0.5955,0
36.3,1.2,0.7,1,18.5,FREIGHT,34.48,16.25,CLEAR,17.0,0.4821,1
139.7,3.0,0.6,1,22.0,EXPRESS,12.75,9.73,STORM,15.8,0.6368,0
68.5,12.0,8.9,0,25.7,FREIGHT,7.58,7.22,RAIN,17.2,0.301,1
138.0,7.7,0.1,1,4.7,EXPRESS,8.82,4.48,FOG,13.8,0.8267,1
30.8,20.2,17.0,0,10.9,FREIGHT,9.07,23.47,STORM,34.0,0.6903,1
105.1,2.2,1.0,1,16.9,EXPRESS,3.49,13.69,CLEAR,7.1,0.6757,1
94.9,0.8,0.5,0,21.5,EXPRESS,36.32,3.07,RAIN,6.4,0.0587,0
88.5,10.0,3.9,0,22.3,PASSENGER,20.35,1.16,FOG,17.6,0.1371,0
143.0,6.1,0.4,1,8.7,EXPRESS,4.5,5.84,CLEAR,11.6,0.6058,1
97.7,5.8,4.2,1,1.9,EXPRESS,30.62,12.93,CLEAR,15.8,0.8603,1
148.7,9.2,8.6,0,21.3,EXPRESS,13.36,18.05,RAIN,8.8,0.1498,0
55.0,3.9,0.2,0,27.4,FREIGHT,3.31,23.54,FOG,7.9,0.3256,0
94.5,9.6,7.2,0,24.2,PASSENGER,8.0,20.01,RAIN,12.2,0.1561,1
158.0,2.7,2.3,0,19.2,EXPRESS,26.47,14.69,RAIN,0.0,0.0843,0
64.2,4.1,0.8,0,29.4,PASSENGER,31.86,16.0,CLEAR,6.2,0.0937,0
105.1,1.7,0.9,1,13.8,PASSENGER,10.52,12.53,RAIN,8.5,0.4665,0
98.8,15.3,11.3,0,16.5,EXPRESS,23.29,10.43,CLEAR,16.9,0.2274,1
79.6,1.8,0.5,1,1.9,PASSENGER,0.53,18.83,FOG,16.5,0.9604,1
149.6,8.8,9.1,0,28.5,EXPRESS,11.5,4.26,FOG,13.0,0.0974,0
153.4,8.5,3.5,0,18.1,EXPRESS,7.67,8.01,STORM,13.6,0.187,0
85.3,2.3,0.2,1,12.6,PASSENGER,3.52,23.49,CLEAR,7.8,0.6504,1
131.6,3.4,2.8,1,2.8,EXPRESS,19.61,13.72,CLEAR,10.9,0.5417,0
95.4,14.3,7.7,0,11.8,PASSENGER,25.43,11.96,CLEAR,14.9,0.321,0
101.6,5.6,5.8,1,1.6,PASSENGER,2.33,20.42,CLEAR,16.9,0.8799,1
98.5,7.2,3.0,1,10.7,EXPRESS,5.95,18.29,CLEAR,16.5,0.6232,0
100.5,14.0,8.8,0,28.6,PASSENGER,37.33,7.83,STORM,20.1,0.1832,0
123.7,1.7,0.6,1,5.9,EXPRESS,9.31,15.02,FOG,8.4,0.6521,1
50.3,10.6,10.8,0,17.0,FREIGHT,30.52,4.45,RAIN,18.9,0.2808,0
81.2,14.9,8.4,1,6.8,PASSENGER,30.04,1.27,RAIN,27.5,0.7482,1
52.9,7.4,5.5,0,23.8,FREIGHT,13.2,23.76,RAIN,18.7,0.1882,1
107.3,9.6,7.7,0,17.5,PASSENGER,8.56,17.69,RAIN,11.5,0.1877,0
128.4,10.9,3.5,1,7.3,EXPRESS,10.14,22.34,RAIN,16.8,0.5883,0
107.7,5.4,5.1,0,26.2,PASSENGER,22.85,19.97,RAIN,9.0,0.1723,1
38.1,5.8,3.7,0,23.8,FREIGHT,15.56,10.27,STORM,15.3,0.2263,0
96.2,4.7,2.0,0,28.6,PASSENGER,20.07,20.67,RAIN,5.2,0.1748,0
66.6,6.1,3.8,0,1.5,FREIGHT,32.56,18.88,CLEAR,15.9,0.2065,1
60.6,2.7,1.3,1,14.5,FREIGHT,20.34,6.2,CLEAR,11.7,0.5888,0
132.5,2.9,2.6,0,30.0,EXPRESS,39.81,14.95,RAIN,1.0,0.0887,0
129.5,3.9,1.5,0,24.6,EXPRESS,26.8,7.32,CLEAR,4.6,0.0803,0
103.0,3.6,0.6,0,25.2,PASSENGER,8.69,5.62,CLEAR,5.1,0.0792,0
101.1,7.1,1.7,0,19.2,PASSENGER,20.23,1.96,FOG,11.4,0.1669,0
35.5,9.5,8.6,0,21.8,FREIGHT,32.63,13.04,CLEAR,14.8,0.2308,0
68.2,5.3,2.2,0,24.5,FREIGHT,9.12,9.42,CLEAR,6.1,0.2073,0
119.0,5.5,6.2,1,4.1,EXPRESS,29.31,2.11,FOG,14.5,0.7257,1
107.8,7.4,0.9,0,21.2,EXPRESS,1.82,17.24,CLEAR,8.0,0.2168,0
103.5,3.1,2.5,0,24.7,PASSENGER,37.73,17.35,FOG,6.4,0.094,0
120.2,3.6,0.5,1,2.7,EXPRESS,26.7,5.65,CLEAR,8.6,0.6224,1
66.4,8.3,0.7,1,10.0,FREIGHT,6.92,22.94,CLEAR,16.2,0.7493,1
73.2,8.4,4.3,1,10.7,PASSENGER,35.03,18.67,RAIN,18.7,0.6496,0
60.2,6.6,4.2,0,25.9,PASSENGER,3.73,19.33,RAIN,15.9,0.2871,0
124.7,4.8,1.1,0,23.7,EXPRESS,16.53,0.09,STORM,10.1,0.1559,0
65.0,11.3,2.9,1,20.2,PASSENGER,29.61,23.48,CLEAR,16.6,0.4358,1
97.7,12.9,9.0,0,24.4,PASSENGER,37.53,23.77,RAIN,12.4,0.193,0
73.8,3.9,0.9,0,14.4,PASSENGER,14.28,12.17,RAIN,4.5,0.113,0
121.1,3.3,0.1,0,26.4,EXPRESS,33.31,23.64,CLEAR,3.8,0.1071,0
64.4,6.5,4.7,1,8.2,PASSENGER,8.27,14.69,STORM,20.0,0.853,1
42.9,2.1,0.2,1,21.6,FREIGHT,1.89,3.22,CLEAR,13.9,0.8561,1
144.7,23.7,17.6,1,8.4,EXPRESS,1.64,19.54,RAIN,31.2,0.9341,1
100.6,5.7,4.2,1,2.6,EXPRESS,26.5,13.39,RAIN,17.6,0.6609,0
135.3,6.9,2.9,1,9.6,EXPRESS,6.59,8.21,CLEAR,10.3,0.5592,0
105.9,2.9,2.5,0,15.5,PASSENGER,2.49,5.67,CLEAR,8.4,0.1704,0
94.0,3.9,3.8,0,25.5,PASSENGER,39.08,12.45,CLEAR,5.6,0.0927,0
100.6,2.0,0.4,0,16.0,PASSENGER,10.06,16.6,CLEAR,2.1,0.0671,0
97.6,14.8,12.0,1,6.6,EXPRESS,18.77,21.05,FOG,26.3,0.7869,1
107.6,6.4,4.4,0,29.8,EXPRESS,24.72,14.37,RAIN,10.7,0.0586,0
104.7,8.9,0.9,0,9.2,PASSENGER,6.21,9.97,CLEAR,4.8,0.2786,0
95.8,8.0,3.7,0,29.6,PASSENGER,14.61,15.17,RAIN,13.5,0.122,0
58.8,2.0,0.6,0,28.2,FREIGHT,26.08,11.93,CLEAR,3.8,0.0789,0
136.5,0.7,0.1,0,17.0,EXPRESS,25.77,15.65,CLEAR,0.0,0.0795,0
80.7,7.6,4.5,1,4.1,PASSENGER,33.76,14.62,CLEAR,16.5,0.7057,0
62.2,8.9,4.7,0,21.3,PASSENGER,17.78,23.49,RAIN,13.0,0.0869,0
99.2,6.2,3.9,0,25.6,PASSENGER,35.65,14.93,RAIN,10.4,0.0892,0
93.9,1.8,0.9,1,14.2,PASSENGER,27.45,16.58,CLEAR,9.7,0.5671,1
83.6,5.3,4.2,1,8.3,PASSENGER,22.7,21.42,CLEAR,14.5,0.6293,0
70.5,1.3,0.3,0,24.4,FREIGHT,5.13,21.91,CLEAR,8.0,0.0801,0
113.5,6.6,4.2,0,17.0,EXPRESS,23.2,3.38,CLEAR,6.9,0.1488,0
110.6,9.3,3.6,0,7.1,EXPRESS,23.99,10.89,CLEAR,11.4,0.1698,0
103.6,11.6,4.8,0,28.6,PASSENGER,30.47,22.63,CLEAR,9.1,0.097,0
99.8,13.7,10.2,0,28.5,PASSENGER,28.91,23.03,FOG,20.6,0.2083,0
126.0,11.2,8.5,1,12.0,EXPRESS,21.43,4.56,CLEAR,15.0,0.4605,0
99.2,30.1,17.8,1,3.3,EXPRESS,23.92,10.65,RAIN,38.9,0.9316,1
105.1,21.2,16.8,0,19.5,EXPRESS,31.01,6.69,RAIN,23.9,0.4048,0
59.5,11.5,6.7,1,10.5,FREIGHT,14.38,18.98,RAIN,22.7,0.6895,1
117.0,19.6,14.1,1,3.4,EXPRESS,5.83,20.45,FOG,29.0,0.8937,1
148.6,8.1,9.1,0,26.9,EXPRESS,35.03,11.26,CLEAR,2.5,0.1243,0
156.5,5.3,5.9,0,29.9,EXPRESS,38.62,16.22,RAIN,7.1,0.0917,0
146.4,13.5,0.4,0,11.5,EXPRESS,17.46,20.88,RAIN,10.5,0.0782,0
116.4,2.3,0.2,0,22.7,EXPRESS,39.62,17.03,CLEAR,2.0,0.0991,0
99.4,14.9,8.2,1,3.4,PASSENGER,13.25,3.75,CLEAR,22.6,0.8353,0
114.6,7.8,3.0,1,12.0,EXPRESS,3.13,17.09,CLEAR,14.0,0.7335,1
37.5,8.5,7.6,1,4.6,FREIGHT,23.11,3.81,CLEAR,20.8,0.831,1
92.3,3.9,1.7,1,3.1,EXPRESS,34.79,15.69,CLEAR,15.3,0.5902,0
79.3,4.5,2.3,1,18.3,PASSENGER,24.89,8.0,FOG,19.3,0.6154,1
70.7,6.7,5.4,0,24.4,FREIGHT,0.87,1.35,CLEAR,14.4,0.4235,1
71.9,10.5,11.1,0,14.4,PASSENGER,0.97,5.44,CLEAR,16.2,0.4782,0
70.3,2.6,0.4,1,16.4,PASSENGER,29.11,11.24,CLEAR,10.2,0.3605,0
157.9,9.0,8.9,1,9.2,EXPRESS,33.89,23.86,RAIN,12.2,0.6376,1
91.8,7.2,7.1,0,22.5,EXPRESS,10.49,6.14,RAIN,11.0,0.1558,0
99.3,1.8,1.7,1,11.8,PASSENGER,19.07,23.49,CLEAR,7.1,0.5592,0
44.5,5.6,2.0,1,3.4,FREIGHT,38.46,8.74,CLEAR,19.1,0.5443,0
61.9,6.3,0.2,1,6.2,PASSENGER,18.69,23.04,RAIN,17.1,0.6544,0
105.9,2.7,0.1,1,5.2,PASSENGER,5.86,22.95,CLEAR,9.7,0.7244,0
67.0,4.1,2.9,1,13.9,PASSENGER,36.51,3.43,FOG,15.9,0.6064,1
87.6,17.6,0.5,1,3.4,PASSENGER,20.06,19.89,RAIN,27.1,0.8245,1
109.2,1.4,1.0,0,24.5,EXPRESS,14.1,12.42,FOG,6.2,0.2104,0
63.3,9.7,8.4,0,27.4,PASSENGER,4.35,16.47,STORM,19.6,0.4495,1
32.2,5.1,3.8,1,8.6,FREIGHT,18.6,18.63,CLEAR,17.4,0.5595,0
98.1,7.0,4.5,0,15.3,EXPRESS,30.9,2.99,CLEAR,8.9,0.0991,0
63.6,1.6,0.9,0,16.3,PASSENGER,28.83,19.18,CLEAR,8.0,0.1016,0
143.2,7.2,7.9,0,29.6,EXPRESS,20.12,7.27,CLEAR,4.6,0.1047,0
84.3,8.8,9.1,1,3.4,PASSENGER,28.92,17.58,CLEAR,18.3,0.7913,0
114.0,5.2,3.3,0,20.5,EXPRESS,14.36,13.77,CLEAR,2.2,0.0982,0
80.9,13.4,11.0,1,11.4,PASSENGER,29.54,16.43,CLEAR,19.9,0.6723,1
106.4,9.0,8.4,1,15.8,PASSENGER,3.89,14.95,FOG,18.1,0.8244,0
153.8,9.3,5.9,1,7.7,EXPRESS,8.37,19.45,CLEAR,11.2,0.5034,0
95.8,5.1,6.0,1,6.1,PASSENGER,35.17,21.47,RAIN,11.1,0.6437,0
104.2,5.6,0.5,1,8.4,PASSENGER,12.1,10.78,CLEAR,12.8,0.4818,1
44.4,3.7,1.4,1,3.5,FREIGHT,8.63,9.41,CLEAR,14.7,0.7623,1
116.7,0.9,0.3,1,9.4,EXPRESS,4.02,5.81,STORM,8.9,0.6646,1
133.0,0.5,0.0,0,21.2,EXPRESS,16.02,19.53,CLEAR,0.6,0.0808,0
133.7,5.4,0.8,0,20.1,EXPRESS,3.15,23.21,RAIN,7.3,0.1443,0
51.7,14.4,9.6,1,17.3,FREIGHT,20.13,4.69,RAIN,21.3,0.5962,1
48.0,3.1,1.2,1,1.5,FREIGHT,36.81,10.99,CLEAR,19.5,0.7912,1
109.3,20.7,15.8,0,5.1,PASSENGER,31.59,18.49,CLEAR,23.0,0.2181,0
67.0,5.5,4.1,0,25.5,FREIGHT,2.11,15.27,CLEAR,9.6,0.3567,1
81.7,4.1,1.2,1,9.2,PASSENGER,12.34,19.56,FOG,13.1,0.6638,0
96.4,10.2,3.1,0,27.5,PASSENGER,7.91,0.39,FOG,14.2,0.2288,0
108.9,3.2,1.1,0,26.4,EXPRESS,3.14,21.87,CLEAR,4.0,0.1293,0
65.0,16.2,18.6,1,5.9,PASSENGER,4.79,1.47,CLEAR,32.5,0.8599,1
114.7,8.2,8.5,0,27.1,EXPRESS,36.37,10.69,CLEAR,10.5,0.0534,0
48.1,0.7,0.1,0,19.4,FREIGHT,12.75,6.62,RAIN,8.4,0.136,1
60.8,17.6,13.3,0,19.5,PASSENGER,15.99,22.28,FOG,28.2,0.244,0
100.7,6.8,5.7,0,25.8,PASSENGER,19.69,6.6,RAIN,12.1,0.1378,0
115.1,2.5,0.4,0,13.0,EXPRESS,29.92,8.96,CLEAR,0.4,0.0547,0
130.6,7.5,5.0,1,22.5,EXPRESS,32.04,21.32,RAIN,14.3,0.5913,1
95.2,5.9,4.7,0,20.5,EXPRESS,38.57,12.9,CLEAR,8.6,0.1063,0
102.2,4.6,1.1,0,23.5,EXPRESS,8.82,21.56,STORM,10.1,0.1124,0
152.3,9.5,6.4,0,20.3,EXPRESS,12.39,15.86,FOG,8.2,0.2412,0
57.4,2.1,0.4,1,3.8,FREIGHT,12.86,1.9,STORM,18.9,0.7316,0
107.5,9.0,3.0,1,9.8,PASSENGER,18.09,10.43,CLEAR,14.7,0.4913,0
159.9,3.5,0.0,0,28.3,EXPRESS,32.39,4.23,RAIN,3.9,0.1086,0
116.0,13.4,15.6,1,7.9,EXPRESS,9.96,1.56,RAIN,17.5,0.7268,1
74.9,10.6,6.3,0,15.0,PASSENGER,31.43,8.97,CLEAR,12.0,0.1394,0
102.9,4.6,0.8,1,11.7,PASSENGER,8.56,21.8,FOG,14.1,0.7287,0
109.9,6.5,1.9,0,4.0,PASSENGER,28.55,2.82,RAIN,10.2,0.1761,0
58.3,3.7,0.8,1,6.7,FREIGHT,32.06,0.16,RAIN,15.9,0.6443,0
99.8,9.0,6.5,1,9.7,PASSENGER,34.22,22.44,CLEAR,15.1,0.5734,1
65.2,1.7,0.3,1,14.7,FREIGHT,20.66,12.72,STORM,17.0,0.5648,0
46.0,10.9,8.3,0,26.4,FREIGHT,13.48,13.41,RAIN,15.5,0.2036,1
130.2,13.3,12.8,1,16.2,EXPRESS,31.01,22.28,STORM,27.8,0.5782,0
67.5,11.6,5.1,1,20.1,FREIGHT,13.18,16.8,CLEAR,20.9,0.6922,1
138.2,2.5,1.1,0,13.6,EXPRESS,6.35,19.84,RAIN,4.0,0.1384,0
31.0,5.6,2.0,0,26.3,FREIGHT,33.47,18.49,RAIN,12.0,0.1112,0
113.6,4.4,2.9,1,20.4,EXPRESS,16.74,14.68,CLEAR,8.6,0.5113,1
36.5,7.3,4.2,0,4.1,FREIGHT,23.05,16.52,CLEAR,16.9,0.0968,0
40.5,9.0,5.0,0,15.1,FREIGHT,36.78,13.46,RAIN,16.5,0.3374,1
70.7,5.5,3.6,0,25.1,FREIGHT,5.86,8.53,RAIN,11.8,0.1378,0
61.8,3.3,1.9,0,22.4,PASSENGER,22.51,6.85,FOG,9.7,0.115,0
105.4,13.0,10.0,0,27.3,EXPRESS,22.57,4.22,RAIN,13.4,0.2173,1
111.7,5.9,0.4,1,8.0,EXPRESS,34.54,8.5,CLEAR,13.7,0.5432,1
90.8,10.0,2.8,0,29.3,PASSENGER,13.98,13.85,STORM,15.4,0.1293,0
127.4,5.8,6.7,0,9.6,EXPRESS,16.35,14.1,CLEAR,8.5,0.1205,0
70.9,1.4,0.3,0,2.9,PASSENGER,21.01,16.4,RAIN,7.9,0.1882,0
101.5,5.5,5.5,0,15.6,EXPRESS,7.1,21.11,CLEAR,7.6,0.1025,0
40.7,14.8,7.7,1,4.6,FREIGHT,19.09,15.64,CLEAR,26.2,0.8415,1
85.1,6.4,4.9,0,20.9,PASSENGER,17.73,4.1,FOG,12.3,0.1036,1
42.2,0.6,0.1,0,27.2,FREIGHT,8.3,0.62,CLEAR,8.6,0.1441,0
156.3,1.2,0.9,0,27.8,EXPRESS,33.4,4.72,CLEAR,1.9,0.0383,0
50.9,5.7,1.9,1,18.8,FREIGHT,17.53,21.79,CLEAR,15.4,0.5337,0
32.6,7.6,1.2,0,16.8,FREIGHT,12.59,13.62,RAIN,16.0,0.1293,0
96.5,17.9,14.8,0,29.8,PASSENGER,5.65,20.37,RAIN,21.3,0.3735,1
76.4,4.3,4.7,0,18.0,PASSENGER,4.05,5.62,CLEAR,8.8,0.2327,1
92.7,4.6,1.6,0,27.9,PASSENGER,38.43,17.04,CLEAR,5.3,0.1449,0
109.6,10.9,11.9,0,27.6,EXPRESS,39.81,17.56,CLEAR,10.8,0.1246,0
88.5,5.9,6.1,0,9.8,PASSENGER,35.97,19.43,CLEAR,10.4,0.0939,0
144.1,7.8,1.5,0,1.9,EXPRESS,18.62,12.85,CLEAR,9.6,0.2764,0
155.0,8.4,2.1,0,14.0,EXPRESS,32.41,19.04,CLEAR,7.7,0.1001,0
108.3,11.9,1.0,0,26.0,EXPRESS,33.45,22.45,RAIN,13.2,0.1059,0
113.4,17.6,15.9,0,25.3,EXPRESS,12.34,22.98,CLEAR,19.0,0.1928,0
122.5,4.0,3.3,0,18.7,EXPRESS,23.65,3.01,CLEAR,5.4,0.0876,0
154.9,17.0,10.2,1,6.0,EXPRESS,38.29,14.98,CLEAR,21.7,0.7829,1
70.6,2.0,1.9,1,4.6,FREIGHT,11.56,2.72,RAIN,13.7,0.539,1
64.5,11.5,8.9,0,28.7,PASSENGER,26.68,22.14,CLEAR,11.2,0.2366,0
35.9,1.0,0.2,1,13.5,FREIGHT,26.67,22.93,RAIN,12.2,0.5735,1
84.8,22.7,18.1,0,20.0,PASSENGER,18.38,11.99,CLEAR,28.4,0.4003,1
97.5,12.9,10.9,0,27.3,EXPRESS,19.87,23.04,CLEAR,18.7,0.1543,0
77.3,2.0,2.0,0,26.3,PASSENGER,18.53,18.39,CLEAR,8.6,0.1142,0
67.4,7.1,6.7,1,17.7,PASSENGER,21.08,16.7,RAIN,17.3,0.5497,0
134.5,13.7,6.3,0,15.4,EXPRESS,6.38,13.94,RAIN,13.2,0.2338,0
107.5,12.4,10.4,0,22.5,PASSENGER,31.89,9.76,RAIN,17.0,0.2052,0
159.8,5.0,1.7,1,11.5,EXPRESS,26.61,23.13,RAIN,9.4,0.3424,0
78.8,3.3,2.8,0,19.3,PASSENGER,38.97,4.73,CLEAR,2.2,0.1505,0
90.0,10.1,9.0,1,2.2,PASSENGER,10.2,19.26,RAIN,22.6,0.7319,1
149.9,8.9,6.8,1,25.0,EXPRESS,6.27,8.82,CLEAR,11.3,0.6878,1
98.2,10.8,2.2,0,29.9,EXPRESS,14.03,18.08,FOG,12.4,0.1428,0
94.5,6.5,8.4,0,28.7,PASSENGER,20.63,3.93,RAIN,9.9,0.1675,0
80.4,2.4,0.2,0,11.8,PASSENGER,8.6,8.96,CLEAR,6.6,0.1222,0
104.4,6.4,6.9,1,16.6,EXPRESS,18.69,22.71,CLEAR,12.7,0.5119,1
48.1,2.7,1.0,1,8.2,FREIGHT,25.88,13.38,RAIN,17.3,0.5217,0
95.3,2.1,1.5,1,10.1,EXPRESS,2.72,11.79,CLEAR,13.0,0.634,1
94.8,8.2,3.1,0,14.5,PASSENGER,30.44,18.05,FOG,15.2,0.1305,0
41.4,2.9,2.7,0,22.8,FREIGHT,37.62,10.01,CLEAR,10.6,0.1317,0
111.8,4.2,3.3,1,2.0,EXPRESS,11.1,11.83,CLEAR,13.1,0.7127,1
98.5,4.6,3.5,0,12.7,EXPRESS,31.16,13.45,CLEAR,8.7,0.0761,0
150.5,8.2,1.8,0,17.4,EXPRESS,17.01,23.76,CLEAR,4.2,0.0681,0
124.5,5.0,0.9,1,7.6,EXPRESS,26.75,19.33,CLEAR,8.7,0.4604,0
130.1,7.7,6.6,1,3.7,EXPRESS,29.85,0.96,CLEAR,11.5,0.6289,0
88.5,2.2,2.3,0,16.9,PASSENGER,12.15,18.81,RAIN,3.8,0.086,0
118.7,6.3,3.2,0,19.7,EXPRESS,31.6,12.07,CLEAR,9.2,0.1058,0
69.6,6.2,4.7,0,19.8,PASSENGER,4.65,5.54,RAIN,12.8,0.1814,1
63.5,9.6,10.8,0,11.7,FREIGHT,39.48,20.48,STORM,22.2,0.3401,0
35.7,11.8,5.5,1,8.3,FREIGHT,13.81,6.49,RAIN,24.8,0.8008,1
65.2,0.6,0.2,1,7.8,PASSENGER,9.34,7.69,CLEAR,14.4,0.5896,0
139.7,19.5,8.2,1,2.7,EXPRESS,5.98,1.51,CLEAR,27.8,0.8178,0
70.4,21.3,20.4,1,6.8,PASSENGER,32.58,23.46,RAIN,33.5,0.9003,1
75.3,3.1,2.9,0,24.8,PASSENGER,23.64,19.09,STORM,12.6,0.166,0
83.8,21.1,15.7,1,1.6,PASSENGER,38.09,3.55,RAIN,34.3,0.9441,1
121.5,6.5,3.6,0,2.8,EXPRESS,26.08,11.75,CLEAR,6.9,0.2153,0
61.9,4.1,2.8,1,5.1,FREIGHT,13.95,8.08,CLEAR,14.2,0.602,1
91.2,6.3,1.8,1,13.5,PASSENGER,33.54,0.78,RAIN,14.1,0.4908,1
135.1,6.0,4.8,0,11.0,EXPRESS,11.61,22.25,RAIN,2.8,0.1364,0
140.0,1.0,1.2,1,6.6,EXPRESS,11.99,20.15,CLEAR,0.8,0.4573,0
74.6,6.9,0.5,1,4.7,PASSENGER,1.62,23.69,CLEAR,15.9,0.8002,1
44.5,8.7,0.1,0,28.3,FREIGHT,10.45,5.82,RAIN,17.0,0.1294,0
81.9,4.2,1.6,0,27.5,PASSENGER,10.83,16.79,CLEAR,5.8,0.1829,0
75.4,7.2,2.3,0,23.5,PASSENGER,12.25,2.84,CLEAR,14.1,0.0792,0
158.9,4.9,3.6,1,8.7,EXPRESS,15.06,10.35,RAIN,8.3,0.3817,0
100.7,2.2,1.6,1,10.7,PASSENGER,23.28,20.32,CLEAR,7.4,0.4988,0
68.2,23.7,18.6,0,20.5,PASSENGER,9.05,0.19,RAIN,27.1,0.3462,1
90.4,11.2,1.6,1,9.8,EXPRESS,25.65,11.54,RAIN,19.4,0.5992,1
93.0,4.2,2.6,0,16.6,EXPRESS,5.77,10.43,CLEAR,2.8,0.0824,0
72.2,0.6,0.5,0,20.1,PASSENGER,37.27,16.58,CLEAR,3.4,0.0886,0
98.0,3.2,1.4,1,16.3,EXPRESS,1.53,5.71,RAIN,11.4,0.7941,1
86.7,0.2,0.2,1,13.3,PASSENGER,36.37,4.16,RAIN,6.8,0.5423,0
150.1,4.1,3.7,0,11.4,EXPRESS,22.11,15.62,CLEAR,1.6,0.1084,0
141.6,7.7,6.3,0,23.7,EXPRESS,28.55,15.39,CLEAR,6.5,0.0942,0
105.1,2.4,1.0,0,22.6,EXPRESS,12.28,18.04,RAIN,2.9,0.0579,0
48.0,1.6,2.1,0,21.3,FREIGHT,7.37,5.93,CLEAR,9.3,0.1019,1
52.9,0.5,0.1,1,12.2,FREIGHT,37.92,0.39,CLEAR,13.0,0.41,1
66.5,11.6,8.2,0,23.6,FREIGHT,17.92,21.07,RAIN,15.7,0.1381,0
102.0,10.0,6.8,0,28.8,PASSENGER,19.48,4.95,RAIN,12.7,0.2124,0
153.7,1.8,0.3,0,21.1,EXPRESS,39.43,10.03,CLEAR,0.0,0.1012,0
85.5,6.4,2.0,0,13.1,PASSENGER,13.77,11.24,CLEAR,10.0,0.0997,0
94.7,18.0,14.0,0,24.2,PASSENGER,4.46,4.5,CLEAR,19.9,0.3661,1
35.0,3.2,2.2,0,18.9,FREIGHT,23.68,12.5,CLEAR,9.0,0.1481,0
129.6,8.4,3.4,0,26.5,EXPRESS,22.41,21.94,CLEAR,5.3,0.0846,0
72.4,3.7,2.0,0,21.8,PASSENGER,31.04,6.51,CLEAR,9.5,0.0966,0
120.2,6.4,4.1,0,23.4,EXPRESS,38.23,12.49,RAIN,7.0,0.0568,0
134.4,22.5,17.2,0,20.5,EXPRESS,12.65,7.41,CLEAR,20.3,0.1824,0
72.8,30.4,27.0,0,4.1,PASSENGER,29.01,23.54,CLEAR,39.3,0.5986,1
62.6,4.8,6.7,0,15.3,PASSENGER,17.66,5.29,RAIN,12.4,0.1953,0
90.7,10.9,2.3,1,3.1,EXPRESS,31.46,2.62,RAIN,18.8,0.779,0
91.6,3.6,3.1,1,14.3,EXPRESS,6.99,3.42,CLEAR,10.7,0.4603,1
60.4,5.6,2.0,0,21.9,PASSENGER,20.28,8.81,CLEAR,8.4,0.1497,0
65.5,16.5,19.1,0,13.5,PASSENGER,3.55,13.27,CLEAR,20.6,0.4575,0
40.8,7.8,5.5,1,1.5,FREIGHT,22.67,16.03,CLEAR,22.5,0.8669,1
40.0,4.6,2.7,1,12.0,FREIGHT,7.17,13.5,CLEAR,15.7,0.6518,1
109.3,1.7,0.1,1,3.4,PASSENGER,38.42,21.73,STORM,13.7,0.6278,1
111.4,8.1,3.3,1,23.7,EXPRESS,22.4,8.65,CLEAR,14.2,0.5784,0
66.4,22.1,18.6,0,23.8,PASSENGER,21.41,17.1,CLEAR,28.5,0.3767,0
87.3,3.0,3.3,0,24.5,PASSENGER,38.91,6.44,CLEAR,4.8,0.08,0
150.1,5.8,0.9,1,2.4,EXPRESS,20.19,16.36,FOG,13.3,0.7397,1
60.5,0.5,0.1,1,2.4,FREIGHT,27.23,22.22,FOG,15.2,0.7409,1
110.7,2.5,2.0,0,27.2,EXPRESS,2.34,23.48,CLEAR,1.7,0.162,0
55.3,19.2,11.3,1,5.0,FREIGHT,28.48,17.51,FOG,33.4,0.8249,1
95.7,29.9,25.5,0,20.6,PASSENGER,4.62,22.62,CLEAR,29.2,0.5321,0
96.4,11.1,13.1,0,24.2,PASSENGER,31.32,16.33,CLEAR,12.4,0.2004,0
93.3,8.6,5.9,0,14.3,PASSENGER,35.14,23.12,CLEAR,9.0,0.0943,0
69.2,5.6,3.7,1,17.1,FREIGHT,12.96,21.55,CLEAR,12.8,0.6574,0
103.5,6.2,4.0,1,8.0,PASSENGER,35.19,2.56,CLEAR,10.9,0.4744,0
88.9,5.5,3.5,0,27.8,PASSENGER,19.56,11.38,RAIN,6.5,0.1976,0
120.1,13.2,5.5,0,10.1,EXPRESS,23.08,8.34,RAIN,14.2,0.217,1
92.1,1.9,2.4,1,7.7,PASSENGER,16.73,0.65,FOG,12.3,0.5503,0
147.3,6.4,5.0,1,16.5,EXPRESS,19.32,11.21,CLEAR,9.3,0.3867,1
60.3,0.9,0.6,1,6.9,PASSENGER,36.38,3.56,CLEAR,12.0,0.4634,0
109.6,1.5,1.4,0,21.1,PASSENGER,37.92,0.87,CLEAR,3.7,0.065,0
69.1,15.3,8.1,0,16.2,PASSENGER,18.11,10.68,CLEAR,17.7,0.1822,0
122.9,16.7,10.5,1,5.7,EXPRESS,20.82,5.58,CLEAR,22.3,0.6793,1
151.0,8.4,3.5,1,3.4,EXPRESS,5.09,22.45,RAIN,13.4,0.746,1
71.3,3.2,0.1,1,5.4,PASSENGER,13.36,19.5,CLEAR,12.6,0.562,1
123.4,17.2,11.8,1,5.4,EXPRESS,20.77,22.95,CLEAR,22.0,0.6885,1
99.3,4.3,5.4,1,10.4,EXPRESS,8.5,21.16,STORM,15.7,0.7727,1
117.7,3.3,2.4,0,25.2,EXPRESS,23.27,17.47,CLEAR,3.4,0.1149,1
38.0,5.2,4.1,1,3.1,FREIGHT,27.57,14.34,CLEAR,18.1,0.7341,1
78.2,7.8,2.5,0,5.2,PASSENGER,26.17,1.57,CLEAR,12.8,0.1968,1
116.1,4.6,2.8,0,10.1,EXPRESS,17.98,6.38,STORM,13.1,0.1999,0
159.5,11.1,9.8,1,17.3,EXPRESS,30.89,17.06,RAIN,12.9,0.5632,0
159.6,1.6,0.8,0,23.2,EXPRESS,13.12,9.63,CLEAR,0.0,0.0834,1
65.7,3.7,0.5,0,27.8,PASSENGER,19.04,7.81,CLEAR,12.6,0.0725,0
96.3,6.6,0.0,1,13.2,PASSENGER,11.17,2.5,CLEAR,9.1,0.4501,0
93.6,3.3,1.7,1,4.5,EXPRESS,24.34,1.68,CLEAR,8.5,0.6054,1
92.1,3.5,0.7,1,7.6,EXPRESS,17.91,5.04,CLEAR,13.2,0.5568,1
97.4,2.4,1.1,1,9.7,EXPRESS,9.08,20.03,CLEAR,13.4,0.5549,1
108.3,4.8,0.1,0,23.9,PASSENGER,12.67,15.91,CLEAR,8.4,0.095,0
107.0,3.3,1.2,0,21.1,PASSENGER,11.54,8.18,STORM,10.7,0.088,0
103.6,2.6,1.8,1,7.5,EXPRESS,36.48,1.46,RAIN,10.3,0.3894,1
101.3,1.7,0.1,0,25.4,EXPRESS,21.12,4.52,CLEAR,2.8,0.0835,0
106.8,5.2,4.2,0,26.0,EXPRESS,26.28,10.8,RAIN,9.0,0.1341,0
53.2,9.1,3.8,0,26.6,FREIGHT,37.42,3.68,STORM,21.6,0.1808,0
129.9,10.1,0.5,1,9.3,EXPRESS,7.7,18.3,RAIN,16.0,0.7588,1
71.1,7.2,4.1,1,5.3,PASSENGER,37.51,18.93,CLEAR,13.0,0.5639,1
97.8,30.9,29.7,1,4.5,PASSENGER,21.82,3.28,CLEAR,38.1,0.9452,1
111.7,13.8,13.0,0,12.9,EXPRESS,34.32,17.44,RAIN,17.8,0.124,0
154.5,1.8,0.0,1,13.7,EXPRESS,7.14,12.29,RAIN,2.7,0.4338,1
136.0,9.4,7.1,0,26.2,EXPRESS,11.28,23.1,CLEAR,4.7,0.143,0
81.8,1.9,2.0,1,9.1,PASSENGER,8.17,18.9,CLEAR,12.4,0.5158,0
99.5,7.0,0.3,0,19.4,PASSENGER,26.31,14.05,RAIN,10.2,0.1411,0
100.9,6.6,1.6,0,24.0,PASSENGER,6.06,14.49,FOG,14.0,0.1809,0
74.5,7.0,1.7,1,9.2,PASSENGER,31.8,4.29,CLEAR,17.4,0.6734,0
113.8,5.6,3.3,1,9.1,EXPRESS,10.39,21.45,STORM,15.7,0.649,1
72.1,8.6,4.9,1,20.6,FREIGHT,10.59,13.42,CLEAR,17.6,0.5131,1
68.2,8.9,6.2,0,22.2,PASSENGER,11.6,13.78,CLEAR,11.8,0.1425,0
93.0,2.9,1.3,0,28.9,EXPRESS,29.98,13.81,CLEAR,2.0,0.0695,0
50.4,6.9,1.7,0,25.7,FREIGHT,37.01,6.63,CLEAR,14.5,0.0992,0
100.1,21.5,1.7,0,24.9,PASSENGER,36.35,19.49,CLEAR,20.2,0.137,0
98.6,9.1,2.0,0,21.2,PASSENGER,4.5,20.7,CLEAR,13.0,0.105,1
106.0,43.7,35.9,1,4.9,PASSENGER,10.87,6.91,FOG,55.0,0.9837,1
54.0,10.9,6.8,0,24.6,FREIGHT,27.05,10.6,CLEAR,16.9,0.1049,0
65.0,22.7,16.6,0,28.2,PASSENGER,24.93,4.3,CLEAR,28.5,0.2961,0
131.2,11.0,5.3,1,12.6,EXPRESS,14.33,5.73,CLEAR,14.4,0.6028,1
144.5,4.9,2.3,1,10.4,EXPRESS,34.58,8.06,STORM,13.1,0.6405,1
34.2,3.1,2.2,1,16.4,FREIGHT,5.65,21.65,CLEAR,15.5,0.6711,1
102.1,7.1,3.0,0,28.8,EXPRESS,25.74,15.03,CLEAR,10.9,0.0624,0
90.9,9.8,2.4,1,2.9,EXPRESS,11.29,14.11,CLEAR,19.6,0.6579,1
89.7,9.9,7.9,0,21.7,PASSENGER,21.32,22.72,FOG,15.9,0.1802,0
104.3,8.0,2.8,0,24.7,PASSENGER,15.81,18.99,RAIN,9.7,0.1248,0
93.5,2.3,1.6,1,24.0,PASSENGER,39.2,0.39,CLEAR,9.1,0.3324,1
74.2,15.3,6.7,0,17.7,FREIGHT,19.72,2.98,CLEAR,16.8,0.2204,0
94.4,10.2,8.7,0,27.7,EXPRESS,39.06,5.95,CLEAR,10.8,0.0995,0
153.2,4.7,2.5,1,5.3,EXPRESS,10.57,7.29,RAIN,9.1,0.726,1
147.0,10.1,5.0,1,8.5,EXPRESS,30.83,20.02,CLEAR,13.0,0.4019,1
44.1,5.3,0.3,1,10.2,FREIGHT,28.82,18.48,CLEAR,17.5,0.6293,0
108.7,10.4,3.4,1,1.7,PASSENGER,33.98,3.49,CLEAR,17.2,0.7731,1
110.2,7.2,0.2,1,12.1,EXPRESS,27.9,12.81,STORM,17.8,0.6234,1
70.0,0.3,0.1,1,6.1,FREIGHT,27.45,2.62,CLEAR,11.1,0.5531,0
69.6,4.0,4.3,0,22.2,FREIGHT,26.6,4.15,STORM,12.3,0.1371,0
64.1,7.1,1.6,1,13.3,FREIGHT,39.41,5.81,RAIN,16.6,0.5576,1
55.4,16.4,6.1,0,21.6,FREIGHT,9.51,21.73,CLEAR,22.3,0.1715,0
98.4,8.8,10.2,1,9.9,EXPRESS,1.69,8.78,RAIN,18.1,0.9048,1
86.6,0.7,0.7,1,5.3,PASSENGER,27.28,21.98,RAIN,7.1,0.4905,1
77.8,8.4,5.8,1,5.3,PASSENGER,7.31,18.02,CLEAR,19.4,0.6541,1
65.6,4.2,3.3,1,7.3,FREIGHT,27.34,17.99,RAIN,16.0,0.7041,1
97.9,4.9,0.5,1,4.8,PASSENGER,13.13,19.28,CLEAR,9.2,0.428,1
105.5,4.9,4.7,1,7.8,PASSENGER,2.21,2.3,RAIN,11.7,0.8576,1
60.7,3.9,4.2,0,18.0,PASSENGER,30.91,19.55,RAIN,10.7,0.1218,0
146.6,9.9,3.3,1,8.8,EXPRESS,2.54,6.06,CLEAR,13.1,0.8013,1
106.9,11.0,11.7,1,11.3,PASSENGER,9.35,23.61,RAIN,21.6,0.7447,0
65.5,7.1,3.3,1,3.0,FREIGHT,13.79,20.36,RAIN,18.1,0.5894,0
35.9,22.9,21.0,0,26.9,FREIGHT,5.74,23.92,CLEAR,29.9,0.5549,1
95.7,6.4,3.2,1,5.4,EXPRESS,36.59,22.49,CLEAR,16.0,0.4798,0
91.5,0.8,0.6,1,11.4,EXPRESS,25.06,8.63,CLEAR,10.5,0.4222,0
134.0,3.2,2.9,1,12.3,EXPRESS,35.08,22.6,CLEAR,6.8,0.5969,0
91.5,2.7,0.9,0,23.5,PASSENGER,27.44,7.93,RAIN,5.6,0.0768,0
74.4,9.9,4.1,0,15.3,FREIGHT,39.68,15.82,CLEAR,14.5,0.1841,0
117.9,8.8,5.3,0,12.4,EXPRESS,21.24,19.65,RAIN,6.8,0.104,0
76.6,3.5,2.8,0,21.3,PASSENGER,2.62,9.17,CLEAR,7.4,0.2786,0
58.1,5.3,0.5,0,18.5,FREIGHT,6.85,4.89,CLEAR,10.0,0.1345,0
101.3,2.1,2.8,0,3.7,PASSENGER,23.74,21.48,RAIN,6.8,0.1629,0
106.8,8.7,0.4,1,10.4,PASSENGER,14.24,2.48,FOG,17.9,0.6237,1
100.2,6.7,5.2,0,29.4,PASSENGER,4.96,8.76,CLEAR,10.8,0.1491,0
81.3,7.4,7.0,0,15.3,PASSENGER,9.91,12.97,RAIN,11.0,0.1112,0
134.4,16.8,14.8,0,13.6,EXPRESS,19.25,19.31,RAIN,16.8,0.2061,1
102.8,3.0,0.7,1,5.8,PASSENGER,20.97,20.85,CLEAR,11.5,0.45,0
84.5,4.5,3.4,0,25.4,PASSENGER,37.42,12.28,CLEAR,4.8,0.0608,0
39.8,5.4,3.8,1,5.3,FREIGHT,4.08,13.76,FOG,19.9,0.8302,1
68.5,8.8,11.5,1,4.5,PASSENGER,14.63,20.49,RAIN,26.2,0.8349,1
60.0,12.0,4.4,1,14.0,PASSENGER,20.49,11.21,FOG,24.4,0.6518,1
140.3,5.7,0.7,1,13.9,EXPRESS,4.97,13.42,RAIN,9.5,0.7298,0
65.6,5.8,2.6,0,29.5,PASSENGER,27.67,0.44,CLEAR,6.7,0.1026,0
107.1,6.1,4.8,1,5.1,EXPRESS,20.84,22.83,CLEAR,8.6,0.5522,1
110.9,8.4,5.4,0,15.3,EXPRESS,18.65,13.6,CLEAR,11.7,0.1114,0
88.0,8.7,8.9,1,7.2,PASSENGER,26.42,17.46,CLEAR,15.2,0.7901,0
47.9,9.0,0.9,0,21.5,FREIGHT,11.87,5.95,RAIN,15.6,0.196,0
137.2,11.9,13.6,1,12.7,EXPRESS,13.9,15.76,CLEAR,19.3,0.6879,1
62.8,3.5,0.3,0,20.0,PASSENGER,6.93,11.04,CLEAR,7.1,0.1476,0
35.6,20.6,18.5,1,11.1,FREIGHT,21.19,2.7,CLEAR,32.4,0.7934,1
124.9,14.2,8.8,1,17.6,EXPRESS,15.21,19.92,STORM,25.4,0.8239,1
76.8,12.5,4.9,0,14.9,PASSENGER,10.78,20.14,CLEAR,18.4,0.1362,0
74.8,7.3,6.0,0,12.2,PASSENGER,5.43,1.53,CLEAR,13.5,0.1362,0
63.4,4.5,0.3,0,16.8,PASSENGER,1.42,9.37,CLEAR,11.9,0.2726,0
152.7,2.9,0.2,1,12.4,EXPRESS,8.14,6.75,CLEAR,0.5,0.4576,1
138.4,0.7,0.5,0,24.5,EXPRESS,10.27,12.39,STORM,6.0,0.1246,0
66.1,2.1,0.4,0,15.6,PASSENGER,19.67,11.73,RAIN,10.9,0.0979,0
63.3,9.5,3.6,0,27.2,PASSENGER,10.02,15.75,CLEAR,14.6,0.1293,1
158.2,2.0,1.1,1,7.8,EXPRESS,32.8,5.94,CLEAR,4.3,0.3838,0
94.1,11.2,8.9,1,4.7,PASSENGER,19.23,5.32,CLEAR,17.3,0.6998,0
119.2,5.4,2.7,1,12.4,EXPRESS,25.14,17.36,CLEAR,9.0,0.3421,0
95.1,7.8,5.4,1,6.7,PASSENGER,8.71,23.43,CLEAR,18.6,0.644,1
142.9,10.4,4.8,0,12.7,EXPRESS,16.94,22.71,CLEAR,8.7,0.1855,0
65.1,2.7,1.7,1,7.4,FREIGHT,24.31,19.01,CLEAR,11.5,0.5636,1
123.5,3.4,1.3,0,26.2,EXPRESS,12.79,1.62,CLEAR,0.1,0.1064,0
120.1,3.5,1.9,0,17.7,EXPRESS,13.78,5.71,CLEAR,4.8,0.1365,0
90.8,7.2,7.2,1,15.7,EXPRESS,32.39,16.55,CLEAR,13.4,0.6062,0
154.9,12.5,4.0,0,24.0,EXPRESS,33.57,7.1,CLEAR,9.0,0.097,0
57.1,1.6,1.3,1,5.2,FREIGHT,21.55,9.45,RAIN,17.9,0.5638,0
39.1,7.6,7.7,0,25.9,FREIGHT,35.91,22.89,CLEAR,16.4,0.1732,0
154.4,4.2,0.3,1,15.3,EXPRESS,29.6,2.07,CLEAR,8.6,0.3279,0
105.7,6.1,5.4,1,5.4,PASSENGER,2.68,20.67,CLEAR,13.9,0.8809,1
109.5,6.0,2.6,0,24.9,PASSENGER,22.6,1.21,RAIN,9.8,0.1076,0
69.3,10.0,5.9,1,14.6,FREIGHT,28.06,8.11,RAIN,23.1,0.7539,1
109.9,11.9,11.8,0,18.7,PASSENGER,21.86,13.33,CLEAR,12.1,0.1519,0
107.1,5.3,6.2,0,27.0,EXPRESS,33.36,8.55,CLEAR,7.1,0.0989,1
102.1,3.8,2.6,0,26.9,PASSENGER,12.38,22.97,RAIN,5.7,0.106,0
101.2,1.2,0.7,0,26.9,PASSENGER,3.09,12.11,CLEAR,1.8,0.1913,0
106.2,7.9,7.4,0,13.4,EXPRESS,25.53,17.61,RAIN,11.2,0.2827,1
64.9,8.3,2.8,1,22.9,PASSENGER,29.37,16.85,CLEAR,15.0,0.431,0
158.6,4.9,0.4,1,8.1,EXPRESS,30.73,20.04,CLEAR,6.1,0.4475,1
74.8,4.3,5.7,0,25.2,PASSENGER,0.94,20.73,RAIN,11.7,0.4995,0
151.0,7.9,1.6,1,11.2,EXPRESS,27.1,11.19,RAIN,11.2,0.3883,0
60.2,0.5,0.2,0,14.7,PASSENGER,1.32,20.71,CLEAR,4.4,0.2467,1
61.1,16.5,10.5,0,26.9,PASSENGER,31.1,15.68,RAIN,24.3,0.2652,0
83.3,3.9,3.0,0,24.5,PASSENGER,28.27,16.47,CLEAR,5.4,0.0786,0
106.7,1.3,1.5,0,28.6,EXPRESS,22.91,4.16,CLEAR,0.6,0.0735,0
94.5,8.6,5.7,1,11.9,PASSENGER,20.5,5.88,FOG,21.2,0.6951,1
88.3,13.1,9.8,1,5.8,PASSENGER,28.75,16.5,CLEAR,23.4,0.6606,1
63.9,2.7,0.0,0,27.4,PASSENGER,2.76,6.38,RAIN,8.0,0.1468,0
68.1,6.7,5.2,0,15.6,PASSENGER,33.37,11.76,STORM,20.8,0.1501,0
79.4,8.7,6.6,0,26.8,PASSENGER,8.45,11.76,CLEAR,11.2,0.0759,0
38.4,5.3,1.1,0,22.4,FREIGHT,19.37,5.62,STORM,18.6,0.2561,0
145.5,8.8,3.0,0,26.4,EXPRESS,19.73,13.6,CLEAR,3.3,0.0963,0
48.7,0.6,0.4,0,20.2,FREIGHT,31.2,13.53,STORM,10.2,0.2186,0
64.7,8.1,6.2,0,24.7,PASSENGER,8.12,3.1,CLEAR,15.0,0.1941,0
123.9,12.2,8.5,1,4.9,EXPRESS,12.34,9.15,CLEAR,21.0,0.7051,0
96.4,3.2,0.5,0,29.1,EXPRESS,26.69,8.78,FOG,7.7,0.1185,0
99.0,12.5,7.6,1,6.7,EXPRESS,16.8,13.49,CLEAR,24.3,0.5307,0
72.0,9.3,6.6,1,2.2,PASSENGER,12.31,17.98,CLEAR,23.9,0.8055,0
103.0,12.2,1.9,0,16.6,PASSENGER,25.05,0.44,CLEAR,11.3,0.1196,0
106.2,6.1,5.3,0,21.8,PASSENGER,3.92,3.18,STORM,12.5,0.2095,0
101.3,2.4,0.0,0,21.9,PASSENGER,31.7,7.25,CLEAR,1.2,0.0647,0
76.7,16.2,12.1,0,11.2,PASSENGER,21.23,19.45,CLEAR,19.6,0.2707,0
109.1,6.0,3.6,0,23.0,EXPRESS,8.64,11.53,RAIN,9.1,0.1098,0
128.4,6.1,4.4,0,25.5,EXPRESS,16.64,12.26,CLEAR,5.9,0.0912,0
96.1,8.0,4.9,1,18.9,PASSENGER,5.68,9.82,CLEAR,14.8,0.6696,0
159.5,6.9,3.7,1,12.5,EXPRESS,24.85,9.96,RAIN,12.2,0.5138,1
99.2,9.4,8.7,0,19.0,EXPRESS,26.94,23.46,RAIN,13.7,0.1597,0
62.5,4.7,4.2,0,26.1,PASSENGER,16.51,21.57,CLEAR,11.2,0.1125,0
94.7,14.8,10.7,0,27.2,PASSENGER,13.92,17.42,STORM,23.5,0.3738,0
67.5,9.9,3.9,1,2.4,FREIGHT,34.07,7.78,CLEAR,21.9,0.756,1
68.1,6.9,0.8,1,5.0,FREIGHT,23.25,12.33,STORM,23.8,0.6106,1
93.9,15.1,11.0,1,1.6,PASSENGER,26.85,16.55,CLEAR,28.0,0.8851,1
107.7,9.9,5.2,0,15.5,PASSENGER,5.54,9.47,CLEAR,8.8,0.1399,0
85.6,6.4,5.4,0,13.9,PASSENGER,28.68,12.59,RAIN,15.1,0.113,0
105.7,16.3,19.0,0,17.1,PASSENGER,18.06,3.5,FOG,22.6,0.2846,1
157.7,0.8,0.4,0,21.0,EXPRESS,14.98,2.25,CLEAR,0.0,0.1369,0
102.4,8.1,2.5,1,11.9,PASSENGER,37.21,4.02,CLEAR,14.0,0.5732,0
43.9,2.4,1.2,1,7.4,FREIGHT,2.63,18.14,CLEAR,14.7,0.8559,1
103.7,8.8,4.5,0,12.8,EXPRESS,8.23,4.56,STORM,17.1,0.2362,0
87.4,13.6,7.4,1,1.8,PASSENGER,15.31,22.19,CLEAR,26.4,0.8622,0
82.7,21.8,15.3,0,25.1,PASSENGER,13.3,8.85,CLEAR,26.5,0.4276,0
151.4,7.3,2.7,1,12.4,EXPRESS,20.67,4.06,CLEAR,13.2,0.5762,0
97.0,11.0,6.9,0,19.2,EXPRESS,16.34,19.81,CLEAR,13.3,0.1636,1
108.0,16.6,11.2,0,10.8,EXPRESS,31.64,10.96,CLEAR,17.9,0.134,0
142.6,6.2,5.2,0,19.0,EXPRESS,30.84,9.32,FOG,5.1,0.0929,0
96.6,2.2,1.3,0,16.9,EXPRESS,31.01,7.91,RAIN,8.0,0.1007,1
44.4,3.6,4.2,1,7.4,FREIGHT,15.09,7.93,CLEAR,16.9,0.7092,0
117.1,12.6,15.8,1,19.3,EXPRESS,16.59,15.92,FOG,21.0,0.7294,1
91.1,28.4,19.7,1,4.6,PASSENGER,28.96,12.98,CLEAR,37.3,0.9027,1
101.1,5.6,4.6,0,15.2,EXPRESS,5.41,11.22,RAIN,9.3,0.1262,0
68.7,11.6,9.8,0,22.0,FREIGHT,34.15,10.73,CLEAR,16.7,0.1361,0
121.3,1.6,1.0,1,17.1,EXPRESS,21.88,3.41,STORM,11.5,0.6035,1
105.9,12.1,1.3,0,22.8,PASSENGER,34.02,19.87,FOG,15.3,0.1581,0
51.1,15.9,13.7,1,9.3,FREIGHT,31.85,22.24,CLEAR,24.2,0.7445,1
42.4,2.4,0.7,0,2.9,FREIGHT,15.29,19.25,CLEAR,10.5,0.1723,0
99.9,2.7,1.0,1,3.1,EXPRESS,4.51,10.83,CLEAR,12.0,0.5639,1
30.2,7.4,2.5,1,9.2,FREIGHT,36.87,23.33,CLEAR,18.1,0.6823,1
86.6,5.9,4.0,1,13.1,PASSENGER,14.11,14.85,CLEAR,14.5,0.4242,0
65.4,9.9,4.2,1,16.8,PASSENGER,15.26,18.58,CLEAR,22.8,0.5904,0
117.4,5.1,1.6,0,23.1,EXPRESS,36.41,17.79,FOG,6.0,0.1062,0
131.2,13.3,11.4,0,25.4,EXPRESS,36.74,16.99,CLEAR,9.4,0.2248,0
73.8,14.6,11.1,0,21.3,PASSENGER,10.88,15.41,CLEAR,21.2,0.1588,0
68.8,7.1,2.2,0,14.7,PASSENGER,4.01,5.08,CLEAR,15.4,0.2111,0
98.7,3.4,2.6,1,9.0,PASSENGER,0.54,7.07,CLEAR,11.4,0.9329,1
107.3,11.7,5.5,0,13.7,PASSENGER,17.81,21.28,CLEAR,12.8,0.1044,0
65.0,5.9,4.9,0,9.3,PASSENGER,22.96,4.32,CLEAR,10.1,0.1384,0
100.9,5.2,2.2,0,19.3,EXPRESS,11.18,3.65,RAIN,9.5,0.0787,0
108.0,6.1,2.4,0,24.8,PASSENGER,10.76,6.82,CLEAR,7.0,0.1076,0
92.6,4.9,1.9,1,16.3,EXPRESS,14.59,8.7,RAIN,15.0,0.525,1
108.9,2.3,1.2,1,2.8,PASSENGER,10.89,13.28,CLEAR,7.2,0.6903,1
60.2,9.1,2.8,0,28.3,PASSENGER,34.41,14.53,RAIN,15.6,0.1167,0
69.3,10.7,5.2,0,9.9,FREIGHT,25.89,18.98,CLEAR,13.5,0.0805,0
111.5,9.2,6.1,0,27.6,EXPRESS,33.24,1.76,RAIN,13.5,0.1083,0
155.7,8.0,6.8,0,24.7,EXPRESS,34.49,5.0,RAIN,4.9,0.1409,0
112.2,4.3,2.1,0,13.3,EXPRESS,17.68,12.12,CLEAR,6.7,0.099,0
135.8,13.4,6.5,1,3.1,EXPRESS,19.36,6.02,FOG,20.5,0.751,1
95.6,6.8,0.0,0,28.5,EXPRESS,39.12,20.96,CLEAR,7.2,0.13,0
40.9,3.2,2.9,0,20.3,FREIGHT,32.77,15.36,FOG,14.8,0.1505,0
144.2,9.3,7.1,1,8.6,EXPRESS,32.02,11.77,CLEAR,11.4,0.6394,0
127.0,17.6,4.5,0,16.7,EXPRESS,23.56,0.01,CLEAR,12.9,0.1648,0
106.4,3.5,2.9,0,19.6,PASSENGER,18.72,20.61,FOG,8.3,0.1469,0
81.4,14.1,4.7,1,8.0,PASSENGER,35.84,11.06,CLEAR,20.4,0.7159,1
103.5,15.2,10.7,1,4.2,PASSENGER,32.28,12.75,RAIN,21.8,0.8415,1
121.4,5.0,3.8,1,9.1,EXPRESS,20.91,16.76,RAIN,12.6,0.4841,1
109.0,10.2,7.2,1,2.9,PASSENGER,11.18,22.5,STORM,24.5,0.859,1
157.2,15.0,17.8,1,3.5,EXPRESS,6.32,3.8,STORM,26.1,0.8453,1
113.0,10.0,5.5,1,6.0,EXPRESS,22.33,1.71,CLEAR,17.2,0.6667,0
69.9,4.0,3.8,1,6.0,FREIGHT,12.19,2.93,RAIN,11.7,0.4949,1
149.3,1.3,0.2,1,8.6,EXPRESS,10.94,17.78,CLEAR,2.9,0.6262,1
70.5,10.0,2.1,0,28.2,PASSENGER,4.68,3.1,CLEAR,13.8,0.1985,0
91.2,3.6,3.8,1,17.9,PASSENGER,1.86,12.02,CLEAR,13.2,0.7485,0
95.1,11.1,7.2,0,13.5,EXPRESS,31.44,16.96,CLEAR,14.1,0.0864,0
67.7,4.6,2.6,0,17.6,FREIGHT,4.77,17.11,CLEAR,11.5,0.2053,0
102.2,19.0,14.5,1,1.7,EXPRESS,35.6,9.75,CLEAR,28.2,0.9162,1
63.5,1.3,1.4,0,27.0,PASSENGER,8.94,16.77,CLEAR,5.0,0.0961,0
48.0,6.1,6.1,0,16.7,FREIGHT,30.51,22.8,RAIN,13.5,0.1432,0
88.8,2.5,2.4,0,14.4,PASSENGER,33.01,0.67,CLEAR,5.6,0.0774,0
68.5,4.1,3.0,0,28.3,FREIGHT,31.81,16.11,FOG,8.0,0.2163,0
158.2,11.4,7.3,0,22.3,EXPRESS,34.98,12.54,CLEAR,8.5,0.1172,0
82.0,4.7,1.6,0,11.1,PASSENGER,13.92,5.1,CLEAR,8.1,0.1177,1
94.2,2.9,0.5,1,28.2,EXPRESS,39.44,7.39,CLEAR,8.3,0.5084,1
97.5,3.8,3.3,0,25.8,PASSENGER,11.54,20.09,RAIN,6.0,0.0514,0
55.4,3.3,3.4,0,28.7,FREIGHT,37.4,14.09,RAIN,11.0,0.115,0
121.4,9.5,7.2,1,4.2,EXPRESS,17.78,0.35,CLEAR,17.2,0.6415,1
75.5,21.3,15.5,0,28.7,PASSENGER,2.75,23.17,CLEAR,25.4,0.4497,1
125.2,8.0,0.3,0,17.0,EXPRESS,31.5,15.99,RAIN,8.8,0.138,0
76.9,5.8,4.0,0,20.7,PASSENGER,31.6,10.62,CLEAR,9.6,0.1439,0
97.9,7.1,5.1,0,7.5,PASSENGER,8.29,17.1,CLEAR,10.1,0.1452,0
54.5,22.1,19.1,1,5.5,FREIGHT,33.03,4.91,RAIN,36.9,0.8696,0
103.8,18.9,12.9,1,3.8,PASSENGER,6.72,6.25,CLEAR,30.0,0.8404,1
128.0,15.0,5.6,1,13.5,EXPRESS,6.48,3.65,CLEAR,21.4,0.7413,1
106.7,3.5,3.3,1,7.8,EXPRESS,32.45,9.53,RAIN,9.7,0.6352,1
149.6,0.9,0.8,1,3.8,EXPRESS,11.96,21.71,FOG,4.2,0.491,1
129.0,3.2,2.2,0,28.7,EXPRESS,3.54,9.33,CLEAR,3.8,0.1448,0
104.5,3.6,4.0,0,22.4,EXPRESS,38.28,6.91,CLEAR,5.6,0.0802,0
58.1,6.7,5.8,1,16.3,FREIGHT,22.5,16.89,FOG,19.8,0.8044,1
77.9,12.1,4.5,0,22.7,PASSENGER,18.2,20.87,RAIN,17.2,0.121,0
102.2,9.7,5.6,0,18.9,PASSENGER,20.41,5.86,RAIN,12.3,0.1012,0
121.7,2.8,2.5,1,6.6,EXPRESS,26.98,19.39,RAIN,6.9,0.4788,0
62.7,7.7,5.9,0,19.6,FREIGHT,34.54,7.32,RAIN,12.0,0.1786,0
64.8,7.9,0.7,0,20.9,PASSENGER,27.07,5.94,RAIN,11.1,0.1585,0
117.7,2.9,0.8,1,8.3,EXPRESS,29.71,11.35,RAIN,11.3,0.4545,0
109.2,8.7,0.8,1,10.6,PASSENGER,7.62,1.6,STORM,23.1,0.7842,0
100.4,16.0,10.0,1,12.4,PASSENGER,15.67,20.69,CLEAR,21.5,0.6631,0
101.2,15.4,0.4,0,18.7,EXPRESS,23.6,20.98,CLEAR,20.4,0.1804,0
73.9,14.2,7.3,1,5.1,PASSENGER,24.97,16.26,CLEAR,19.7,0.6165,0
76.5,2.7,1.2,1,22.7,PASSENGER,11.19,7.27,RAIN,11.4,0.4485,1
135.5,7.3,2.8,1,11.4,EXPRESS,39.01,4.0,CLEAR,11.2,0.465,1
64.1,11.4,11.1,0,21.2,FREIGHT,5.17,16.77,FOG,14.7,0.3017,1
63.7,4.6,4.0,0,28.1,FREIGHT,4.93,2.47,CLEAR,12.6,0.1194,0
85.5,1.7,1.1,0,26.3,PASSENGER,9.55,9.87,RAIN,4.9,0.0801,0
100.5,2.6,1.5,1,22.5,PASSENGER,30.28,2.13,CLEAR,9.1,0.4737,1
81.9,12.4,11.4,1,7.0,PASSENGER,1.94,10.23,RAIN,24.1,0.9101,1
66.2,3.6,2.5,0,22.4,PASSENGER,39.52,3.23,CLEAR,5.1,0.075,0
88.2,4.9,4.0,0,19.6,PASSENGER,39.52,0.77,STORM,18.4,0.1059,0
156.7,11.5,2.8,0,23.5,EXPRESS,6.81,10.79,RAIN,9.6,0.1638,0
99.6,4.6,2.1,0,26.3,PASSENGER,16.35,13.62,RAIN,7.2,0.1224,1
56.0,2.8,1.1,1,10.4,FREIGHT,8.55,10.54,CLEAR,10.9,0.4876,0
92.3,5.0,5.2,0,19.9,PASSENGER,16.62,4.23,RAIN,9.9,0.2009,1
155.1,4.8,5.7,1,9.3,EXPRESS,21.55,1.86,CLEAR,4.8,0.4324,1
81.4,4.6,1.4,0,11.4,PASSENGER,33.0,3.03,CLEAR,8.4,0.092,0
113.2,14.0,7.0,0,16.3,EXPRESS,1.91,17.45,RAIN,18.7,0.3562,0
158.4,7.8,8.7,0,13.9,EXPRESS,39.48,0.38,CLEAR,8.3,0.0869,0
150.4,12.8,11.4,1,18.6,EXPRESS,37.65,20.72,CLEAR,14.6,0.7448,1
112.6,4.6,0.8,0,23.1,EXPRESS,23.03,20.16,CLEAR,4.5,0.0617,0
83.2,1.4,1.6,0,18.7,PASSENGER,19.5,21.13,RAIN,7.6,0.1645,0
80.8,8.8,8.9,0,29.1,PASSENGER,22.25,21.09,CLEAR,15.1,0.1245,0
100.4,4.9,1.0,0,22.5,EXPRESS,1.23,16.02,CLEAR,9.4,0.2809,0
73.1,3.5,0.0,0,29.6,FREIGHT,29.64,20.34,CLEAR,10.3,0.0695,0
48.2,8.2,9.2,0,22.7,FREIGHT,20.11,17.53,CLEAR,13.1,0.2068,1
69.4,2.6,1.8,0,16.0,FREIGHT,11.8,7.2,CLEAR,8.7,0.1917,1
103.3,5.7,2.4,0,13.2,EXPRESS,18.73,18.12,CLEAR,4.6,0.0863,0
87.4,4.3,2.7,0,22.5,PASSENGER,12.06,14.77,CLEAR,6.3,0.0939,0
31.1,11.4,8.5,0,21.1,FREIGHT,28.15,0.66,CLEAR,16.6,0.3371,0
98.2,2.1,1.9,0,20.6,PASSENGER,24.77,18.87,CLEAR,2.1,0.0557,0
130.7,12.7,10.0,0,22.1,EXPRESS,15.83,20.9,CLEAR,12.9,0.1222,0
133.8,6.6,4.3,0,26.4,EXPRESS,12.91,12.42,CLEAR,4.4,0.1569,0
62.6,11.6,3.4,1,8.0,PASSENGER,35.18,11.69,STORM,26.9,0.7897,1
39.5,6.4,1.8,1,17.6,FREIGHT,27.45,10.25,RAIN,16.4,0.5665,1
63.7,7.7,1.3,1,18.7,PASSENGER,28.77,17.25,CLEAR,17.3,0.6011,1
74.4,5.8,4.4,1,9.8,PASSENGER,24.93,5.17,CLEAR,14.1,0.4279,0
133.9,8.1,2.7,0,29.7,EXPRESS,3.47,18.57,CLEAR,6.1,0.2196,0
88.3,18.2,10.9,1,23.9,PASSENGER,2.84,7.02,CLEAR,22.5,0.7101,1
57.5,5.1,3.0,1,10.7,FREIGHT,17.45,6.28,FOG,20.4,0.5718,1
128.4,18.6,3.2,1,11.7,EXPRESS,37.25,19.42,CLEAR,21.4,0.6738,1
73.7,8.4,2.4,0,22.0,PASSENGER,21.23,4.19,CLEAR,12.8,0.0808,1
41.0,19.7,7.0,1,1.8,FREIGHT,35.1,20.7,RAIN,32.3,0.9088,1
99.6,9.2,2.5,0,14.7,EXPRESS,4.31,23.47,FOG,15.0,0.264,0
102.5,6.1,1.4,1,11.3,PASSENGER,29.11,7.68,RAIN,13.8,0.4751,1
133.2,18.3,8.9,0,25.8,EXPRESS,10.19,22.27,CLEAR,15.7,0.1941,0
69.3,5.8,4.1,0,24.1,PASSENGER,21.22,13.59,FOG,16.0,0.1933,0
68.9,7.8,4.0,1,11.0,PASSENGER,12.07,6.22,RAIN,19.2,0.6822,0
103.7,4.0,4.2,0,26.1,PASSENGER,28.64,10.86,CLEAR,6.8,0.1418,0
97.1,9.6,5.7,0,27.5,PASSENGER,16.34,19.2,CLEAR,7.6,0.0985,0
136.2,6.0,1.7,0,17.2,EXPRESS,18.76,16.0,RAIN,8.4,0.0767,1
48.3,4.0,0.2,1,6.0,FREIGHT,10.19,11.87,CLEAR,16.1,0.7309,1
73.1,13.8,7.5,0,23.5,PASSENGER,11.62,6.18,CLEAR,19.9,0.2083,0
158.6,2.2,0.6,1,10.6,EXPRESS,7.59,17.42,CLEAR,3.1,0.4622,1
99.9,6.5,5.8,1,16.5,PASSENGER,22.38,7.52,CLEAR,12.0,0.482,1
75.1,0.3,0.4,1,2.8,PASSENGER,6.23,7.94,CLEAR,14.7,0.7222,0
149.3,2.1,2.1,1,15.8,EXPRESS,11.09,17.93,CLEAR,6.9,0.4204,0
64.2,3.3,0.3,0,12.3,FREIGHT,21.45,13.4,RAIN,6.8,0.1491,0
43.4,6.7,3.3,0,21.1,FREIGHT,11.36,4.46,CLEAR,13.0,0.2276,1
119.9,5.0,4.8,1,2.7,EXPRESS,23.75,16.49,FOG,17.9,0.7241,1
38.4,1.5,0.8,1,19.3,FREIGHT,1.06,6.19,CLEAR,13.3,0.7976,1
97.8,2.8,2.1,0,23.5,EXPRESS,38.94,18.25,RAIN,5.4,0.1089,0
140.6,16.8,12.0,1,1.9,EXPRESS,29.33,11.49,CLEAR,22.4,0.8796,1
108.7,5.7,2.6,0,22.9,EXPRESS,20.4,14.28,CLEAR,6.8,0.1371,0
66.9,6.1,7.3,1,5.2,FREIGHT,36.87,14.42,CLEAR,19.2,0.6492,0
109.8,19.0,11.8,0,21.4,PASSENGER,34.86,3.52,CLEAR,17.8,0.1225,0
95.4,20.4,16.5,0,14.5,EXPRESS,14.98,15.61,CLEAR,19.0,0.2466,0
83.7,12.0,10.3,1,17.2,PASSENGER,5.09,20.81,CLEAR,19.4,0.6909,0
100.1,2.1,1.7,0,11.1,PASSENGER,10.46,21.39,CLEAR,5.5,0.1289,0
145.2,33.0,14.8,1,8.5,EXPRESS,8.74,16.53,CLEAR,35.9,0.8886,1
64.2,7.1,7.5,1,3.5,FREIGHT,30.13,23.26,CLEAR,17.0,0.7595,1
45.7,13.8,8.2,0,26.1,FREIGHT,22.15,14.36,RAIN,21.7,0.1952,0
82.7,2.4,0.1,0,18.9,PASSENGER,34.08,6.12,CLEAR,4.3,0.0862,0
56.8,13.5,13.9,0,29.5,FREIGHT,19.84,15.84,RAIN,22.6,0.1255,1
108.7,6.6,6.8,0,25.7,PASSENGER,30.91,21.82,FOG,11.0,0.1237,0
44.7,7.8,6.6,0,26.3,FREIGHT,13.28,8.61,CLEAR,16.0,0.1088,1
106.2,5.3,0.4,0,18.5,PASSENGER,24.28,6.36,CLEAR,6.3,0.1512,1
73.5,1.1,1.2,1,3.8,PASSENGER,25.76,23.2,RAIN,14.2,0.6391,1
159.2,14.9,14.7,0,27.5,EXPRESS,30.49,18.4,CLEAR,11.9,0.1902,1
60.2,6.5,3.1,1,4.9,FREIGHT,32.08,1.19,CLEAR,15.9,0.527,1
83.2,2.8,2.3,0,16.2,PASSENGER,11.42,13.47,CLEAR,5.8,0.0978,0
132.9,6.4,8.2,0,25.9,EXPRESS,15.71,5.63,CLEAR,7.7,0.1352,0
109.1,7.8,0.4,0,15.0,EXPRESS,8.68,6.88,RAIN,14.8,0.1043,1
73.7,3.1,2.4,1,6.2,PASSENGER,30.04,2.1,CLEAR,15.3,0.5024,1
65.7,2.3,2.1,1,12.1,PASSENGER,11.19,5.54,RAIN,16.6,0.6641,1
65.7,5.1,1.9,0,29.7,PASSENGER,15.95,12.13,RAIN,10.7,0.0885,0
45.6,2.0,1.7,0,30.0,FREIGHT,32.22,1.89,RAIN,8.7,0.1031,0
143.4,3.1,1.1,0,21.8,EXPRESS,13.92,21.35,FOG,0.0,0.0831,0
90.4,0.8,0.9,0,26.8,PASSENGER,12.01,18.61,CLEAR,2.4,0.0911,0
97.2,20.8,4.6,1,2.8,EXPRESS,26.22,9.15,CLEAR,25.2,0.8435,1
68.4,12.0,11.3,1,9.4,FREIGHT,39.03,3.13,FOG,26.6,0.8409,1
57.1,24.6,3.2,1,12.0,FREIGHT,2.97,23.86,STORM,37.0,0.9332,1
108.0,3.4,1.6,1,1.8,PASSENGER,33.47,13.52,CLEAR,10.4,0.7619,0
93.5,2.0,0.8,0,12.2,PASSENGER,5.3,10.15,RAIN,7.4,0.1504,0
102.3,16.6,8.0,1,4.2,EXPRESS,14.12,4.77,CLEAR,24.4,0.6618,1
83.7,20.4,16.0,1,16.2,PASSENGER,16.96,4.88,CLEAR,26.3,0.7775,0
59.2,3.3,1.9,1,1.6,FREIGHT,28.89,19.11,RAIN,21.8,0.7782,1
61.4,2.2,1.5,1,9.2,PASSENGER,37.1,12.48,CLEAR,10.9,0.6036,1
91.0,12.3,4.1,0,26.2,EXPRESS,4.53,23.62,FOG,18.2,0.2463,0
66.5,5.8,6.7,1,7.6,PASSENGER,29.92,22.87,CLEAR,16.0,0.5707,1
41.3,7.6,2.7,1,3.3,FREIGHT,13.23,4.96,RAIN,25.2,0.722,1
120.1,6.0,4.5,1,8.6,EXPRESS,36.13,23.99,CLEAR,13.4,0.5005,1
124.1,6.6,5.7,0,25.1,EXPRESS,11.49,23.68,FOG,7.6,0.1454,0
66.9,17.7,14.6,0,18.2,PASSENGER,27.91,19.18,CLEAR,26.4,0.2858,0
60.3,9.2,0.8,0,18.2,FREIGHT,7.01,9.38,CLEAR,10.8,0.1272,0
131.7,30.5,26.8,1,1.5,EXPRESS,38.34,5.38,RAIN,39.2,0.9802,1
110.6,6.3,2.2,1,15.0,EXPRESS,0.67,2.48,CLEAR,14.9,0.8755,1
91.0,7.2,5.8,1,9.1,EXPRESS,9.7,1.25,STORM,20.6,0.6428,1
95.4,4.0,3.8,1,11.1,EXPRESS,27.2,19.7,CLEAR,12.1,0.547,1
79.6,6.4,3.0,0,18.6,PASSENGER,34.21,22.69,RAIN,12.1,0.081,0
67.7,8.7,5.4,0,26.4,PASSENGER,39.75,18.54,RAIN,12.4,0.1459,0
78.8,6.1,2.3,0,6.7,PASSENGER,7.34,18.22,CLEAR,14.1,0.1286,0
91.4,2.0,0.6,0,23.4,PASSENGER,12.63,9.96,FOG,11.9,0.1405,0
128.3,15.9,3.0,1,2.9,EXPRESS,35.73,15.39,CLEAR,17.2,0.7391,1
40.4,3.6,3.3,0,10.8,FREIGHT,1.78,16.11,CLEAR,10.1,0.4309,1
77.2,1.5,1.0,1,7.7,PASSENGER,29.47,6.17,CLEAR,12.0,0.5276,1
57.6,19.8,12.3,0,27.6,FREIGHT,17.21,17.73,CLEAR,24.4,0.2718,0
103.0,4.2,1.2,1,6.6,PASSENGER,27.71,3.51,RAIN,11.5,0.5678,1
142.7,4.0,2.4,0,18.0,EXPRESS,21.23,7.04,CLEAR,3.7,0.0606,0
87.7,5.0,0.8,1,6.2,PASSENGER,25.27,14.15,CLEAR,14.3,0.4801,0
115.4,6.0,3.5,1,15.0,EXPRESS,26.83,12.95,RAIN,16.2,0.5534,1
78.3,1.3,1.7,0,13.3,PASSENGER,25.43,16.91,STORM,7.5,0.1731,0
151.6,5.9,3.0,1,2.7,EXPRESS,26.75,13.99,RAIN,10.2,0.6348,1
92.7,1.7,1.1,0,25.0,EXPRESS,22.95,1.19,CLEAR,2.7,0.0725,0
74.5,0.5,0.2,0,23.7,FREIGHT,28.7,23.46,CLEAR,9.3,0.067,0
136.5,8.2,6.8,0,9.4,EXPRESS,31.15,18.32,CLEAR,11.0,0.137,0
60.7,6.2,4.6,0,19.0,FREIGHT,31.62,21.13,FOG,15.0,0.1625,0
92.7,2.5,1.9,1,11.8,EXPRESS,34.21,19.29,CLEAR,9.8,0.518,0
90.3,6.6,0.2,0,23.4,PASSENGER,13.0,5.1,CLEAR,9.3,0.0855,0
84.2,10.4,9.0,0,21.2,PASSENGER,29.96,22.39,CLEAR,16.3,0.1422,0
65.3,1.9,0.8,1,4.1,PASSENGER,37.89,23.62,CLEAR,12.3,0.689,0
109.5,16.4,12.0,0,25.6,EXPRESS,15.01,1.89,CLEAR,18.1,0.3327,0
152.3,8.3,2.9,1,6.6,EXPRESS,31.22,3.8,CLEAR,10.3,0.5266,1
128.5,4.9,1.9,1,6.5,EXPRESS,12.01,23.77,RAIN,8.5,0.6862,0
118.9,5.6,6.1,0,22.4,EXPRESS,7.43,7.04,FOG,5.9,0.2331,1
63.6,10.7,9.4,1,6.7,PASSENGER,18.13,19.68,RAIN,21.5,0.785,1
62.1,7.9,2.1,1,5.0,FREIGHT,32.36,1.78,RAIN,18.8,0.5202,0
61.6,3.1,2.4,1,11.1,FREIGHT,12.63,17.58,CLEAR,14.0,0.4298,0
90.7,3.3,2.6,0,25.4,PASSENGER,12.15,16.83,RAIN,8.1,0.0937,0
85.5,13.6,11.5,1,6.5,PASSENGER,11.47,22.5,CLEAR,19.8,0.7027,1
81.7,6.2,5.3,1,11.2,PASSENGER,9.12,17.49,CLEAR,14.8,0.5226,1
131.5,15.3,1.3,1,9.7,EXPRESS,24.64,0.99,FOG,19.7,0.7247,1
40.5,6.8,0.9,0,11.6,FREIGHT,10.11,10.81,CLEAR,12.6,0.2048,0
107.1,4.0,1.2,0,21.9,PASSENGER,37.43,8.35,CLEAR,5.3,0.1406,0
89.4,6.9,1.4,1,13.1,PASSENGER,14.16,13.7,CLEAR,16.4,0.488,0
111.8,3.0,1.2,0,23.1,EXPRESS,21.92,10.28,CLEAR,2.9,0.064,0
82.5,9.1,4.8,0,19.8,PASSENGER,16.66,6.74,CLEAR,15.5,0.1398,1
100.3,3.8,0.6,1,11.8,PASSENGER,38.53,15.87,RAIN,9.1,0.3881,1
37.3,1.7,2.2,1,13.8,FREIGHT,17.25,7.47,FOG,14.9,0.7881,1
74.6,12.8,4.4,0,21.6,PASSENGER,22.77,20.42,RAIN,17.2,0.1549,0
137.6,7.7,1.5,1,16.7,EXPRESS,30.66,7.75,RAIN,9.7,0.5146,1
44.2,9.6,0.3,0,26.2,FREIGHT,7.27,12.37,RAIN,13.5,0.2106,1
145.5,4.3,0.4,0,28.1,EXPRESS,1.79,19.82,CLEAR,2.2,0.1889,0
66.5,2.3,0.6,0,22.0,PASSENGER,18.47,19.75,FOG,7.2,0.1139,0
143.4,7.3,8.1,0,29.7,EXPRESS,22.25,14.07,CLEAR,4.4,0.214,1
63.4,4.6,4.8,0,18.5,PASSENGER,11.84,9.12,CLEAR,9.8,0.131,0
30.6,0.8,0.3,1,2.6,FREIGHT,18.77,13.39,RAIN,20.5,0.7866,1
152.9,3.5,2.2,1,15.9,EXPRESS,24.8,20.39,RAIN,7.0,0.4321,1
56.2,3.7,1.5,0,8.1,FREIGHT,38.94,5.25,CLEAR,10.0,0.1432,1
114.6,6.3,3.9,1,11.0,EXPRESS,24.27,2.94,CLEAR,9.6,0.5236,1
40.5,3.6,3.3,0,15.5,FREIGHT,18.23,13.97,RAIN,10.1,0.17,0
90.8,5.0,3.0,1,9.9,PASSENGER,1.39,13.78,CLEAR,8.1,0.8356,1
52.9,3.2,1.7,1,10.3,FREIGHT,12.77,7.04,FOG,14.9,0.7167,1
159.4,4.3,0.7,0,13.0,EXPRESS,14.66,10.43,CLEAR,2.9,0.1078,0
74.2,19.3,6.1,1,9.7,FREIGHT,19.34,2.12,RAIN,27.1,0.7597,1
91.8,13.5,9.5,1,6.3,PASSENGER,31.4,3.14,CLEAR,21.9,0.6922,0
121.0,16.2,13.0,0,23.3,EXPRESS,31.15,19.88,FOG,20.2,0.1736,1
52.1,2.2,0.3,0,12.8,FREIGHT,33.89,11.15,CLEAR,9.6,0.0972,0
137.8,11.2,6.1,0,25.2,EXPRESS,11.95,2.4,CLEAR,13.0,0.1387,0
34.6,9.6,5.8,0,26.7,FREIGHT,14.19,23.08,RAIN,19.2,0.2899,0
113.0,20.0,13.2,0,22.9,EXPRESS,6.43,5.04,CLEAR,20.2,0.1423,0
63.8,1.7,1.3,1,12.8,PASSENGER,34.37,7.61,CLEAR,13.0,0.5106,1
63.7,7.9,6.1,0,22.1,PASSENGER,26.26,23.34,CLEAR,13.5,0.1058,1
103.7,1.0,0.3,0,5.9,EXPRESS,3.56,4.34,CLEAR,0.0,0.192,1
124.0,8.2,4.5,1,20.3,EXPRESS,12.49,23.25,CLEAR,10.1,0.6558,0
144.9,4.2,1.9,0,13.1,EXPRESS,6.53,17.33,RAIN,3.7,0.1235,0
84.3,7.1,6.6,0,20.2,PASSENGER,38.78,10.25,CLEAR,9.5,0.1782,0
113.5,10.2,9.0,0,23.0,EXPRESS,13.32,14.28,CLEAR,11.2,0.1849,0
64.1,3.9,2.0,0,17.5,PASSENGER,20.11,12.19,CLEAR,3.9,0.1109,0
128.5,20.4,3.4,0,19.8,EXPRESS,13.06,19.31,RAIN,21.0,0.1335,0
109.0,1.9,0.6,1,7.6,EXPRESS,19.23,1.51,CLEAR,8.2,0.5086,0
90.7,2.8,2.4,0,18.4,PASSENGER,39.95,19.52,RAIN,9.7,0.0738,1
158.4,3.9,2.0,1,14.6,EXPRESS,11.85,23.29,CLEAR,5.9,0.2468,0
35.0,2.1,0.9,0,13.7,FREIGHT,11.66,10.31,FOG,12.9,0.1385,0
39.5,10.1,10.1,1,13.2,FREIGHT,15.17,4.59,RAIN,21.7,0.8319,1
83.7,2.5,0.7,0,10.4,PASSENGER,7.19,2.61,CLEAR,3.7,0.1204,1
108.4,7.2,4.5,1,10.2,PASSENGER,29.69,8.32,CLEAR,13.6,0.6431,0
64.7,14.9,9.9,1,21.4,FREIGHT,15.48,3.14,CLEAR,24.0,0.805,1
152.9,9.7,10.9,0,17.4,EXPRESS,23.44,5.51,RAIN,6.6,0.1626,0
113.4,12.7,7.1,1,2.4,EXPRESS,26.62,15.71,CLEAR,22.6,0.7182,1
159.4,10.0,0.9,1,2.9,EXPRESS,1.9,9.98,CLEAR,13.1,0.7851,1
65.1,9.8,7.7,1,17.7,PASSENGER,25.94,21.62,CLEAR,18.3,0.6165,1
93.7,1.8,1.5,0,25.6,EXPRESS,21.54,11.13,STORM,8.1,0.0999,0
102.8,13.6,11.5,1,2.8,PASSENGER,3.77,3.7,FOG,27.3,0.8489,1
71.7,10.8,5.6,0,16.0,FREIGHT,5.42,3.33,CLEAR,13.4,0.1674,1
34.1,6.2,6.9,0,25.8,FREIGHT,17.91,16.63,CLEAR,14.4,0.1649,0
65.7,2.2,0.4,1,1.6,PASSENGER,14.18,15.21,CLEAR,15.2,0.7206,0
92.3,7.5,3.9,1,9.4,EXPRESS,17.78,16.99,CLEAR,13.8,0.564,0
34.7,9.2,7.7,0,27.7,FREIGHT,25.6,8.13,CLEAR,13.9,0.2194,0
70.5,11.2,8.9,1,3.8,PASSENGER,6.6,21.96,CLEAR,24.7,0.7749,0
157.9,3.6,0.1,0,18.8,EXPRESS,26.67,2.73,CLEAR,0.0,0.0926,0
136.8,15.6,12.6,0,16.0,EXPRESS,32.82,0.79,CLEAR,13.3,0.2168,0
65.0,2.7,0.2,1,5.8,FREIGHT,0.62,17.81,CLEAR,15.5,0.9489,1
98.8,7.2,4.3,1,2.7,PASSENGER,15.05,16.25,CLEAR,16.1,0.685,1
54.1,8.9,5.3,0,15.8,FREIGHT,11.37,11.85,CLEAR,15.2,0.1175,1
65.9,1.3,0.5,0,22.5,FREIGHT,17.56,1.05,RAIN,10.5,0.0942,0
89.8,4.5,0.2,1,6.6,PASSENGER,24.8,2.74,CLEAR,15.2,0.4392,1
75.7,11.1,6.9,0,21.2,PASSENGER,7.91,4.69,CLEAR,13.7,0.2237,0
88.1,7.2,2.2,0,17.1,PASSENGER,5.8,15.33,CLEAR,12.0,0.0914,0
127.3,4.8,0.5,1,11.7,EXPRESS,29.29,15.91,CLEAR,5.7,0.4911,1
101.2,10.1,6.5,0,20.4,PASSENGER,27.59,16.25,CLEAR,8.4,0.1358,0
109.1,9.0,8.5,0,7.0,PASSENGER,18.7,19.27,RAIN,13.1,0.2187,0
80.6,10.6,4.0,0,14.5,PASSENGER,20.3,0.6,CLEAR,13.5,0.1529,0
64.4,2.0,0.8,0,17.2,FREIGHT,11.16,15.44,CLEAR,8.2,0.1022,0
65.0,10.1,0.1,0,14.6,PASSENGER,13.5,6.04,CLEAR,14.8,0.102,0
98.8,5.8,5.4,1,12.8,PASSENGER,13.14,13.7,FOG,17.3,0.7577,1
78.6,3.4,3.6,0,22.6,PASSENGER,29.19,17.71,CLEAR,10.6,0.0923,0
62.0,12.1,4.7,0,20.2,PASSENGER,22.45,17.28,CLEAR,20.3,0.1445,1
78.2,12.8,7.5,1,19.7,PASSENGER,29.31,6.91,RAIN,24.0,0.674,1
132.7,7.4,2.6,0,26.9,EXPRESS,23.83,8.53,RAIN,7.6,0.1518,0
66.0,0.9,0.6,0,29.8,PASSENGER,22.05,22.02,CLEAR,5.1,0.0764,0
154.7,19.6,12.7,0,17.7,EXPRESS,13.16,20.37,CLEAR,16.9,0.2992,0
95.4,6.4,3.5,1,11.4,EXPRESS,16.12,6.17,CLEAR,12.3,0.5634,1
106.5,7.4,4.3,0,23.7,PASSENGER,35.55,14.09,RAIN,12.0,0.1456,0
95.4,17.5,12.2,1,5.5,PASSENGER,23.25,2.57,RAIN,29.0,0.8014,1
44.8,13.3,12.1,0,16.1,FREIGHT,21.22,15.69,RAIN,20.6,0.315,1
79.5,3.2,3.8,0,16.4,PASSENGER,2.6,14.91,RAIN,8.5,0.2747,0
97.0,4.0,1.6,1,29.5,PASSENGER,27.0,6.33,CLEAR,6.9,0.4896,0
90.1,30.1,26.3,0,29.7,PASSENGER,27.6,10.12,CLEAR,33.4,0.5583,1
93.6,10.8,5.1,0,24.3,PASSENGER,27.78,18.78,CLEAR,12.8,0.1233,0
117.2,3.2,2.4,0,15.0,EXPRESS,4.1,6.13,RAIN,3.4,0.211,0
124.1,7.7,3.7,0,17.1,EXPRESS,12.37,18.44,CLEAR,6.5,0.0942,0
159.3,7.0,2.4,1,10.6,EXPRESS,15.16,7.59,CLEAR,6.4,0.5509,1
70.7,13.0,9.9,0,25.2,PASSENGER,33.15,20.15,RAIN,15.7,0.1523,0
119.2,3.4,3.0,0,22.8,EXPRESS,39.24,0.73,RAIN,8.4,0.07,0
110.4,8.1,7.8,1,23.5,EXPRESS,16.88,6.2,RAIN,12.5,0.6998,1
143.6,11.7,8.3,1,5.5,EXPRESS,22.39,4.26,CLEAR,16.1,0.7965,1
64.4,7.9,7.8,1,12.9,FREIGHT,0.79,21.37,CLEAR,19.9,0.9218,1
110.5,11.6,5.8,0,16.8,EXPRESS,0.85,10.28,CLEAR,15.2,0.4384,1
64.1,11.5,8.7,0,5.1,PASSENGER,3.44,13.09,RAIN,17.2,0.3726,0
90.8,6.0,2.2,1,12.0,EXPRESS,28.92,5.81,CLEAR,15.7,0.4473,1
81.4,0.7,0.5,1,4.0,PASSENGER,7.54,3.08,CLEAR,10.8,0.6997,0
118.7,8.7,8.3,0,28.8,EXPRESS,30.44,14.36,CLEAR,10.6,0.1396,0
159.2,7.5,3.1,0,22.9,EXPRESS,17.56,6.8,RAIN,9.3,0.1324,1
83.5,5.0,0.6,0,19.2,PASSENGER,34.07,22.29,FOG,12.0,0.1185,0
107.9,2.9,0.6,1,7.3,EXPRESS,34.88,11.43,CLEAR,7.5,0.4135,0
152.4,3.5,0.8,1,11.0,EXPRESS,35.25,3.32,CLEAR,1.8,0.5276,0
124.4,9.4,6.3,1,5.6,EXPRESS,21.97,0.57,CLEAR,16.3,0.6113,0
131.9,5.8,5.6,0,16.8,EXPRESS,31.65,5.57,CLEAR,6.5,0.0697,0
96.7,4.1,1.0,0,24.9,EXPRESS,26.65,7.68,CLEAR,4.4,0.1364,0
116.8,9.0,8.4,1,2.0,EXPRESS,7.88,4.97,CLEAR,18.5,0.9017,1
72.5,4.1,1.5,1,4.4,FREIGHT,15.57,8.77,CLEAR,11.4,0.6164,1
89.5,7.5,7.1,1,8.0,PASSENGER,38.51,21.1,CLEAR,16.6,0.6179,1
77.2,8.1,3.0,0,21.9,PASSENGER,31.02,1.15,RAIN,10.2,0.2207,0
133.8,7.7,5.9,0,27.0,EXPRESS,10.89,19.23,CLEAR,9.4,0.1065,0
71.0,3.9,2.2,0,23.0,FREIGHT,11.6,10.22,RAIN,13.8,0.1731,0
109.2,3.5,1.9,0,16.5,EXPRESS,10.54,21.75,CLEAR,5.4,0.0808,0
125.4,13.6,8.3,1,4.5,EXPRESS,13.49,16.01,CLEAR,20.1,0.7489,1
107.9,2.0,0.2,0,23.0,PASSENGER,37.17,3.96,RAIN,5.8,0.0594,1
102.1,16.0,16.6,1,4.5,EXPRESS,17.62,23.03,RAIN,26.9,0.7974,1
140.4,17.5,4.7,1,11.4,EXPRESS,14.89,3.71,FOG,20.3,0.6044,1
90.7,4.3,2.5,0,10.3,PASSENGER,9.95,8.07,CLEAR,10.3,0.1369,0
60.6,5.8,4.5,1,11.7,FREIGHT,35.75,23.49,RAIN,18.3,0.6373,1
77.6,4.1,0.6,1,10.9,PASSENGER,38.32,5.08,CLEAR,13.5,0.4046,0
75.7,8.0,3.2,0,23.4,PASSENGER,13.28,15.15,CLEAR,13.4,0.2385,0
60.8,15.4,18.9,1,6.4,FREIGHT,24.86,23.46,CLEAR,29.5,0.8024,1
105.1,4.2,1.2,0,25.6,EXPRESS,38.36,16.53,CLEAR,7.9,0.0767,0
119.4,5.1,5.8,0,26.0,EXPRESS,20.23,15.91,RAIN,8.3,0.0813,0
103.2,3.9,2.6,1,15.5,EXPRESS,19.01,14.92,RAIN,10.1,0.5865,1
60.4,5.3,4.8,1,4.5,PASSENGER,21.34,13.33,CLEAR,17.6,0.5723,0
108.5,2.3,1.0,1,17.9,PASSENGER,1.81,22.78,CLEAR,8.1,0.7499,0
49.4,5.8,2.9,0,24.9,FREIGHT,12.35,13.05,CLEAR,9.8,0.1053,0
108.5,16.9,17.6,1,9.7,PASSENGER,28.11,15.92,CLEAR,27.2,0.7695,0
67.0,3.9,1.0,0,25.4,PASSENGER,38.69,17.73,CLEAR,7.8,0.0866,0
131.1,5.8,4.6,0,20.8,EXPRESS,22.97,12.67,RAIN,7.4,0.1386,0
39.0,4.7,3.9,0,29.6,FREIGHT,8.02,21.31,CLEAR,10.1,0.1115,1
65.6,4.4,3.7,0,25.0,FREIGHT,17.36,0.55,CLEAR,9.1,0.1273,0
65.3,5.4,4.3,1,7.2,FREIGHT,19.86,9.49,CLEAR,17.5,0.5123,0
97.9,3.0,3.1,1,14.3,EXPRESS,6.51,14.8,RAIN,15.7,0.5264,0
105.6,3.8,0.1,1,4.4,PASSENGER,13.51,0.46,CLEAR,8.0,0.6111,1
103.6,16.2,10.4,1,3.5,EXPRESS,18.08,22.49,CLEAR,24.2,0.7801,1
132.9,13.5,7.9,0,21.6,EXPRESS,10.85,19.83,CLEAR,6.2,0.1798,0
159.0,4.2,0.9,0,27.5,EXPRESS,14.48,5.26,CLEAR,0.1,0.1009,0
104.1,3.6,2.4,0,29.2,PASSENGER,11.41,7.96,CLEAR,5.4,0.098,0
107.8,12.0,6.6,1,9.2,PASSENGER,24.71,16.25,STORM,23.9,0.7366,1
114.0,24.1,17.6,0,7.3,EXPRESS,23.35,8.18,CLEAR,29.0,0.2579,0
97.4,17.5,13.6,0,17.5,EXPRESS,22.29,20.56,FOG,22.5,0.4541,1
69.4,19.6,10.3,0,7.2,PASSENGER,4.32,5.96,CLEAR,27.2,0.4231,0
125.0,1.2,0.8,1,9.9,EXPRESS,7.75,19.64,CLEAR,6.7,0.4901,0
145.5,13.0,11.1,0,25.4,EXPRESS,4.88,11.15,RAIN,12.1,0.2133,1
67.5,10.0,9.5,0,24.6,PASSENGER,3.0,10.88,RAIN,16.9,0.315,0
93.0,8.1,2.1,0,27.0,PASSENGER,10.25,4.04,CLEAR,10.1,0.1198,0
112.7,9.9,2.3,1,15.2,EXPRESS,8.18,23.6,CLEAR,15.0,0.6357,1
113.9,10.9,2.8,0,17.6,EXPRESS,29.14,8.28,CLEAR,9.5,0.0983,1
136.3,6.9,4.8,0,23.5,EXPRESS,27.99,4.91,CLEAR,4.5,0.1615,0
51.0,5.0,1.4,1,8.3,FREIGHT,8.45,0.78,CLEAR,18.0,0.687,1
100.6,0.4,0.1,0,25.0,PASSENGER,7.04,11.84,CLEAR,4.4,0.0484,0
67.8,2.5,0.7,1,2.0,PASSENGER,6.22,0.77,CLEAR,13.3,0.7645,1
145.3,8.9,2.6,0,24.2,EXPRESS,13.14,10.93,CLEAR,6.2,0.1381,0
63.2,3.5,1.5,0,23.6,PASSENGER,12.12,21.66,RAIN,10.5,0.0817,0
103.6,6.0,6.5,0,10.1,EXPRESS,1.63,11.95,CLEAR,10.3,0.3972,0
92.8,1.2,0.5,0,22.2,PASSENGER,22.93,1.04,RAIN,5.6,0.1057,0
68.5,14.7,11.2,1,7.6,FREIGHT,35.97,6.34,RAIN,28.4,0.6588,1
72.6,12.6,10.2,1,17.9,PASSENGER,21.78,1.17,CLEAR,21.4,0.6505,0
44.7,10.1,10.8,0,21.5,FREIGHT,3.02,21.17,CLEAR,20.3,0.2441,0
86.9,5.8,6.1,0,21.9,PASSENGER,24.18,5.76,CLEAR,14.3,0.1423,0
104.8,1.7,0.5,0,29.5,EXPRESS,19.66,1.56,CLEAR,3.2,0.0529,0
66.5,3.3,2.6,1,6.7,FREIGHT,36.32,23.15,CLEAR,14.2,0.4656,1
144.2,6.9,0.6,0,15.2,EXPRESS,14.85,11.69,CLEAR,2.8,0.0991,0
67.3,21.8,19.8,0,26.6,PASSENGER,30.2,9.74,CLEAR,26.7,0.4774,0
122.5,5.1,1.8,0,17.5,EXPRESS,2.02,22.25,RAIN,6.9,0.3183,1
144.2,7.9,4.0,0,26.5,EXPRESS,29.0,12.74,STORM,12.8,0.1177,0
76.9,8.1,6.8,1,13.9,PASSENGER,2.14,6.75,FOG,19.5,0.7694,1
134.3,13.7,11.4,0,24.2,EXPRESS,14.12,19.01,FOG,17.7,0.1854,0
62.5,13.4,6.3,0,26.3,PASSENGER,37.95,6.52,FOG,19.9,0.1438,0
90.4,4.3,5.1,0,25.6,PASSENGER,28.28,10.63,CLEAR,9.4,0.1229,0
100.7,2.6,2.8,0,26.3,EXPRESS,37.04,19.28,FOG,8.5,0.1305,0
148.1,7.6,4.2,0,7.8,EXPRESS,20.09,22.35,CLEAR,7.0,0.1566,0
77.8,1.2,0.4,1,14.0,PASSENGER,24.45,14.54,FOG,11.7,0.5398,0
109.7,14.8,9.7,1,6.5,EXPRESS,20.95,12.12,CLEAR,21.1,0.7099,1
102.0,7.6,3.5,1,6.6,PASSENGER,19.42,1.83,RAIN,15.3,0.5279,1
62.5,1.6,0.2,1,15.4,PASSENGER,23.34,14.81,STORM,18.4,0.6408,1
47.8,13.7,11.4,0,28.9,FREIGHT,2.04,7.84,FOG,20.3,0.6175,0
78.5,7.4,3.0,1,18.4,PASSENGER,7.83,12.35,RAIN,15.3,0.5938,1
74.2,10.3,9.1,0,25.8,PASSENGER,8.98,17.87,CLEAR,17.0,0.1972,0
105.6,17.4,8.7,0,28.2,PASSENGER,15.62,15.36,FOG,21.4,0.2482,0
142.6,6.6,7.6,1,4.0,EXPRESS,17.66,2.33,CLEAR,14.5,0.585,1
94.5,11.8,0.3,1,6.1,EXPRESS,29.72,9.53,CLEAR,19.8,0.6533,1
95.7,1.9,1.3,1,9.8,PASSENGER,7.04,4.79,CLEAR,11.2,0.6819,0
86.4,13.5,9.4,1,19.1,PASSENGER,23.01,3.63,CLEAR,21.9,0.7502,1
105.0,8.7,10.3,1,3.3,PASSENGER,11.26,5.29,RAIN,18.0,0.6992,0
44.1,4.8,2.8,0,23.9,FREIGHT,20.87,22.1,CLEAR,11.3,0.1345,0
55.8,4.9,2.6,1,3.3,FREIGHT,25.25,17.1,CLEAR,14.5,0.7218,0
52.5,1.2,0.9,1,6.0,FREIGHT,23.51,21.79,RAIN,13.8,0.6004,1
84.5,16.9,15.5,0,12.4,PASSENGER,9.01,12.16,RAIN,21.5,0.2179,0
121.9,2.3,1.1,0,17.4,EXPRESS,28.52,0.03,CLEAR,0.0,0.0586,0
70.3,3.1,1.0,0,26.6,PASSENGER,26.32,0.83,CLEAR,8.0,0.109,0
142.9,8.4,4.9,0,29.0,EXPRESS,37.31,3.47,CLEAR,7.3,0.1769,0
82.6,5.8,1.3,0,26.7,PASSENGER,25.55,18.74,FOG,14.1,0.1056,0
107.9,16.6,12.6,1,4.6,PASSENGER,28.95,4.84,FOG,24.6,0.7557,1
73.0,0.3,0.0,0,19.5,PASSENGER,32.54,2.44,RAIN,8.2,0.1247,0
137.8,1.5,0.0,1,14.1,EXPRESS,4.69,20.66,CLEAR,0.4,0.5345,1
155.9,9.7,3.2,1,5.1,EXPRESS,28.01,5.48,CLEAR,12.0,0.5574,1
93.2,9.4,3.0,0,17.3,PASSENGER,13.08,12.06,FOG,18.2,0.162,0
151.0,3.4,0.8,1,11.7,EXPRESS,33.01,8.15,FOG,8.8,0.5028,0
67.2,10.2,3.1,1,11.4,FREIGHT,19.47,21.52,CLEAR,17.4,0.6758,0
115.2,6.7,2.4,1,4.2,EXPRESS,23.43,16.91,RAIN,14.5,0.6468,1
132.0,12.8,9.9,0,29.4,EXPRESS,10.78,10.89,FOG,16.9,0.1353,0
100.9,0.6,0.0,0,22.2,EXPRESS,26.2,20.71,CLEAR,1.9,0.0667,0
86.8,13.1,16.8,1,9.5,PASSENGER,1.91,17.44,RAIN,24.9,0.9414,1
71.5,4.4,4.4,0,27.6,PASSENGER,30.07,19.41,FOG,12.6,0.1887,0
142.1,3.6,0.7,0,28.5,EXPRESS,6.95,23.46,RAIN,4.4,0.1564,0
127.0,2.9,0.2,0,24.6,EXPRESS,9.49,4.88,CLEAR,4.4,0.0648,0
80.6,5.6,3.5,0,20.3,PASSENGER,0.54,4.86,STORM,18.6,0.7568,1
108.8,1.6,1.2,1,12.2,EXPRESS,12.87,13.36,CLEAR,8.0,0.5477,1
109.9,6.4,1.6,0,13.9,PASSENGER,15.84,12.78,CLEAR,7.9,0.1065,0
63.6,3.4,1.3,0,14.5,PASSENGER,9.74,20.86,CLEAR,6.0,0.1689,0
93.0,6.9,4.7,0,28.5,EXPRESS,9.59,3.74,CLEAR,11.2,0.0943,0
105.2,21.4,3.6,0,23.2,EXPRESS,35.77,10.2,RAIN,24.7,0.2197,0
73.7,1.4,0.4,1,9.8,FREIGHT,13.39,12.67,CLEAR,11.8,0.4493,0
109.0,5.5,3.4,0,19.3,PASSENGER,29.03,11.14,FOG,7.0,0.1948,0
92.7,12.4,7.0,0,18.4,PASSENGER,9.88,1.61,FOG,16.8,0.2196,0
151.6,6.8,0.4,0,24.6,EXPRESS,32.46,3.55,CLEAR,3.8,0.0766,1
70.7,9.8,9.9,1,4.2,PASSENGER,27.27,3.69,CLEAR,19.2,0.6266,0
158.0,8.7,3.9,0,21.5,EXPRESS,30.37,14.3,RAIN,11.4,0.1461,0
67.1,24.8,13.5,0,10.9,PASSENGER,17.86,10.29,RAIN,31.2,0.411,0
34.6,2.2,0.7,1,5.2,FREIGHT,35.24,4.28,CLEAR,17.0,0.6314,1
97.9,24.8,22.7,0,22.4,EXPRESS,15.27,17.68,CLEAR,29.7,0.3988,0
130.1,8.9,4.7,1,11.0,EXPRESS,24.24,19.27,RAIN,14.8,0.6742,1
144.7,4.7,3.8,0,22.3,EXPRESS,25.78,5.04,CLEAR,0.8,0.0907,0
115.7,4.6,3.3,1,6.1,EXPRESS,38.11,17.35,RAIN,14.0,0.5997,1
158.5,6.9,0.1,0,29.6,EXPRESS,5.81,1.53,CLEAR,7.2,0.1303,0
120.4,13.5,12.6,0,24.4,EXPRESS,5.86,20.54,CLEAR,13.6,0.1283,1
67.5,4.5,4.6,1,9.7,PASSENGER,18.75,23.11,RAIN,14.8,0.6421,0
83.3,1.7,0.4,0,22.6,PASSENGER,36.76,3.74,STORM,12.1,0.0763,0
137.5,3.1,0.1,1,5.4,EXPRESS,1.36,18.87,CLEAR,9.3,0.7959,1
67.5,2.2,0.2,0,20.1,FREIGHT,11.41,2.34,RAIN,10.4,0.1342,0
122.1,8.2,4.2,1,3.2,EXPRESS,11.7,23.07,CLEAR,14.6,0.5261,1
56.7,9.0,4.3,0,11.0,FREIGHT,12.55,10.85,CLEAR,14.2,0.172,0
108.7,5.7,3.1,0,29.4,EXPRESS,1.48,12.85,CLEAR,1.4,0.2477,0
59.1,14.4,1.6,1,4.9,FREIGHT,33.11,18.33,CLEAR,23.9,0.6913,1
109.3,11.1,3.4,0,18.5,PASSENGER,0.85,5.97,RAIN,11.9,0.6034,1
32.2,3.7,3.3,1,3.5,FREIGHT,19.37,9.57,CLEAR,13.4,0.8406,1
69.9,1.0,0.1,0,20.6,FREIGHT,2.73,1.68,FOG,12.1,0.2547,0
129.4,2.3,1.5,1,9.4,EXPRESS,32.05,14.75,CLEAR,7.5,0.4488,1
41.3,0.8,0.2,0,10.3,FREIGHT,29.99,19.18,CLEAR,4.4,0.0743,0
156.8,10.2,10.4,1,11.1,EXPRESS,29.0,20.44,CLEAR,13.9,0.7008,1
123.8,7.8,5.8,1,7.3,EXPRESS,29.58,12.87,CLEAR,17.0,0.5546,1
113.2,32.2,25.0,0,28.3,EXPRESS,37.64,18.38,CLEAR,35.7,0.2798,0
69.1,2.4,1.6,1,27.3,PASSENGER,16.96,3.6,RAIN,14.7,0.4181,0
107.1,8.2,9.5,0,26.3,EXPRESS,34.53,17.84,RAIN,9.3,0.0924,0
101.6,3.9,4.2,1,4.5,PASSENGER,7.78,0.11,CLEAR,11.0,0.5319,1
90.7,3.9,2.7,1,8.2,PASSENGER,18.32,4.68,CLEAR,10.1,0.614,1
105.7,2.3,1.1,1,18.9,PASSENGER,0.85,15.23,FOG,11.4,0.8905,1
40.4,15.4,6.0,0,29.2,FREIGHT,11.72,7.69,RAIN,24.0,0.3092,0
66.1,13.6,10.6,1,18.7,PASSENGER,18.6,9.85,CLEAR,23.9,0.4551,1
90.4,8.8,1.2,0,10.8,EXPRESS,36.42,19.83,RAIN,10.7,0.1666,0
125.6,1.0,0.9,0,24.8,EXPRESS,13.02,13.71,CLEAR,0.6,0.091,0
159.9,7.4,5.4,1,5.4,EXPRESS,27.06,9.58,CLEAR,12.5,0.4172,0
138.6,16.3,17.0,0,26.6,EXPRESS,33.44,11.18,CLEAR,17.2,0.1339,0
111.6,12.6,6.2,0,29.3,EXPRESS,13.4,20.36,RAIN,15.3,0.2277,0
151.4,1.8,1.5,0,29.1,EXPRESS,7.18,11.65,FOG,0.9,0.0956,0
65.2,12.1,2.5,1,5.7,FREIGHT,23.85,21.01,STORM,27.1,0.8394,1
60.8,2.5,2.2,0,17.2,PASSENGER,11.73,5.93,RAIN,7.1,0.1278,0
147.2,8.2,8.6,0,18.2,EXPRESS,26.27,12.81,RAIN,6.9,0.1122,0
75.0,7.4,6.6,0,7.1,PASSENGER,5.82,8.86,CLEAR,9.6,0.1918,0
100.5,7.1,4.0,1,17.1,EXPRESS,6.49,14.19,CLEAR,16.9,0.4213,1
71.3,10.7,1.4,0,19.9,PASSENGER,27.2,13.81,CLEAR,17.3,0.145,1
83.4,16.8,12.5,1,10.9,PASSENGER,38.96,13.71,STORM,28.6,0.7472,1
81.2,9.8,4.8,1,10.5,PASSENGER,10.25,12.67,CLEAR,16.3,0.48,1
74.4,15.7,15.9,1,3.2,PASSENGER,28.7,10.91,RAIN,28.2,0.7575,1
37.7,7.1,3.9,0,28.8,FREIGHT,21.52,21.85,CLEAR,16.2,0.1197,1
64.3,9.1,7.7,0,24.4,FREIGHT,33.83,6.43,CLEAR,15.3,0.1695,0
109.5,5.8,7.5,0,23.1,PASSENGER,15.86,10.41,CLEAR,10.5,0.0868,0
98.9,3.6,1.9,1,2.1,PASSENGER,38.88,5.07,RAIN,18.3,0.7408,1
74.8,19.4,15.0,0,19.3,PASSENGER,3.75,7.97,CLEAR,24.6,0.4469,1
107.1,2.0,0.1,1,6.6,EXPRESS,39.39,5.98,RAIN,10.8,0.5877,0
105.2,13.5,6.6,1,20.4,EXPRESS,33.93,16.07,CLEAR,21.7,0.7435,0
99.6,17.4,15.2,0,19.2,EXPRESS,34.73,16.98,RAIN,23.6,0.2714,0
87.6,7.6,1.9,0,25.8,PASSENGER,33.77,6.64,CLEAR,12.0,0.1221,0
90.3,4.5,4.7,1,8.8,PASSENGER,34.54,23.61,CLEAR,13.7,0.4721,1
139.4,3.7,3.7,1,2.3,EXPRESS,32.7,6.82,CLEAR,12.5,0.4333,0
60.6,5.8,6.5,0,27.6,FREIGHT,36.03,19.88,RAIN,12.2,0.1519,1
43.2,22.5,9.1,0,27.4,FREIGHT,18.7,7.02,CLEAR,26.3,0.2153,0
76.5,4.4,4.2,0,14.5,PASSENGER,37.6,9.92,FOG,11.0,0.0902,0
94.1,10.5,7.6,1,3.7,PASSENGER,15.71,15.95,RAIN,25.4,0.6565,1
45.7,2.6,1.7,0,15.7,FREIGHT,29.28,13.38,CLEAR,7.0,0.1388,0
104.9,1.2,1.2,0,16.4,EXPRESS,28.56,12.15,STORM,10.4,0.1675,0
78.7,3.3,2.5,0,24.9,PASSENGER,32.93,19.06,RAIN,12.5,0.1071,0
109.0,6.1,5.1,0,21.9,EXPRESS,29.67,16.99,CLEAR,8.3,0.0698,0
64.4,2.4,0.9,1,3.5,PASSENGER,1.9,21.94,FOG,16.0,0.8465,1
148.1,13.8,5.1,0,21.6,EXPRESS,29.7,5.54,CLEAR,12.1,0.1971,0
68.4,6.5,2.3,1,5.4,FREIGHT,1.42,0.39,RAIN,16.8,0.8634,1
39.9,8.9,7.1,1,4.0,FREIGHT,21.56,24.0,CLEAR,20.3,0.7244,0
94.5,2.1,0.2,1,12.9,EXPRESS,33.64,6.8,STORM,17.3,0.6912,1
96.9,8.6,5.0,1,3.7,PASSENGER,33.27,1.03,CLEAR,19.6,0.807,0
39.5,12.6,4.7,0,25.1,FREIGHT,33.73,5.94,CLEAR,17.8,0.1742,0
79.7,22.7,12.7,1,14.7,PASSENGER,24.3,16.05,CLEAR,29.2,0.6613,1
32.9,5.9,5.6,0,18.2,FREIGHT,7.76,14.11,CLEAR,14.1,0.2134,1
71.3,11.7,7.2,0,17.9,PASSENGER,20.57,4.96,CLEAR,15.6,0.1473,0
145.5,9.7,10.6,0,29.4,EXPRESS,20.89,4.47,RAIN,8.5,0.2215,0
146.3,7.5,5.1,0,27.6,EXPRESS,13.33,10.66,CLEAR,2.6,0.0709,0
104.5,3.1,1.5,0,25.7,EXPRESS,17.25,0.32,CLEAR,1.6,0.0619,0
76.8,12.7,9.2,1,12.4,PASSENGER,34.95,0.06,RAIN,20.5,0.6604,1
99.4,8.4,6.2,0,5.6,EXPRESS,20.96,14.8,CLEAR,9.6,0.1907,0
63.7,2.2,2.5,1,18.4,PASSENGER,28.34,7.81,RAIN,13.8,0.4346,0
109.6,10.8,5.6,0,14.0,PASSENGER,20.08,0.57,RAIN,11.7,0.2102,0
92.8,9.6,9.1,0,7.9,PASSENGER,24.89,11.04,CLEAR,11.8,0.1392,0
54.4,12.2,16.7,1,4.3,FREIGHT,4.16,22.45,CLEAR,23.0,0.7898,0
64.4,16.7,13.7,0,13.9,FREIGHT,37.29,6.12,CLEAR,19.6,0.1877,0
102.0,4.0,1.8,0,20.0,PASSENGER,17.72,6.03,CLEAR,3.2,0.0578,0
66.3,2.0,2.5,0,19.3,FREIGHT,30.06,11.23,RAIN,8.3,0.0701,0
60.8,0.9,0.5,0,23.6,PASSENGER,26.85,3.56,RAIN,9.6,0.1759,0
69.3,16.6,1.3,0,14.8,PASSENGER,32.07,15.31,CLEAR,22.1,0.1782,0
59.5,13.2,9.6,0,10.7,FREIGHT,1.88,20.14,CLEAR,19.0,0.5237,0
116.3,2.9,2.0,0,16.9,EXPRESS,37.45,4.67,FOG,8.9,0.0932,0
158.8,6.5,4.4,0,29.3,EXPRESS,33.28,15.81,RAIN,3.6,0.1217,0
59.9,5.1,4.9,1,2.8,FREIGHT,33.43,21.31,FOG,21.8,0.7031,1
107.8,10.3,6.9,0,16.6,PASSENGER,18.95,21.67,FOG,13.0,0.2851,0
39.1,2.8,0.9,0,10.9,FREIGHT,31.95,13.27,CLEAR,10.8,0.1191,0
68.9,1.6,1.6,1,4.5,FREIGHT,23.22,3.66,RAIN,12.1,0.5268,1
112.5,3.7,2.7,1,13.9,EXPRESS,20.39,15.82,RAIN,9.5,0.4022,1
74.5,1.8,2.0,0,19.8,FREIGHT,31.5,17.64,CLEAR,6.0,0.0591,0
67.9,22.1,18.3,0,16.6,PASSENGER,25.3,18.1,RAIN,31.9,0.2547,0
85.8,14.6,8.1,1,2.3,PASSENGER,3.55,22.42,CLEAR,26.5,0.9295,1
99.6,19.5,2.9,0,18.0,PASSENGER,12.92,14.77,FOG,20.9,0.2359,0
49.5,18.9,9.5,0,8.1,FREIGHT,25.07,11.19,RAIN,24.2,0.2995,0
122.8,14.8,1.9,1,11.2,EXPRESS,36.2,12.06,RAIN,18.0,0.8443,1
109.3,8.2,6.9,1,10.4,PASSENGER,37.35,7.72,RAIN,17.4,0.719,1
81.3,5.1,1.1,0,26.0,PASSENGER,33.64,1.37,CLEAR,8.5,0.0609,0
90.2,7.3,6.7,1,2.9,PASSENGER,10.55,17.22,RAIN,20.2,0.8285,1
62.7,8.5,2.7,1,11.4,PASSENGER,19.2,0.48,RAIN,18.2,0.6067,0
149.0,5.4,0.5,0,12.8,EXPRESS,17.62,1.54,CLEAR,3.8,0.0858,0
135.4,3.3,1.4,0,19.1,EXPRESS,17.83,8.02,CLEAR,2.9,0.0663,0
118.3,4.6,2.3,0,24.0,EXPRESS,2.47,22.35,CLEAR,7.4,0.1684,1
30.7,6.2,6.2,0,22.2,FREIGHT,7.36,11.6,CLEAR,17.3,0.1876,1
131.4,1.4,0.3,0,22.9,EXPRESS,6.55,5.16,STORM,8.1,0.1321,0
90.9,17.0,4.8,1,7.0,EXPRESS,24.88,21.53,CLEAR,26.1,0.6654,0
30.1,12.2,5.7,0,27.5,FREIGHT,16.77,13.72,CLEAR,19.0,0.2678,0
133.1,4.0,4.8,1,13.3,EXPRESS,13.31,8.88,CLEAR,7.1,0.5457,0
38.5,6.9,6.4,0,1.8,FREIGHT,18.03,17.18,RAIN,19.5,0.4007,0
69.6,1.3,0.9,0,20.5,PASSENGER,13.31,10.59,CLEAR,5.5,0.1462,0
59.4,16.5,4.0,0,18.7,FREIGHT,30.42,17.52,RAIN,21.3,0.2821,0
93.8,19.5,12.7,1,5.1,EXPRESS,7.1,5.24,FOG,30.5,0.9127,1
111.9,7.9,4.2,0,28.9,EXPRESS,2.72,3.6,RAIN,9.7,0.1814,1
67.5,8.4,4.3,0,17.5,PASSENGER,26.2,11.06,RAIN,13.3,0.1047,1
56.1,10.3,6.0,1,14.9,FREIGHT,9.61,7.67,RAIN,21.5,0.7285,0
93.1,2.5,1.8,1,12.8,PASSENGER,25.91,14.52,CLEAR,11.5,0.5016,0
140.5,12.1,5.4,0,7.5,EXPRESS,2.81,18.93,RAIN,10.7,0.23,0
72.8,16.5,11.2,0,28.7,PASSENGER,10.26,21.64,CLEAR,23.1,0.2509,1
64.5,0.3,0.0,0,21.5,PASSENGER,6.58,18.25,CLEAR,7.3,0.0606,0
63.9,11.7,9.2,0,17.7,PASSENGER,11.98,8.2,FOG,20.0,0.227,0
81.3,3.6,1.1,0,19.5,PASSENGER,13.49,17.46,CLEAR,2.1,0.0642,0
72.6,3.5,2.7,0,25.5,FREIGHT,20.06,12.72,CLEAR,3.3,0.1109,0
70.9,10.6,8.6,0,19.6,PASSENGER,21.05,21.75,CLEAR,15.4,0.2,1
108.0,14.3,7.8,1,4.8,EXPRESS,25.39,16.97,CLEAR,22.4,0.5345,1
65.0,12.7,10.0,0,21.4,PASSENGER,13.6,3.61,FOG,24.2,0.1021,0
132.4,17.3,12.7,0,17.6,EXPRESS,21.51,1.87,RAIN,17.5,0.3311,1
94.0,4.9,2.7,0,29.0,PASSENGER,39.61,13.05,RAIN,7.6,0.0695,0
92.1,4.3,4.8,0,22.4,PASSENGER,8.82,8.76,STORM,10.3,0.1595,0
150.3,4.3,2.2,1,11.3,EXPRESS,6.53,4.03,STORM,13.7,0.5848,0
124.0,2.6,1.9,1,5.4,EXPRESS,33.78,19.14,FOG,11.5,0.6744,1
99.4,11.1,2.5,0,15.2,EXPRESS,16.71,9.01,CLEAR,11.3,0.1747,0
43.0,12.7,6.1,0,20.9,FREIGHT,33.95,2.06,CLEAR,18.7,0.1752,0
59.8,3.3,3.1,1,6.6,FREIGHT,17.28,6.29,RAIN,15.5,0.6745,1
132.9,10.6,7.6,0,20.0,EXPRESS,1.36,16.25,FOG,14.9,0.4734,0
53.9,11.7,6.2,0,25.0,FREIGHT,15.31,15.55,STORM,21.5,0.2992,0
94.1,11.2,0.1,1,6.0,PASSENGER,24.6,6.3,RAIN,19.1,0.6929,1
134.6,6.2,4.5,0,21.6,EXPRESS,18.18,8.19,RAIN,8.7,0.1122,0
151.7,5.8,2.6,1,3.4,EXPRESS,18.64,1.2,CLEAR,9.4,0.5552,0
89.3,5.2,2.7,1,1.7,PASSENGER,39.93,22.88,CLEAR,15.0,0.7793,0
98.9,6.9,7.7,1,2.4,PASSENGER,21.99,7.85,RAIN,16.0,0.7569,1
72.4,4.8,3.6,0,19.5,PASSENGER,28.03,22.31,CLEAR,7.0,0.1045,0
137.5,12.8,9.8,0,29.2,EXPRESS,28.98,19.53,CLEAR,10.5,0.1447,0
153.2,7.4,5.6,0,23.5,EXPRESS,0.51,8.04,CLEAR,7.1,0.5602,1
79.3,5.5,3.6,0,8.8,PASSENGER,22.32,16.66,FOG,11.3,0.1082,0
144.5,8.7,6.3,1,3.5,EXPRESS,38.54,11.37,STORM,18.8,0.7167,0
140.7,3.9,0.2,1,19.1,EXPRESS,30.16,23.44,CLEAR,4.7,0.441,1
94.2,10.7,0.1,1,1.6,EXPRESS,13.95,15.32,CLEAR,20.5,0.7817,1
56.2,1.4,0.4,0,24.1,FREIGHT,14.9,12.46,CLEAR,7.4,0.0683,0
35.9,11.7,2.6,1,8.4,FREIGHT,12.49,15.31,CLEAR,23.5,0.6312,0
108.4,3.7,1.2,1,10.0,PASSENGER,25.39,5.29,RAIN,14.8,0.4083,0
66.5,24.8,18.7,1,11.3,FREIGHT,4.34,7.35,CLEAR,34.4,0.8863,1
97.7,7.4,3.5,0,23.3,EXPRESS,11.96,17.1,FOG,12.8,0.2433,0
66.1,8.2,4.9,0,9.1,PASSENGER,20.18,2.01,RAIN,13.7,0.1199,0
131.6,1.6,1.5,1,9.6,EXPRESS,21.64,7.26,CLEAR,10.6,0.5078,1
77.2,5.4,1.7,1,16.9,PASSENGER,24.49,14.87,RAIN,16.6,0.4247,0
31.6,5.4,1.8,1,14.7,FREIGHT,31.99,23.9,STORM,24.4,0.7982,1
87.1,23.4,5.4,0,28.7,PASSENGER,6.95,22.22,CLEAR,26.1,0.2255,1
117.1,10.1,2.9,1,9.0,EXPRESS,9.39,19.97,CLEAR,16.4,0.6039,1
65.1,6.9,3.3,1,4.1,PASSENGER,34.96,12.02,CLEAR,19.9,0.6996,1
146.1,8.4,4.0,0,16.9,EXPRESS,33.33,19.31,CLEAR,6.1,0.1046,0
71.2,14.9,6.6,1,6.8,FREIGHT,32.95,13.41,CLEAR,28.3,0.7204,1
97.8,10.6,0.4,0,13.3,PASSENGER,8.74,11.0,CLEAR,8.5,0.1458,0
101.1,13.3,6.8,1,6.8,PASSENGER,2.8,5.36,RAIN,21.0,0.9018,1
70.8,7.7,3.7,0,26.6,PASSENGER,21.17,22.82,CLEAR,15.1,0.0806,0
73.2,4.7,5.0,0,10.8,PASSENGER,34.87,14.36,RAIN,10.8,0.1264,1
104.6,7.4,1.8,0,23.6,EXPRESS,9.88,16.21,RAIN,11.1,0.1301,0
98.3,3.9,2.4,0,28.5,PASSENGER,36.22,3.39,FOG,7.9,0.0845,0
156.4,4.0,1.2,0,28.3,EXPRESS,6.09,10.34,CLEAR,2.0,0.1265,0
95.8,15.2,17.4,1,16.5,PASSENGER,12.27,23.15,CLEAR,22.7,0.7055,0
69.7,4.4,3.1,0,29.5,FREIGHT,12.28,18.18,CLEAR,11.1,0.1421,0
58.7,19.9,24.9,1,20.2,FREIGHT,6.47,21.19,RAIN,33.9,0.8835,1
79.4,9.6,3.0,1,5.2,PASSENGER,34.97,9.5,CLEAR,14.8,0.6004,1
81.3,5.3,1.1,0,26.8,PASSENGER,16.8,1.6,RAIN,8.1,0.1888,1
95.3,4.8,3.2,0,14.9,EXPRESS,8.03,8.44,CLEAR,5.4,0.0669,0
61.6,3.5,0.2,0,5.9,PASSENGER,6.32,9.02,CLEAR,12.1,0.1912,0
138.7,26.1,10.6,0,24.1,EXPRESS,17.13,7.23,CLEAR,20.7,0.3641,1
81.9,10.1,7.7,0,19.3,PASSENGER,1.18,12.64,RAIN,14.6,0.3526,1
128.7,6.9,5.8,0,26.6,EXPRESS,5.28,4.61,RAIN,12.4,0.1577,0
129.0,6.5,4.2,0,25.1,EXPRESS,0.65,22.5,FOG,11.5,0.6381,0
73.9,12.9,3.9,1,10.6,PASSENGER,1.46,21.78,CLEAR,19.1,0.8305,1
123.3,28.2,25.8,1,8.8,EXPRESS,39.9,6.28,RAIN,34.2,0.8975,1
83.5,14.0,1.5,0,22.4,PASSENGER,18.23,15.64,CLEAR,13.6,0.2193,0
117.2,6.6,6.8,0,17.8,EXPRESS,29.29,12.03,CLEAR,8.2,0.1342,1
147.4,5.1,3.9,1,3.5,EXPRESS,29.61,6.0,CLEAR,8.9,0.7314,0
82.6,17.7,16.8,1,6.7,PASSENGER,35.28,21.53,CLEAR,27.7,0.7061,1
132.3,10.5,7.9,1,5.8,EXPRESS,4.6,5.55,CLEAR,16.2,0.7129,1
152.7,30.2,29.3,0,18.3,EXPRESS,21.26,14.99,RAIN,31.0,0.3346,1
103.3,6.3,4.0,1,3.9,PASSENGER,13.21,8.05,CLEAR,14.6,0.5975,0
152.3,2.7,1.0,1,7.4,EXPRESS,22.17,19.83,CLEAR,5.8,0.5076,0
42.2,5.3,3.2,0,17.0,FREIGHT,13.62,14.89,CLEAR,10.4,0.1626,0
92.4,11.7,5.6,1,5.3,EXPRESS,7.75,19.98,RAIN,18.1,0.705,0
108.3,10.9,6.7,1,8.6,EXPRESS,27.08,8.35,CLEAR,17.2,0.6026,1
73.9,3.9,0.0,0,27.3,PASSENGER,2.02,0.27,CLEAR,5.8,0.1171,0
153.7,12.9,3.2,0,21.4,EXPRESS,35.87,5.32,CLEAR,11.3,0.1181,1
135.4,4.1,1.2,1,10.2,EXPRESS,6.28,19.55,CLEAR,5.4,0.6697,1
95.7,10.4,9.4,0,26.5,EXPRESS,24.8,7.6,RAIN,13.8,0.0991,0
99.5,1.6,0.7,1,8.6,EXPRESS,30.29,7.67,CLEAR,9.0,0.4559,1
37.0,5.3,4.9,0,18.3,FREIGHT,3.38,10.79,CLEAR,15.2,0.3534,1
134.1,4.1,1.4,1,12.0,EXPRESS,36.18,6.59,FOG,10.2,0.4435,1
96.8,8.8,2.0,0,22.9,PASSENGER,14.57,19.37,FOG,13.5,0.1453,1
68.7,20.6,12.7,1,12.1,FREIGHT,39.87,7.72,CLEAR,30.7,0.8313,1
107.0,1.8,1.2,1,8.6,PASSENGER,3.22,14.49,RAIN,11.4,0.8256,1
39.1,2.7,0.4,0,18.8,FREIGHT,28.81,10.82,RAIN,11.6,0.1454,0
111.7,3.6,0.3,0,22.7,EXPRESS,6.85,6.9,CLEAR,7.8,0.1118,1
40.8,15.5,3.2,0,16.8,FREIGHT,16.41,6.37,CLEAR,19.9,0.1623,1
115.1,5.4,4.6,0,21.9,EXPRESS,18.01,12.05,RAIN,11.3,0.1265,0
105.7,3.3,1.8,0,13.5,PASSENGER,16.54,5.06,RAIN,7.9,0.0951,0
88.8,17.7,5.3,0,24.2,PASSENGER,13.83,8.3,RAIN,21.0,0.2339,0
141.7,11.6,0.3,0,18.2,EXPRESS,30.8,0.95,CLEAR,9.4,0.124,0
84.5,10.4,8.8,0,7.1,PASSENGER,32.89,18.97,RAIN,18.1,0.1809,0
61.4,6.8,7.6,0,26.9,PASSENGER,13.76,1.05,CLEAR,10.9,0.2091,0
94.5,22.6,19.1,0,25.3,EXPRESS,19.56,20.93,RAIN,27.2,0.3691,1
127.7,16.0,12.4,0,29.0,EXPRESS,17.16,1.14,CLEAR,15.3,0.1484,1
95.9,2.6,2.0,0,17.7,PASSENGER,23.94,20.36,RAIN,9.8,0.0653,0
70.8,10.6,2.3,0,20.8,PASSENGER,6.44,15.46,RAIN,14.1,0.2834,0
62.5,7.5,6.2,0,26.1,FREIGHT,32.32,12.14,STORM,22.1,0.2792,0
100.5,3.5,0.6,1,3.0,PASSENGER,31.98,3.48,CLEAR,11.1,0.6115,1
48.5,5.7,1.7,0,27.5,FREIGHT,23.82,6.16,CLEAR,8.5,0.0809,0
97.3,2.0,0.6,1,9.2,PASSENGER,29.97,16.56,CLEAR,7.4,0.4343,0
118.3,3.9,2.7,1,3.1,EXPRESS,39.55,12.29,CLEAR,9.6,0.6306,1
137.5,4.4,3.6,1,8.3,EXPRESS,36.94,12.34,RAIN,13.5,0.4462,1
98.2,6.6,1.1,0,18.2,PASSENGER,24.65,3.2,CLEAR,5.4,0.1732,0
109.6,0.4,0.1,1,2.9,PASSENGER,20.7,11.4,CLEAR,9.3,0.4509,0
114.2,8.8,5.7,1,1.5,EXPRESS,21.61,14.17,CLEAR,21.5,0.7104,1
118.8,3.5,0.1,0,19.7,EXPRESS,18.93,2.94,CLEAR,9.1,0.0858,0
37.5,17.0,16.3,1,14.4,FREIGHT,19.47,23.38,FOG,32.3,0.9055,1
70.2,9.1,1.1,0,25.6,PASSENGER,29.42,19.92,CLEAR,12.5,0.0517,0
94.7,8.1,4.9,1,8.8,PASSENGER,39.69,7.62,CLEAR,13.1,0.4942,0
105.9,5.2,2.6,1,9.5,PASSENGER,2.29,13.52,CLEAR,10.8,0.4949,1
117.6,3.0,0.3,1,3.7,EXPRESS,9.59,13.42,CLEAR,14.1,0.6907,1
102.6,6.7,2.9,0,16.8,EXPRESS,8.8,2.56,CLEAR,10.0,0.0935,0
110.0,3.7,3.3,0,11.9,EXPRESS,33.4,10.52,FOG,10.8,0.2,0
121.9,16.0,8.7,1,11.2,EXPRESS,17.08,4.99,RAIN,23.3,0.5715,1
74.5,4.4,5.9,0,14.5,PASSENGER,21.24,8.0,FOG,14.4,0.1113,0
71.7,3.6,0.4,0,25.7,PASSENGER,19.03,22.65,CLEAR,11.3,0.0825,0
63.1,4.1,1.1,1,4.5,FREIGHT,34.22,13.23,CLEAR,13.8,0.6283,0
30.4,2.3,1.7,1,16.4,FREIGHT,20.24,1.61,CLEAR,16.0,0.6122,1
127.7,0.6,0.6,1,7.1,EXPRESS,26.88,16.13,CLEAR,4.4,0.3873,0
99.7,2.5,2.7,1,7.6,PASSENGER,1.27,23.97,RAIN,7.5,0.6802,1
73.3,21.6,18.7,0,8.8,PASSENGER,26.27,4.02,CLEAR,27.4,0.3092,1
57.1,9.4,3.3,1,14.6,FREIGHT,10.02,16.39,CLEAR,19.1,0.6287,0
136.8,10.9,6.1,1,15.6,EXPRESS,34.74,19.78,CLEAR,14.1,0.5158,1
92.8,5.0,5.2,0,26.3,PASSENGER,30.19,20.26,CLEAR,6.6,0.1477,0
82.3,10.0,8.5,0,26.9,PASSENGER,4.82,16.98,CLEAR,13.9,0.1844,0
114.3,7.8,1.1,0,18.2,EXPRESS,4.59,21.84,RAIN,10.2,0.2469,0
148.5,7.7,6.3,1,9.5,EXPRESS,12.07,0.77,RAIN,16.4,0.6514,1
97.9,28.2,9.6,0,24.8,PASSENGER,5.47,1.54,RAIN,30.6,0.4451,0
76.1,1.6,0.8,0,24.1,PASSENGER,29.74,3.23,CLEAR,6.6,0.1054,0
97.2,6.1,1.9,0,24.2,EXPRESS,39.48,1.04,CLEAR,6.3,0.1028,0
63.6,13.6,15.8,1,2.0,PASSENGER,26.38,2.88,CLEAR,25.8,0.8408,0
96.6,7.4,6.8,0,23.0,EXPRESS,10.34,19.61,CLEAR,8.0,0.1522,0
89.1,2.5,1.5,0,25.8,PASSENGER,22.79,21.51,RAIN,6.2,0.1237,0
93.6,6.4,3.7,0,18.7,EXPRESS,32.32,8.06,CLEAR,8.9,0.1204,0
45.2,3.4,2.3,1,22.9,FREIGHT,38.51,22.97,CLEAR,14.7,0.407,0
142.7,6.4,3.0,0,23.6,EXPRESS,0.7,10.04,FOG,6.0,0.6277,1
110.6,2.3,2.0,0,15.9,EXPRESS,21.19,4.13,CLEAR,0.0,0.1041,0
143.4,3.2,1.5,0,24.7,EXPRESS,18.4,16.35,RAIN,2.2,0.115,0
142.2,8.6,5.1,0,24.1,EXPRESS,16.87,10.09,CLEAR,8.8,0.0996,0
72.3,8.4,6.8,0,27.6,PASSENGER,20.4,0.47,RAIN,13.4,0.1217,0
141.0,11.2,9.3,0,27.8,EXPRESS,16.44,23.19,CLEAR,9.9,0.1351,0
63.6,2.8,0.8,0,16.6,FREIGHT,14.09,14.35,CLEAR,4.4,0.1387,0
117.8,10.0,7.8,1,2.4,EXPRESS,5.03,14.72,RAIN,19.9,0.7425,1
104.7,11.1,1.3,1,2.0,EXPRESS,20.24,23.58,RAIN,21.7,0.7755,1
126.5,7.6,2.5,0,28.3,EXPRESS,32.93,20.0,RAIN,7.1,0.0558,0
154.5,12.5,10.4,1,11.1,EXPRESS,4.64,8.7,RAIN,18.7,0.6446,1
134.8,2.9,2.7,0,12.3,EXPRESS,29.67,1.0,CLEAR,5.0,0.1162,0
68.6,1.1,1.0,1,14.9,PASSENGER,11.08,5.34,RAIN,16.1,0.5599,1
94.1,1.2,0.8,0,9.1,PASSENGER,15.56,8.44,CLEAR,2.4,0.0636,0
81.4,4.3,2.9,0,18.3,PASSENGER,39.53,23.05,CLEAR,8.4,0.1158,0
89.6,6.9,6.5,1,23.9,PASSENGER,27.17,21.33,CLEAR,12.1,0.4825,0
96.7,34.0,26.5,0,8.8,PASSENGER,28.9,0.52,CLEAR,38.3,0.545,1
126.0,9.9,7.0,0,22.7,EXPRESS,24.29,23.69,CLEAR,10.7,0.1386,0
100.7,12.1,9.4,0,20.7,PASSENGER,13.23,6.17,RAIN,11.8,0.2236,0
62.5,7.2,6.2,1,16.5,FREIGHT,27.17,18.61,CLEAR,17.6,0.6597,1
90.8,10.5,10.2,1,10.8,PASSENGER,18.56,2.8,CLEAR,18.3,0.6286,0
67.5,3.8,0.4,0,26.4,PASSENGER,33.37,5.29,FOG,8.5,0.1134,0
148.5,13.3,12.0,0,13.0,EXPRESS,23.06,12.13,RAIN,13.1,0.2693,0
106.8,2.7,2.3,1,12.2,PASSENGER,30.96,16.89,FOG,16.2,0.4639,1
66.8,10.7,11.5,0,19.8,PASSENGER,34.02,8.29,CLEAR,17.3,0.1954,0
84.4,2.5,0.4,0,27.7,PASSENGER,32.93,20.96,CLEAR,3.8,0.063,0
41.6,11.1,5.7,1,16.0,FREIGHT,16.38,22.56,RAIN,22.8,0.7284,1
142.8,7.1,6.0,1,22.1,EXPRESS,15.07,2.94,CLEAR,6.5,0.6698,1
140.5,26.8,26.0,1,14.5,EXPRESS,34.83,17.25,CLEAR,29.3,0.7686,1
67.0,8.4,6.6,1,7.7,PASSENGER,6.15,3.17,CLEAR,21.8,0.5894,1
69.5,4.8,2.2,1,5.0,FREIGHT,11.54,8.18,FOG,19.7,0.7892,1
102.7,11.0,3.7,1,5.4,EXPRESS,5.28,19.67,CLEAR,18.6,0.7327,1
145.8,8.5,2.1,1,2.1,EXPRESS,2.16,8.07,CLEAR,14.7,0.8194,1
122.0,1.0,1.0,0,17.3,EXPRESS,24.83,21.78,RAIN,5.8,0.0787,0
113.0,2.6,1.3,1,5.2,EXPRESS,36.08,9.88,RAIN,11.4,0.5223,1
67.9,4.7,1.1,0,26.2,PASSENGER,5.61,7.44,RAIN,9.7,0.14,0
68.4,11.9,3.6,0,29.5,PASSENGER,31.93,23.74,RAIN,16.6,0.2327,1
136.3,13.9,10.6,0,15.6,EXPRESS,15.48,10.6,CLEAR,12.7,0.1299,0
128.5,10.0,11.0,0,14.3,EXPRESS,24.92,17.78,CLEAR,10.1,0.1324,0
98.5,1.3,0.3,1,11.4,EXPRESS,30.67,14.39,RAIN,13.1,0.3813,1
97.9,4.7,0.4,0,19.7,EXPRESS,28.55,4.86,STORM,9.7,0.1341,0
63.6,2.9,1.3,1,18.8,PASSENGER,5.9,12.01,FOG,14.2,0.5976,0
63.5,3.8,1.3,1,11.3,FREIGHT,5.06,1.86,CLEAR,9.7,0.6454,1
62.0,3.1,0.4,0,11.3,FREIGHT,37.01,17.01,CLEAR,10.2,0.0961,0
94.1,2.7,2.2,0,19.9,EXPRESS,3.64,12.45,STORM,11.5,0.2608,1
55.2,9.8,4.0,1,17.3,FREIGHT,9.13,2.94,STORM,28.4,0.8448,1
64.2,9.9,3.9,0,22.0,PASSENGER,17.81,18.4,RAIN,14.3,0.1145,1
105.2,4.5,3.5,0,28.3,PASSENGER,32.93,19.31,CLEAR,4.5,0.091,0
105.4,5.0,1.9,0,23.7,PASSENGER,24.3,17.61,CLEAR,3.9,0.0529,0
138.9,8.5,5.5,1,10.2,EXPRESS,23.06,7.9,CLEAR,13.2,0.5572,0
154.8,8.1,7.9,0,23.1,EXPRESS,27.83,17.36,RAIN,6.9,0.1458,0
146.8,2.4,1.9,1,14.3,EXPRESS,32.19,13.87,CLEAR,6.1,0.3946,1
148.0,0.5,0.4,0,23.7,EXPRESS,9.68,13.05,CLEAR,0.0,0.0836,0
129.9,8.5,1.6,0,26.8,EXPRESS,1.25,15.57,RAIN,11.5,0.3803,1
75.3,1.8,0.7,1,8.6,PASSENGER,5.52,15.12,FOG,16.4,0.7013,1
70.9,2.6,2.8,0,8.3,PASSENGER,7.02,19.18,RAIN,9.5,0.1085,0
76.4,2.8,0.8,0,13.8,PASSENGER,2.08,23.66,CLEAR,8.8,0.2824,0
134.0,3.2,2.8,1,3.0,EXPRESS,30.03,17.43,RAIN,10.8,0.5904,0
37.8,1.5,1.1,0,21.0,FREIGHT,35.45,10.6,CLEAR,8.4,0.0666,0
41.6,8.9,6.0,0,22.9,FREIGHT,28.57,11.08,RAIN,12.6,0.1458,0
83.4,2.3,0.1,1,11.3,PASSENGER,7.95,0.7,RAIN,12.8,0.4499,1
40.5,5.9,3.6,0,14.8,FREIGHT,24.45,3.84,CLEAR,12.8,0.1282,0
89.4,3.9,0.8,0,18.3,PASSENGER,21.06,5.48,CLEAR,8.2,0.0681,0
71.5,3.3,0.0,1,3.6,FREIGHT,32.89,23.77,RAIN,16.6,0.4909,1
142.4,9.5,9.2,0,21.8,EXPRESS,37.72,18.31,CLEAR,7.1,0.07,0
136.6,8.0,5.0,0,16.5,EXPRESS,29.85,3.4,CLEAR,6.7,0.1047,0
130.8,1.5,0.5,0,19.3,EXPRESS,20.75,11.96,RAIN,1.6,0.1278,0
124.2,7.9,4.9,0,22.1,EXPRESS,20.69,5.12,CLEAR,9.9,0.112,0
103.1,5.6,4.3,0,20.8,EXPRESS,32.41,7.14,RAIN,12.1,0.0917,0
104.7,3.6,2.9,1,4.2,PASSENGER,5.34,14.51,CLEAR,13.1,0.5637,1
72.4,3.5,2.4,0,23.8,PASSENGER,6.56,14.38,RAIN,13.1,0.094,0
64.6,8.5,9.8,0,18.9,PASSENGER,14.07,20.92,CLEAR,15.2,0.1524,0
142.5,3.8,1.3,0,21.9,EXPRESS,30.01,3.95,CLEAR,0.2,0.0708,0
37.9,4.4,2.3,1,9.0,FREIGHT,3.11,11.94,CLEAR,13.5,0.7951,1
78.6,3.2,1.8,0,7.8,PASSENGER,14.1,14.37,RAIN,7.3,0.1175,1
92.0,17.2,6.6,0,25.0,EXPRESS,13.08,22.33,CLEAR,17.7,0.277,0
66.9,15.7,11.2,1,12.6,PASSENGER,19.69,12.39,CLEAR,23.7,0.6266,1
102.1,17.1,8.5,1,17.9,EXPRESS,18.82,8.18,CLEAR,22.8,0.5876,0
93.8,11.0,7.2,0,17.2,EXPRESS,28.72,7.01,CLEAR,13.1,0.1587,0
59.5,24.2,19.5,1,18.2,FREIGHT,25.21,5.19,CLEAR,34.5,0.8088,1
148.6,15.1,5.4,1,3.5,EXPRESS,36.16,23.1,CLEAR,23.5,0.6626,0
78.7,14.4,6.3,1,10.1,PASSENGER,7.64,14.47,RAIN,25.5,0.6934,1
69.4,21.6,18.3,1,3.4,FREIGHT,17.57,7.28,CLEAR,33.7,0.8091,1
70.7,0.8,0.0,1,15.2,PASSENGER,16.3,17.88,CLEAR,11.9,0.2943,0
112.8,5.8,4.5,0,27.2,EXPRESS,4.94,6.94,CLEAR,5.2,0.1111,1
100.6,9.8,6.0,1,12.6,EXPRESS,7.01,12.09,CLEAR,14.6,0.5493,1
133.4,12.2,11.2,0,23.8,EXPRESS,13.8,0.62,CLEAR,13.8,0.1718,1
81.0,10.4,9.7,0,9.7,PASSENGER,29.52,20.32,CLEAR,14.9,0.1638,0
90.7,12.3,8.3,0,25.9,PASSENGER,6.43,22.96,CLEAR,15.1,0.1588,0
143.3,13.0,13.1,1,13.5,EXPRESS,10.98,20.78,CLEAR,14.7,0.6335,1
54.6,6.4,3.5,1,11.6,FREIGHT,27.22,4.11,RAIN,17.3,0.7077,1
91.4,3.7,0.0,0,21.4,PASSENGER,24.07,19.81,CLEAR,5.1,0.0642,0
155.5,1.4,0.1,1,16.1,EXPRESS,4.62,8.33,STORM,8.0,0.7131,1
75.0,6.3,3.5,1,11.1,PASSENGER,37.78,22.47,RAIN,20.8,0.6906,1
78.0,8.4,2.6,1,3.2,PASSENGER,6.35,7.18,CLEAR,22.5,0.7575,0
140.2,5.2,2.7,1,6.2,EXPRESS,2.93,2.15,CLEAR,11.6,0.66,1
132.8,5.4,2.3,1,23.5,EXPRESS,12.52,20.47,CLEAR,9.1,0.4673,1
38.0,10.1,11.2,0,27.7,FREIGHT,1.55,2.8,CLEAR,16.6,0.5494,0
78.8,3.0,2.0,1,6.3,PASSENGER,1.71,12.99,CLEAR,10.1,0.7641,1
83.4,29.4,8.7,0,17.7,PASSENGER,23.36,9.02,CLEAR,30.9,0.5127,1
81.0,14.3,10.5,1,2.5,PASSENGER,35.77,18.16,RAIN,29.3,0.7779,0
102.5,5.1,3.1,1,9.8,EXPRESS,16.4,17.97,CLEAR,13.4,0.5882,0
154.7,6.5,2.7,0,14.3,EXPRESS,12.43,18.63,FOG,7.2,0.1815,0
98.1,9.1,6.4,0,22.5,PASSENGER,36.63,1.52,CLEAR,12.5,0.0709,0
123.7,7.8,5.5,1,2.8,EXPRESS,2.93,20.6,RAIN,16.4,0.8391,1
137.6,8.0,1.8,0,23.8,EXPRESS,19.2,11.19,CLEAR,5.6,0.0881,0
70.4,0.8,0.5,1,7.3,FREIGHT,10.48,5.26,FOG,11.5,0.5856,1
36.1,4.1,1.4,0,23.1,FREIGHT,15.58,7.17,CLEAR,10.2,0.1892,0
72.5,2.6,0.6,0,19.3,PASSENGER,16.73,21.67,RAIN,8.7,0.0993,1
54.4,3.0,1.6,0,11.2,FREIGHT,22.03,0.14,CLEAR,8.1,0.1766,0
145.9,6.8,1.4,0,22.1,EXPRESS,18.4,19.24,RAIN,3.6,0.0696,0
31.6,7.8,4.6,0,8.2,FREIGHT,39.53,22.17,CLEAR,16.0,0.1465,1
158.9,16.5,13.9,1,7.8,EXPRESS,1.51,6.0,CLEAR,20.0,0.8874,0
50.5,7.3,5.2,1,3.3,FREIGHT,30.43,19.73,CLEAR,19.2,0.6709,0
46.2,23.3,11.8,1,12.7,FREIGHT,2.51,3.87,RAIN,34.8,0.9012,1
74.6,6.1,6.9,1,4.3,PASSENGER,17.53,0.39,FOG,14.7,0.5466,0
37.8,6.9,5.9,1,13.5,FREIGHT,8.47,14.51,CLEAR,20.3,0.7709,1
99.6,10.0,2.4,1,1.8,PASSENGER,37.84,15.51,CLEAR,20.0,0.7729,1
156.9,2.5,1.8,1,5.9,EXPRESS,29.04,3.6,CLEAR,8.4,0.521,1
80.7,9.6,8.4,0,28.1,PASSENGER,18.78,12.3,CLEAR,12.9,0.1125,0
107.6,28.9,10.6,0,24.2,PASSENGER,38.11,9.25,FOG,32.5,0.4011,1
147.7,13.5,2.7,1,8.2,EXPRESS,28.99,1.83,CLEAR,17.8,0.7601,0
84.1,4.4,0.0,0,22.0,PASSENGER,38.1,12.19,CLEAR,7.1,0.1026,0
60.3,10.3,7.1,1,20.6,FREIGHT,28.33,14.04,CLEAR,20.6,0.6258,1
120.4,3.3,1.5,1,6.5,EXPRESS,3.57,5.21,CLEAR,9.3,0.6451,0
87.9,0.9,0.0,0,12.1,PASSENGER,24.84,17.75,CLEAR,0.9,0.1186,0
32.6,9.0,7.4,0,27.5,FREIGHT,39.22,1.74,CLEAR,17.3,0.1381,0
61.3,4.6,3.3,0,22.6,FREIGHT,8.96,13.22,CLEAR,7.8,0.1252,0
32.4,4.9,5.2,0,23.2,FREIGHT,31.81,7.28,RAIN,12.4,0.1822,0
100.9,10.1,11.1,1,17.6,PASSENGER,7.79,10.47,RAIN,19.9,0.7222,1
67.1,4.8,3.5,0,20.5,FREIGHT,18.36,21.44,CLEAR,12.1,0.0891,0
71.9,6.1,3.1,0,16.0,PASSENGER,3.84,16.08,CLEAR,11.8,0.0985,0
112.7,3.9,1.5,0,22.6,EXPRESS,13.95,3.57,STORM,11.3,0.1491,0
84.1,7.2,1.6,0,22.4,PASSENGER,31.16,21.27,CLEAR,10.4,0.2073,0
89.8,7.9,7.2,1,2.4,PASSENGER,2.29,8.95,CLEAR,20.3,0.8836,1
110.1,3.6,2.7,0,19.5,EXPRESS,13.15,8.19,RAIN,9.8,0.0735,0
89.6,3.4,0.8,0,19.4,PASSENGER,25.38,12.04,CLEAR,4.8,0.0728,0
74.9,1.1,0.4,1,3.4,PASSENGER,37.97,4.93,RAIN,12.1,0.5764,1
93.9,5.0,2.9,0,13.2,EXPRESS,10.19,21.94,RAIN,10.6,0.209,1
60.1,6.8,2.8,0,27.1,PASSENGER,7.34,11.23,CLEAR,8.1,0.1414,0
65.1,5.8,4.8,0,28.7,PASSENGER,8.54,9.45,CLEAR,10.4,0.1894,0
99.6,9.4,2.9,0,23.8,PASSENGER,9.85,4.1,CLEAR,11.1,0.1376,0
157.3,3.4,0.7,1,5.8,EXPRESS,25.71,19.26,STORM,10.5,0.63,0
119.9,4.6,3.2,1,12.2,EXPRESS,39.95,22.87,RAIN,7.5,0.4253,1
125.9,13.8,10.7,0,6.7,EXPRESS,21.18,20.87,CLEAR,17.6,0.2424,1
36.6,4.9,0.8,0,20.1,FREIGHT,11.22,3.88,CLEAR,10.3,0.1298,0
128.6,7.2,5.3,0,23.5,EXPRESS,30.0,18.04,CLEAR,5.8,0.1416,0
67.2,10.6,4.1,0,26.7,PASSENGER,6.75,4.9,CLEAR,17.1,0.1764,0
132.8,9.3,6.2,0,26.0,EXPRESS,1.69,0.93,CLEAR,2.6,0.2832,1
155.3,1.0,0.7,1,4.3,EXPRESS,24.41,11.63,CLEAR,7.8,0.4224,1
38.8,13.7,12.8,1,5.1,FREIGHT,8.81,16.09,CLEAR,31.4,0.8133,1
98.2,7.8,4.4,0,27.4,PASSENGER,16.27,2.98,CLEAR,7.8,0.0986,1
91.6,9.1,8.5,0,25.5,EXPRESS,9.63,14.53,CLEAR,11.1,0.1534,0
78.8,3.8,1.3,1,14.6,PASSENGER,36.76,20.25,FOG,15.9,0.6911,1
97.8,11.1,6.1,0,13.8,EXPRESS,13.85,5.02,RAIN,15.1,0.1114,0
77.6,10.3,6.8,0,17.3,PASSENGER,18.24,10.27,CLEAR,16.0,0.156,1
68.7,3.7,2.3,0,18.5,PASSENGER,9.78,11.97,CLEAR,9.2,0.1959,0
116.1,5.3,2.2,1,8.7,EXPRESS,3.85,19.95,STORM,18.0,0.6729,1
119.2,6.2,4.8,0,13.0,EXPRESS,20.75,18.51,CLEAR,13.9,0.0941,0
111.0,4.2,0.4,0,19.2,EXPRESS,34.81,18.46,CLEAR,1.7,0.1052,0
59.5,9.7,6.0,1,7.4,FREIGHT,14.39,16.3,CLEAR,22.7,0.5799,1
71.3,2.3,0.2,0,30.0,FREIGHT,31.35,14.83,RAIN,10.7,0.1497,0
118.0,2.1,1.0,1,9.6,EXPRESS,1.79,12.21,CLEAR,5.4,0.7954,0
69.6,8.3,4.9,1,17.2,PASSENGER,9.8,8.87,CLEAR,15.5,0.6392,1
109.0,2.7,0.5,0,17.3,EXPRESS,5.69,12.32,CLEAR,4.8,0.0409,0
149.8,12.4,16.1,0,14.4,EXPRESS,16.41,20.49,CLEAR,9.5,0.1568,0
88.6,14.2,9.1,1,8.4,PASSENGER,35.83,13.69,CLEAR,20.8,0.7491,0
50.5,9.4,4.4,0,17.6,FREIGHT,15.25,23.65,CLEAR,15.5,0.1481,0
36.7,11.0,7.7,1,4.1,FREIGHT,24.33,3.42,CLEAR,22.9,0.7853,1
82.5,13.8,9.8,1,12.5,PASSENGER,35.98,10.59,RAIN,23.0,0.8242,1
109.5,11.1,1.4,1,7.9,EXPRESS,14.71,4.81,RAIN,16.0,0.6627,1
107.2,13.1,8.5,1,5.0,PASSENGER,14.95,8.76,RAIN,19.8,0.7537,0
151.9,3.4,1.0,0,27.9,EXPRESS,3.98,18.95,RAIN,3.3,0.1169,0
64.2,5.3,2.4,1,21.4,PASSENGER,14.29,19.79,CLEAR,14.2,0.6749,1
126.2,3.7,3.7,1,6.3,EXPRESS,29.97,0.76,CLEAR,9.6,0.6009,0
71.3,5.3,5.6,0,28.6,PASSENGER,33.86,22.88,CLEAR,11.3,0.0933,0
118.8,1.0,0.1,1,7.7,EXPRESS,29.05,20.92,CLEAR,7.1,0.3799,1
151.4,2.4,1.5,1,8.2,EXPRESS,0.77,21.72,FOG,7.8,0.8754,1
53.7,9.4,4.2,1,5.3,FREIGHT,5.12,9.04,FOG,21.6,0.7895,1
113.4,2.8,2.0,0,22.2,EXPRESS,29.37,11.93,CLEAR,4.6,0.0604,0
70.4,13.0,6.7,0,17.8,PASSENGER,37.72,4.04,CLEAR,20.9,0.1681,0
146.0,8.3,4.7,1,3.2,EXPRESS,27.97,9.52,CLEAR,14.9,0.7076,0
133.7,2.6,1.2,1,2.2,EXPRESS,9.43,3.03,RAIN,8.0,0.6284,1
122.8,1.7,0.7,1,16.7,EXPRESS,4.75,20.72,CLEAR,2.4,0.46,1
105.2,6.8,4.5,0,20.1,EXPRESS,35.14,13.95,FOG,9.9,0.1131,0
45.0,4.5,2.7,0,25.0,FREIGHT,4.41,3.26,CLEAR,7.7,0.2005,1
157.2,2.5,0.8,1,15.1,EXPRESS,6.47,21.1,RAIN,3.4,0.437,0
53.4,5.8,1.8,0,20.8,FREIGHT,24.07,1.93,CLEAR,6.3,0.0749,0
80.0,4.2,1.6,0,22.4,PASSENGER,8.0,22.25,RAIN,9.5,0.1198,0
86.1,4.6,0.5,0,19.0,PASSENGER,9.49,2.54,CLEAR,4.9,0.1087,0
98.9,7.1,3.6,1,11.5,PASSENGER,6.12,17.23,CLEAR,11.4,0.6022,1
77.0,11.0,6.5,0,5.3,PASSENGER,37.8,15.49,CLEAR,14.5,0.1781,0
68.9,5.5,3.9,0,20.0,PASSENGER,5.43,18.78,FOG,11.7,0.2527,0
130.9,21.8,7.9,0,23.4,EXPRESS,37.29,13.55,FOG,22.1,0.3388,0
136.6,2.7,0.6,1,6.9,EXPRESS,13.38,8.4,CLEAR,4.1,0.486,1
62.1,5.6,2.6,0,15.6,FREIGHT,32.95,6.59,CLEAR,12.5,0.1186,0
69.7,8.7,4.2,1,12.8,FREIGHT,38.02,22.69,RAIN,19.6,0.7533,1
46.7,7.8,5.1,1,7.4,FREIGHT,21.01,10.59,CLEAR,20.1,0.6472,0
63.8,22.5,5.4,1,8.5,PASSENGER,30.92,20.21,CLEAR,29.4,0.7406,1
107.9,5.5,5.9,1,8.3,PASSENGER,11.01,17.35,CLEAR,14.6,0.4617,1
81.8,6.8,4.7,1,13.4,PASSENGER,15.63,15.75,FOG,19.0,0.6982,1
91.2,0.9,0.4,1,12.6,PASSENGER,22.34,23.29,RAIN,10.3,0.357,0
136.6,4.8,5.3,0,17.3,EXPRESS,34.09,13.57,CLEAR,6.4,0.0739,0
87.3,8.2,5.8,1,4.2,PASSENGER,25.02,17.59,RAIN,15.5,0.6063,0
104.4,20.0,22.6,0,18.1,EXPRESS,1.37,20.39,CLEAR,23.7,0.5026,0
142.9,10.8,5.3,1,2.1,EXPRESS,12.54,1.1,RAIN,16.9,0.8601,1
66.2,7.0,5.2,1,8.8,FREIGHT,34.67,23.91,RAIN,16.9,0.6404,1
128.7,5.4,3.3,0,15.8,EXPRESS,9.99,6.29,STORM,12.3,0.1082,0
124.2,8.7,9.1,0,21.1,EXPRESS,15.03,16.86,CLEAR,12.1,0.1434,0
98.0,28.9,25.9,1,23.5,EXPRESS,15.89,22.89,FOG,42.0,0.9276,1
33.8,15.9,6.8,1,2.5,FREIGHT,6.6,18.32,CLEAR,29.6,0.9093,1
77.0,8.4,4.3,0,16.8,PASSENGER,14.32,5.51,STORM,16.9,0.2908,1
75.5,1.5,0.4,1,11.6,PASSENGER,32.79,8.7,CLEAR,12.7,0.5107,1
72.9,6.3,5.8,0,21.3,FREIGHT,34.04,9.94,RAIN,10.3,0.167,0
65.3,6.3,5.5,1,9.6,FREIGHT,23.45,14.07,STORM,25.2,0.7136,0
136.2,6.7,6.7,0,22.7,EXPRESS,27.31,14.47,CLEAR,5.4,0.1605,0
85.9,5.2,0.6,0,18.7,PASSENGER,21.62,18.91,RAIN,9.2,0.1402,0
68.4,9.9,4.8,0,24.0,PASSENGER,2.25,20.63,STORM,18.3,0.4348,0
108.9,3.9,1.6,0,29.6,PASSENGER,28.02,2.15,FOG,7.9,0.0828,0
116.3,11.5,6.4,0,27.4,EXPRESS,39.86,6.56,CLEAR,9.9,0.1697,0
34.8,1.8,1.2,0,18.4,FREIGHT,9.5,8.25,CLEAR,8.4,0.2056,0
84.7,6.4,5.2,0,27.0,PASSENGER,39.29,0.32,CLEAR,10.0,0.1996,1
151.2,5.8,1.6,1,5.9,EXPRESS,39.91,10.02,RAIN,10.1,0.5445,1
104.4,0.2,0.0,1,2.7,PASSENGER,6.09,8.61,RAIN,5.6,0.7021,1
90.8,5.4,4.5,0,16.7,EXPRESS,37.08,12.61,RAIN,14.9,0.1309,1
152.0,3.0,0.5,0,29.3,EXPRESS,27.18,2.4,RAIN,5.1,0.0417,0
73.6,6.5,4.8,0,21.7,PASSENGER,18.92,9.94,CLEAR,8.3,0.1553,0
92.7,13.5,11.7,0,10.2,EXPRESS,14.11,14.34,CLEAR,15.7,0.2331,0
102.4,15.8,15.7,0,20.6,PASSENGER,25.38,19.29,CLEAR,18.1,0.181,0
103.2,2.7,1.2,1,2.6,PASSENGER,33.79,18.39,RAIN,14.4,0.569,1
131.7,7.1,7.5,0,14.9,EXPRESS,1.85,9.72,CLEAR,8.2,0.2006,0
55.8,2.6,2.0,1,8.3,FREIGHT,21.65,9.35,RAIN,12.7,0.6414,0
146.9,11.9,10.4,1,2.9,EXPRESS,26.19,0.9,FOG,25.2,0.7493,0
145.0,8.4,7.0,1,8.6,EXPRESS,1.51,1.98,RAIN,12.8,0.8686,0
152.3,6.9,0.3,0,22.1,EXPRESS,35.62,20.94,RAIN,8.9,0.0922,0
128.7,7.8,2.4,1,17.2,EXPRESS,38.1,19.34,CLEAR,10.3,0.5158,0
157.7,3.4,1.9,1,2.2,EXPRESS,24.69,0.51,RAIN,12.1,0.7531,1
109.8,12.1,6.9,0,13.2,PASSENGER,5.12,21.18,RAIN,15.5,0.2615,0
35.2,4.1,2.4,0,22.9,FREIGHT,37.33,14.73,CLEAR,9.5,0.154,1
149.5,4.7,5.2,0,28.7,EXPRESS,32.3,19.25,RAIN,5.7,0.0814,0
85.0,6.4,4.2,0,26.4,PASSENGER,1.63,12.06,RAIN,11.3,0.3549,0
79.4,15.7,16.7,1,1.5,PASSENGER,23.38,3.62,CLEAR,31.3,0.8901,1
57.6,14.3,12.5,1,7.7,FREIGHT,5.02,8.57,CLEAR,23.8,0.7387,1
62.8,3.4,2.5,0,7.4,PASSENGER,6.07,10.8,CLEAR,9.1,0.1522,0
125.5,4.4,5.8,1,13.3,EXPRESS,8.1,18.09,CLEAR,11.3,0.651,1
151.0,10.7,8.0,0,19.9,EXPRESS,16.15,19.5,CLEAR,5.0,0.1002,0
70.7,12.7,10.3,1,5.9,PASSENGER,35.12,17.79,CLEAR,20.6,0.7373,1
49.2,3.3,0.3,0,27.6,FREIGHT,1.73,11.44,CLEAR,9.0,0.2608,0
155.8,2.0,1.6,0,23.6,EXPRESS,27.72,15.93,RAIN,1.4,0.0794,1
120.0,1.4,1.7,0,13.5,EXPRESS,38.6,7.09,CLEAR,2.1,0.0698,0
46.1,3.7,2.6,0,18.1,FREIGHT,25.83,23.71,RAIN,13.2,0.1498,0
49.8,6.2,0.8,0,16.9,FREIGHT,32.72,4.04,RAIN,12.9,0.1021,0
53.4,4.0,3.1,1,18.1,FREIGHT,36.12,17.37,RAIN,17.9,0.6179,1
91.6,6.7,4.9,0,26.0,PASSENGER,28.73,3.72,CLEAR,10.0,0.0922,0
146.0,5.9,3.1,1,7.2,EXPRESS,26.56,6.74,RAIN,8.6,0.5711,0
82.6,9.5,4.9,0,21.0,PASSENGER,1.21,17.97,STORM,18.3,0.5649,0
100.9,2.3,0.3,1,4.6,PASSENGER,21.0,17.5,RAIN,11.3,0.5859,1
127.4,10.9,9.4,1,14.6,EXPRESS,19.03,2.99,RAIN,15.9,0.6217,0
76.9,15.7,12.6,1,19.6,PASSENGER,21.15,16.29,CLEAR,21.3,0.608,0
92.9,5.2,4.3,1,1.9,PASSENGER,17.58,4.89,CLEAR,13.8,0.6864,1
140.2,13.9,9.6,1,4.6,EXPRESS,36.31,23.35,CLEAR,16.9,0.6662,1
87.9,0.7,0.6,1,4.1,PASSENGER,35.62,14.47,CLEAR,12.1,0.3727,0
62.8,9.6,7.2,1,12.2,PASSENGER,5.47,0.08,CLEAR,18.8,0.6735,1
37.6,3.6,0.6,0,19.2,FREIGHT,21.55,5.0,CLEAR,12.7,0.1794,0
110.0,3.7,2.4,0,29.9,EXPRESS,38.4,5.51,RAIN,4.2,0.065,0
109.8,5.6,1.8,1,8.7,EXPRESS,24.15,5.93,RAIN,11.6,0.6154,1
93.7,5.8,4.0,1,5.4,PASSENGER,32.17,13.37,RAIN,14.4,0.5655,0
91.3,13.5,1.6,1,13.3,EXPRESS,15.25,4.93,FOG,21.7,0.6462,1
97.8,15.6,4.6,1,5.7,PASSENGER,15.4,9.91,RAIN,24.0,0.7215,1
73.3,6.3,2.1,0,2.2,PASSENGER,13.36,4.16,CLEAR,14.5,0.2489,0
111.7,19.4,8.9,0,17.6,EXPRESS,1.36,16.01,RAIN,23.5,0.5016,0
86.4,6.0,4.5,0,26.6,PASSENGER,37.03,13.65,RAIN,6.2,0.0982,0
70.8,5.4,1.1,0,26.0,PASSENGER,14.31,15.09,RAIN,14.7,0.1847,0
151.9,3.2,1.8,1,4.4,EXPRESS,15.0,23.22,RAIN,6.4,0.5856,1
33.8,10.0,8.5,1,5.7,FREIGHT,30.5,9.58,FOG,26.4,0.7314,0
50.0,3.5,2.2,0,15.5,FREIGHT,21.31,5.17,CLEAR,11.6,0.0604,0
102.5,5.2,3.5,1,12.0,PASSENGER,14.8,23.97,CLEAR,13.1,0.6477,0
90.8,15.5,4.7,0,21.5,PASSENGER,35.4,1.39,RAIN,20.6,0.2275,0
74.6,2.3,1.9,0,15.6,PASSENGER,33.1,19.45,CLEAR,8.6,0.095,0
48.9,5.9,1.6,1,2.1,FREIGHT,39.08,3.89,FOG,23.2,0.8077,0
95.3,6.8,2.9,1,9.6,PASSENGER,25.82,15.95,RAIN,16.8,0.5762,0
108.7,2.4,1.1,0,27.2,PASSENGER,27.76,11.37,RAIN,2.5,0.0881,0
70.2,3.4,1.5,0,16.1,FREIGHT,13.32,20.14,FOG,9.4,0.1507,1
114.0,0.7,0.3,0,24.2,EXPRESS,4.43,17.55,FOG,2.6,0.1871,0
74.9,9.4,1.6,1,13.0,FREIGHT,4.68,4.14,FOG,15.4,0.7984,0
90.2,12.3,1.7,0,20.8,EXPRESS,26.01,15.97,RAIN,13.3,0.1554,1
91.9,20.6,14.7,1,6.3,EXPRESS,4.97,5.21,CLEAR,26.6,0.8604,0
147.7,10.3,4.0,0,22.5,EXPRESS,36.31,4.06,CLEAR,5.9,0.138,0
39.0,7.0,7.0,0,23.9,FREIGHT,28.3,2.02,CLEAR,15.6,0.1947,0
32.7,1.7,0.2,1,4.1,FREIGHT,9.44,2.73,RAIN,15.1,0.7257,1
71.9,1.8,0.5,1,6.7,PASSENGER,11.53,16.89,CLEAR,13.1,0.3083,0
81.3,10.5,7.6,0,14.7,PASSENGER,28.54,23.81,CLEAR,11.1,0.1816,0
96.5,6.2,4.4,0,19.7,PASSENGER,33.05,16.22,CLEAR,7.2,0.1437,0
58.1,3.7,1.0,1,19.7,FREIGHT,33.66,17.0,CLEAR,12.5,0.4791,1
71.9,5.9,2.3,1,20.5,PASSENGER,24.24,18.79,STORM,22.2,0.5661,1
125.2,4.1,3.5,0,21.9,EXPRESS,6.63,21.34,RAIN,5.8,0.1663,0
154.8,8.9,8.3,0,15.9,EXPRESS,32.83,6.43,CLEAR,7.6,0.1553,1
100.8,0.4,0.3,0,17.9,PASSENGER,31.77,14.51,FOG,3.3,0.072,0
76.2,7.8,4.1,1,1.7,PASSENGER,33.5,5.2,CLEAR,21.7,0.7961,1
158.8,6.9,5.7,0,6.2,EXPRESS,6.73,12.62,FOG,8.3,0.18,0
139.6,18.8,17.2,1,15.7,EXPRESS,27.53,5.01,RAIN,21.0,0.7769,0
32.8,10.8,7.4,0,22.7,FREIGHT,38.43,1.54,CLEAR,19.5,0.3025,0
92.5,2.3,1.5,0,24.6,EXPRESS,10.61,2.12,RAIN,6.9,0.121,0
68.4,7.5,5.6,0,22.3,PASSENGER,28.81,23.43,RAIN,12.9,0.1182,0
62.8,10.7,6.5,1,15.4,FREIGHT,10.73,0.14,CLEAR,19.4,0.6219,1
69.2,8.2,5.9,1,9.5,PASSENGER,12.63,16.56,CLEAR,15.6,0.777,1
125.8,8.1,7.7,0,14.2,EXPRESS,19.67,21.3,CLEAR,11.0,0.1805,0
64.7,13.4,10.5,1,1.8,PASSENGER,35.85,9.45,RAIN,29.7,0.8432,1
71.4,1.0,0.5,0,18.5,FREIGHT,2.03,16.99,RAIN,4.7,0.2155,0
77.2,3.2,0.5,0,3.6,PASSENGER,39.59,8.37,STORM,14.3,0.1921,0
70.9,7.7,7.2,1,5.6,FREIGHT,31.0,12.7,RAIN,18.1,0.6921,0
156.1,7.5,1.3,0,19.3,EXPRESS,14.71,22.46,CLEAR,1.7,0.1237,0
60.3,1.6,0.3,1,1.9,PASSENGER,14.49,1.02,CLEAR,18.0,0.7442,1
83.2,3.5,2.3,0,17.8,PASSENGER,19.58,6.41,RAIN,7.7,0.1353,0
31.1,7.6,7.7,0,19.7,FREIGHT,35.08,2.54,CLEAR,13.9,0.1598,0
153.6,6.9,0.6,0,24.0,EXPRESS,1.21,11.9,FOG,4.3,0.3819,0
53.3,9.0,5.0,1,3.4,FREIGHT,22.16,18.49,CLEAR,20.6,0.7848,1
63.7,1.8,0.0,1,1.6,PASSENGER,2.72,23.44,CLEAR,11.1,0.9024,1
97.7,3.1,0.5,1,23.4,EXPRESS,5.07,3.73,RAIN,10.6,0.389,0
116.8,2.9,1.9,1,9.8,EXPRESS,27.78,1.05,FOG,14.0,0.587,0
72.3,2.3,0.4,0,26.8,FREIGHT,9.76,3.32,CLEAR,8.1,0.1423,0
138.5,9.3,8.4,1,6.8,EXPRESS,2.14,23.25,CLEAR,14.9,0.6651,0
150.7,8.6,9.0,0,18.2,EXPRESS,6.99,7.68,STORM,17.5,0.3328,0
115.7,8.1,6.3,1,4.6,EXPRESS,8.74,6.41,CLEAR,15.5,0.8144,0
31.9,1.2,1.2,1,13.0,FREIGHT,30.91,17.64,RAIN,13.2,0.6317,1
108.7,3.4,3.3,0,26.6,PASSENGER,25.18,2.9,CLEAR,6.5,0.0995,0
60.9,1.4,0.9,0,18.8,PASSENGER,29.54,8.38,CLEAR,6.9,0.0657,0
156.3,2.8,1.5,0,21.2,EXPRESS,15.11,3.48,CLEAR,0.3,0.1464,0
78.4,9.4,3.3,1,7.9,PASSENGER,4.97,23.38,RAIN,19.8,0.7465,0
60.5,8.5,6.0,0,27.8,PASSENGER,32.31,6.84,RAIN,14.2,0.0692,0
61.0,10.0,0.4,1,19.3,FREIGHT,6.05,6.46,CLEAR,22.0,0.7246,1
74.1,2.7,1.6,1,4.5,FREIGHT,15.62,15.23,CLEAR,9.5,0.5037,0
157.6,14.4,11.8,0,1.9,EXPRESS,10.86,0.4,FOG,20.4,0.3904,0
68.0,6.0,2.5,1,2.0,PASSENGER,12.21,15.68,CLEAR,18.5,0.7702,1
102.7,12.2,12.6,1,3.0,EXPRESS,24.27,10.89,RAIN,24.0,0.7907,0
88.3,25.3,21.4,0,27.5,PASSENGER,6.99,4.42,CLEAR,27.9,0.4239,0
134.6,6.8,3.4,1,11.7,EXPRESS,18.11,11.67,CLEAR,13.6,0.5573,1
141.8,4.1,1.5,1,10.0,EXPRESS,25.73,23.98,CLEAR,9.3,0.5816,1
102.7,11.9,7.0,0,13.4,EXPRESS,34.82,20.13,CLEAR,12.1,0.095,1
108.0,4.2,0.8,1,13.2,PASSENGER,15.16,23.38,CLEAR,12.2,0.5304,1
134.7,10.7,1.3,1,8.3,EXPRESS,13.09,22.23,RAIN,15.9,0.6339,1
102.4,16.2,6.9,1,4.1,PASSENGER,15.03,19.69,RAIN,23.6,0.7627,1
87.0,3.9,2.6,1,4.6,PASSENGER,20.28,8.03,CLEAR,9.6,0.4675,0
119.0,1.0,1.0,0,18.6,EXPRESS,12.87,17.52,CLEAR,3.2,0.0886,0
108.9,4.6,4.7,0,12.8,PASSENGER,10.39,9.4,CLEAR,5.0,0.0846,0
130.7,7.6,5.9,0,27.2,EXPRESS,15.32,10.31,CLEAR,8.2,0.064,0
103.3,0.8,0.6,1,14.7,PASSENGER,31.22,20.96,CLEAR,10.2,0.4004,0
107.7,3.0,1.5,0,15.8,PASSENGER,10.49,4.92,CLEAR,2.8,0.1141,1
137.3,1.1,1.1,0,28.0,EXPRESS,33.86,7.12,CLEAR,2.8,0.051,0
128.4,4.8,2.2,0,15.8,EXPRESS,11.76,22.33,RAIN,3.7,0.0617,0
90.2,7.7,6.5,0,15.8,EXPRESS,24.32,16.79,CLEAR,13.8,0.1231,0
31.8,8.6,5.6,1,11.9,FREIGHT,38.85,1.56,RAIN,25.9,0.8018,1
70.0,5.1,4.9,0,21.7,PASSENGER,38.1,2.92,STORM,17.1,0.1424,0
69.3,5.3,0.0,1,12.7,PASSENGER,17.67,13.91,RAIN,16.2,0.4462,0
72.7,5.4,0.7,0,18.3,PASSENGER,3.17,19.17,CLEAR,10.8,0.1101,0
111.3,2.3,1.1,0,14.3,EXPRESS,36.15,19.03,CLEAR,2.9,0.0614,0
78.0,8.8,1.4,0,16.6,PASSENGER,5.51,10.2,CLEAR,9.0,0.1621,1
81.0,1.4,0.7,0,25.1,PASSENGER,36.98,6.2,CLEAR,3.4,0.0653,0
96.9,7.7,2.4,0,13.3,EXPRESS,29.44,18.9,CLEAR,14.2,0.1186,0
93.0,2.9,0.4,1,8.1,EXPRESS,37.4,22.66,CLEAR,8.0,0.4869,0
137.2,8.2,6.2,1,17.8,EXPRESS,26.78,10.66,CLEAR,13.8,0.6122,0
86.9,6.4,7.0,0,28.2,PASSENGER,39.81,3.29,RAIN,11.1,0.1194,0
50.0,4.0,3.8,0,21.3,FREIGHT,18.95,14.63,CLEAR,9.5,0.1488,0
134.4,6.3,0.4,1,10.3,EXPRESS,13.52,1.72,CLEAR,13.1,0.5124,0
101.4,9.9,9.9,0,28.9,PASSENGER,16.04,14.68,CLEAR,12.4,0.1504,0
119.9,19.8,15.2,1,11.3,EXPRESS,14.34,4.15,RAIN,28.6,0.7964,0
58.9,2.8,1.0,0,29.5,FREIGHT,16.33,12.38,RAIN,14.1,0.0825,0
156.8,6.5,5.5,1,7.0,EXPRESS,35.47,15.01,CLEAR,9.1,0.5278,0
102.0,9.8,8.3,0,30.0,PASSENGER,23.89,10.72,FOG,15.7,0.1421,0
81.3,11.4,3.5,1,3.7,PASSENGER,29.17,19.86,CLEAR,21.8,0.625,0
92.2,3.7,1.8,0,21.8,PASSENGER,11.87,8.99,CLEAR,5.5,0.1098,0
68.9,4.6,2.9,0,22.6,PASSENGER,39.6,3.72,CLEAR,10.0,0.1165,0
129.2,11.8,3.2,1,20.9,EXPRESS,11.59,11.13,FOG,20.2,0.6061,1
158.7,4.2,2.3,0,23.7,EXPRESS,6.78,23.12,RAIN,4.4,0.1416,0
126.3,12.1,12.0,1,14.9,EXPRESS,31.24,21.12,CLEAR,17.6,0.5872,0
154.9,8.5,6.1,1,3.0,EXPRESS,33.64,7.47,RAIN,8.7,0.7522,0
80.4,3.5,1.2,0,11.7,PASSENGER,16.05,5.82,CLEAR,4.3,0.1968,1
159.9,6.0,4.0,0,19.8,EXPRESS,21.87,11.6,CLEAR,6.9,0.1063,0
130.5,5.3,5.3,1,19.9,EXPRESS,16.86,15.72,CLEAR,7.8,0.4886,0
62.1,4.0,0.7,1,7.1,PASSENGER,12.11,22.24,RAIN,17.8,0.5588,1
56.4,7.0,2.0,1,8.7,FREIGHT,32.63,14.72,CLEAR,14.6,0.6082,0
73.7,11.6,10.6,0,15.4,PASSENGER,30.4,20.07,RAIN,15.9,0.1457,0
92.3,9.1,3.8,0,22.3,EXPRESS,19.67,16.71,CLEAR,12.5,0.1116,0
147.5,1.9,1.1,0,25.8,EXPRESS,18.49,2.44,CLEAR,3.1,0.0527,0
42.4,1.2,0.6,1,4.0,FREIGHT,7.62,21.4,CLEAR,15.4,0.7381,1
145.8,7.0,3.3,0,27.9,EXPRESS,25.67,4.79,CLEAR,5.6,0.0769,0
110.2,4.1,3.6,0,27.9,EXPRESS,36.99,8.8,RAIN,4.1,0.0951,0
69.7,2.3,1.8,1,1.7,PASSENGER,28.89,20.17,FOG,14.1,0.6525,1
108.7,4.6,4.5,0,15.9,PASSENGER,20.5,23.5,CLEAR,5.5,0.0885,0
78.1,4.8,0.3,0,18.2,PASSENGER,2.03,7.45,RAIN,9.8,0.2251,0
132.1,0.7,0.7,0,17.3,EXPRESS,37.25,9.2,CLEAR,0.2,0.0488,0
132.7,4.9,3.6,0,19.0,EXPRESS,12.67,11.65,CLEAR,8.8,0.0888,0
55.2,0.7,0.3,1,15.8,FREIGHT,12.35,11.95,FOG,10.9,0.3746,0
154.0,12.6,9.6,1,9.9,EXPRESS,19.05,18.01,FOG,17.8,0.6158,0
93.7,2.8,0.7,1,4.2,PASSENGER,17.45,19.61,CLEAR,14.6,0.4133,1
80.2,5.3,5.0,1,7.4,PASSENGER,38.51,23.78,CLEAR,15.8,0.6255,1
103.1,5.9,2.2,0,22.6,PASSENGER,7.02,19.3,CLEAR,5.1,0.1177,0
102.7,6.4,2.3,1,8.4,EXPRESS,27.72,7.19,CLEAR,8.5,0.3151,0
128.1,8.3,6.5,0,25.1,EXPRESS,4.72,8.6,RAIN,8.8,0.237,0
107.5,3.5,3.1,1,13.0,PASSENGER,11.44,14.83,RAIN,9.3,0.5811,0
58.1,8.3,5.8,0,13.3,FREIGHT,29.02,16.48,RAIN,14.5,0.1631,0
66.8,11.2,3.2,0,26.3,FREIGHT,32.26,2.16,CLEAR,19.4,0.1512,0
135.7,3.3,4.0,1,7.6,EXPRESS,19.02,8.25,CLEAR,6.1,0.4916,1
148.8,5.9,6.4,1,6.9,EXPRESS,31.68,4.86,CLEAR,8.5,0.51,1
72.5,5.6,4.2,0,29.6,FREIGHT,37.44,12.19,CLEAR,11.6,0.1068,0
73.6,7.8,4.3,0,16.9,PASSENGER,37.46,4.05,CLEAR,12.4,0.1229,0
37.6,12.0,7.0,1,6.9,FREIGHT,14.03,13.94,CLEAR,27.0,0.7099,1
123.9,10.8,13.4,0,6.2,EXPRESS,12.83,11.22,CLEAR,14.7,0.2468,0
95.1,2.3,2.1,0,26.1,PASSENGER,29.19,9.69,RAIN,4.9,0.0704,0
71.4,10.8,3.9,1,18.6,PASSENGER,26.34,15.57,RAIN,21.4,0.6053,1
60.2,4.6,0.4,1,4.8,PASSENGER,15.99,9.99,RAIN,16.9,0.711,0
77.1,10.3,2.0,0,26.8,PASSENGER,9.53,9.58,RAIN,10.9,0.2201,0
157.8,7.6,2.4,0,14.2,EXPRESS,24.93,15.63,RAIN,10.4,0.1482,0
94.7,11.1,8.1,0,29.7,PASSENGER,17.49,1.37,CLEAR,11.3,0.0851,0
118.1,3.9,3.2,1,9.5,EXPRESS,5.72,10.38,CLEAR,9.4,0.5592,0
69.6,10.6,5.9,1,16.6,PASSENGER,25.75,4.69,CLEAR,18.4,0.5141,1
46.0,1.4,0.1,1,6.4,FREIGHT,28.06,0.93,RAIN,14.8,0.5079,1
101.9,3.7,2.8,1,14.0,EXPRESS,14.89,0.83,RAIN,12.2,0.4767,1
34.8,10.7,10.4,1,6.5,FREIGHT,33.36,4.02,FOG,28.1,0.8035,1
153.5,9.1,1.1,1,10.3,EXPRESS,3.41,10.41,RAIN,11.2,0.6538,1
109.9,0.3,0.1,1,9.2,PASSENGER,20.09,13.6,FOG,11.8,0.2996,0
37.4,2.9,2.6,1,9.6,FREIGHT,38.28,19.1,CLEAR,13.7,0.6169,1
93.8,8.5,5.5,0,29.1,EXPRESS,8.02,14.58,CLEAR,9.7,0.1366,1
113.1,8.9,2.7,1,2.6,EXPRESS,7.31,12.48,RAIN,14.4,0.8316,0
83.1,9.9,2.8,0,15.7,PASSENGER,15.46,0.87,STORM,18.5,0.2104,1
104.3,6.4,5.0,0,19.4,EXPRESS,11.09,7.15,RAIN,12.7,0.0742,0
75.1,1.3,1.3,0,20.3,PASSENGER,9.25,16.61,STORM,10.4,0.1067,1
39.0,8.1,6.3,0,23.0,FREIGHT,38.02,6.49,CLEAR,18.6,0.0993,0
98.7,8.4,0.7,0,23.2,PASSENGER,14.12,14.26,CLEAR,7.2,0.1008,0
139.9,4.5,2.3,0,28.7,EXPRESS,2.86,14.49,CLEAR,0.3,0.2377,0
91.7,8.8,4.8,0,23.0,PASSENGER,36.04,7.32,CLEAR,13.9,0.1341,0
79.4,6.6,7.9,0,25.0,PASSENGER,18.21,13.72,CLEAR,10.5,0.1314,0
153.6,8.6,7.1,0,16.7,EXPRESS,29.57,2.74,FOG,7.7,0.1064,0
108.5,6.8,5.8,0,20.2,PASSENGER,15.01,17.45,RAIN,10.4,0.1484,0
68.7,7.9,2.0,0,15.1,PASSENGER,37.44,0.54,CLEAR,12.5,0.1086,0
71.2,14.5,0.6,1,9.4,PASSENGER,11.87,0.85,CLEAR,23.7,0.6916,0
126.8,6.5,1.1,0,10.4,EXPRESS,26.68,20.89,RAIN,7.0,0.1315,0
64.6,11.2,9.0,1,11.8,PASSENGER,33.06,13.93,FOG,21.4,0.694,1
120.6,14.2,8.8,1,11.2,EXPRESS,9.9,3.91,CLEAR,18.6,0.7031,1
130.7,17.2,13.6,0,16.7,EXPRESS,32.16,14.44,CLEAR,17.0,0.3164,1
53.5,0.4,0.4,0,8.6,FREIGHT,31.79,8.88,CLEAR,9.1,0.1499,0
76.5,11.8,3.5,0,16.2,PASSENGER,38.59,6.48,CLEAR,11.8,0.182,1
128.0,7.2,4.7,0,27.6,EXPRESS,36.95,19.47,RAIN,7.5,0.2206,0
157.1,13.3,5.6,1,13.1,EXPRESS,15.85,11.46,RAIN,16.8,0.7795,1
104.4,9.7,4.6,0,7.8,EXPRESS,23.83,7.04,FOG,17.7,0.2792,1
135.8,8.8,6.6,0,11.4,EXPRESS,37.05,22.65,RAIN,8.5,0.0981,0
93.0,3.1,2.0,0,26.5,EXPRESS,0.67,3.96,CLEAR,3.9,0.3713,1
94.6,2.0,0.9,0,28.3,EXPRESS,25.28,3.41,CLEAR,5.6,0.0503,0
87.6,2.0,1.0,0,26.8,PASSENGER,9.01,2.34,CLEAR,0.3,0.1219,0
65.2,1.8,0.1,1,9.7,PASSENGER,29.68,2.99,CLEAR,10.3,0.5565,1
61.1,4.8,1.9,0,12.6,PASSENGER,31.96,6.07,CLEAR,11.1,0.1297,0
68.6,2.2,0.4,0,29.3,PASSENGER,28.66,16.76,CLEAR,7.1,0.0595,0
129.5,1.9,1.7,0,10.7,EXPRESS,39.85,16.12,FOG,5.5,0.141,0
61.7,16.6,4.5,1,5.4,FREIGHT,19.43,18.32,CLEAR,22.6,0.7278,1
39.1,13.6,10.1,1,9.5,FREIGHT,22.67,13.81,CLEAR,23.0,0.7491,0
60.1,12.8,8.2,0,29.0,FREIGHT,16.66,11.82,CLEAR,20.3,0.2236,0
38.2,1.6,1.3,0,13.4,FREIGHT,38.97,10.37,CLEAR,8.7,0.1133,0
57.6,5.4,0.6,0,28.1,FREIGHT,36.95,20.99,CLEAR,9.6,0.1006,1
80.6,1.5,1.0,1,4.5,PASSENGER,39.47,8.24,CLEAR,9.5,0.4059,0
135.8,16.8,15.9,0,23.3,EXPRESS,39.4,21.4,CLEAR,16.7,0.1231,0
109.8,7.8,3.6,1,4.2,PASSENGER,35.87,6.61,RAIN,15.3,0.721,0
106.9,8.1,0.9,1,7.1,PASSENGER,37.27,3.78,CLEAR,15.6,0.572,0
60.2,10.2,8.3,0,19.1,PASSENGER,5.24,6.12,STORM,19.0,0.2674,1
104.3,3.0,2.3,0,13.9,PASSENGER,7.35,11.98,CLEAR,6.6,0.1214,0
94.7,18.0,10.3,0,20.5,EXPRESS,35.46,22.22,CLEAR,23.1,0.1974,0
156.7,2.8,1.4,0,29.2,EXPRESS,29.21,4.26,RAIN,2.8,0.0533,0
42.7,2.7,2.2,1,3.0,FREIGHT,35.06,13.92,CLEAR,13.8,0.6714,1
79.1,5.6,3.2,1,7.0,PASSENGER,30.92,5.23,CLEAR,16.1,0.5847,0
64.6,10.8,10.0,0,19.7,PASSENGER,6.01,16.26,CLEAR,15.1,0.1348,1
97.9,10.7,9.1,0,27.1,EXPRESS,36.7,11.16,CLEAR,12.0,0.1759,0
140.9,4.1,3.8,0,24.2,EXPRESS,30.96,17.6,CLEAR,3.2,0.0869,0
72.5,1.9,1.1,0,14.8,FREIGHT,23.05,20.55,RAIN,7.3,0.1738,0
90.5,4.7,2.3,1,22.7,PASSENGER,21.53,8.03,CLEAR,10.8,0.5943,1
95.8,16.1,16.7,1,7.4,PASSENGER,23.17,22.52,CLEAR,26.1,0.8434,1
98.1,8.5,4.2,1,1.9,PASSENGER,15.92,11.24,RAIN,20.2,0.7382,1
73.1,13.0,6.8,1,17.7,PASSENGER,32.23,22.48,CLEAR,17.4,0.6825,1
93.2,2.4,2.7,1,24.7,EXPRESS,36.41,5.53,RAIN,13.2,0.4848,0
60.1,8.0,3.4,0,13.9,PASSENGER,10.49,21.53,FOG,18.4,0.3041,0
77.5,10.6,2.5,0,17.7,PASSENGER,2.0,8.01,FOG,17.7,0.4822,0
72.1,10.4,5.5,1,13.5,PASSENGER,8.52,18.02,CLEAR,20.3,0.7774,1
63.1,24.6,8.6,0,16.2,PASSENGER,30.41,23.24,CLEAR,27.3,0.2672,0
38.1,4.1,3.2,0,26.7,FREIGHT,34.8,21.89,CLEAR,8.7,0.089,0
98.7,8.4,3.0,1,15.1,EXPRESS,14.27,11.13,RAIN,16.4,0.5158,1
71.2,5.1,1.9,0,1.7,FREIGHT,6.52,8.28,CLEAR,16.3,0.3286,0
99.8,2.3,0.9,0,24.3,EXPRESS,34.41,14.7,CLEAR,4.7,0.0502,0
86.9,15.3,12.6,0,19.1,PASSENGER,8.98,16.94,RAIN,23.5,0.2694,0
131.5,3.8,1.7,1,22.3,EXPRESS,10.05,12.97,STORM,16.5,0.5982,0
128.0,8.1,7.3,0,27.2,EXPRESS,4.16,20.36,CLEAR,8.0,0.0837,0
65.0,7.2,5.7,1,9.7,PASSENGER,36.46,1.4,CLEAR,16.2,0.6167,1
112.3,11.0,7.0,1,15.8,EXPRESS,13.41,14.39,CLEAR,15.6,0.6637,1
62.6,14.2,12.4,0,18.7,PASSENGER,7.29,12.61,CLEAR,19.4,0.3417,0
47.8,5.7,4.4,0,11.3,FREIGHT,38.17,0.94,STORM,15.9,0.1935,0
103.2,15.1,10.3,0,25.6,EXPRESS,13.75,0.31,CLEAR,17.7,0.1349,0
88.1,1.5,0.8,0,21.4,PASSENGER,30.03,14.55,RAIN,7.9,0.0777,0
94.6,4.8,4.4,0,22.4,PASSENGER,9.6,2.83,CLEAR,3.7,0.0772,0
86.6,14.1,6.7,0,24.5,PASSENGER,29.21,18.44,CLEAR,20.0,0.1834,0
120.4,7.3,1.4,1,8.9,EXPRESS,9.67,22.78,CLEAR,11.0,0.5729,1
117.1,9.4,6.1,0,22.8,EXPRESS,25.69,4.26,CLEAR,9.3,0.0804,0
148.9,22.6,6.8,0,23.6,EXPRESS,17.91,19.17,CLEAR,19.3,0.1814,0
105.4,16.1,8.0,0,25.5,EXPRESS,32.05,14.19,CLEAR,15.2,0.2535,1
141.4,1.9,1.7,1,15.4,EXPRESS,29.35,10.75,RAIN,5.7,0.4476,0
97.9,7.4,5.2,1,15.9,PASSENGER,37.45,15.61,CLEAR,12.5,0.4673,0
48.9,1.6,1.6,0,4.3,FREIGHT,15.38,19.26,CLEAR,9.4,0.1324,1
43.4,8.9,6.0,0,25.8,FREIGHT,30.3,23.3,CLEAR,14.1,0.171,0
83.5,6.5,2.8,1,16.7,PASSENGER,38.77,15.85,RAIN,16.3,0.6987,1
96.5,4.0,4.1,0,18.4,EXPRESS,13.78,17.93,CLEAR,4.0,0.0731,0
93.2,8.4,2.4,1,5.0,EXPRESS,11.96,14.58,CLEAR,17.0,0.7425,1
97.8,3.2,0.8,1,18.7,EXPRESS,30.88,13.56,CLEAR,7.4,0.4174,1
103.1,5.0,0.9,1,2.7,EXPRESS,18.1,1.55,CLEAR,15.4,0.7336,1
85.2,0.5,0.4,0,27.8,PASSENGER,16.25,3.72,CLEAR,5.3,0.0526,0
102.5,5.9,4.3,0,26.1,PASSENGER,22.05,9.1,RAIN,4.9,0.1811,0
106.5,11.8,8.5,1,7.0,EXPRESS,37.45,15.59,CLEAR,20.3,0.7718,1
155.5,5.6,0.1,1,18.4,EXPRESS,3.81,1.82,CLEAR,1.7,0.723,1
73.0,6.5,0.3,0,18.7,FREIGHT,18.89,13.07,RAIN,9.0,0.1234,0
107.9,6.1,2.8,0,24.4,PASSENGER,4.85,0.32,CLEAR,9.2,0.1362,0
148.6,5.3,6.0,0,23.1,EXPRESS,35.4,18.39,CLEAR,2.8,0.0706,0
46.4,1.6,0.8,0,29.8,FREIGHT,5.9,16.01,CLEAR,10.9,0.099,0
33.3,7.7,1.4,1,11.5,FREIGHT,4.04,12.5,STORM,26.0,0.887,1
129.8,1.7,1.2,1,5.1,EXPRESS,38.57,13.71,FOG,9.3,0.5648,1
129.1,5.6,2.3,0,17.8,EXPRESS,22.75,22.39,RAIN,5.4,0.1204,0
102.5,3.7,1.1,0,23.3,PASSENGER,33.12,21.76,CLEAR,8.2,0.092,0
74.8,3.2,2.0,1,9.6,FREIGHT,19.08,19.03,CLEAR,11.3,0.4084,1
52.9,5.9,5.9,0,8.2,FREIGHT,17.71,8.07,RAIN,10.5,0.1271,0
114.2,13.2,4.2,0,24.4,EXPRESS,36.51,2.57,CLEAR,11.1,0.1624,0
103.0,6.4,0.4,0,23.0,EXPRESS,39.6,7.71,RAIN,9.1,0.1154,0
60.2,11.0,4.6,1,7.3,PASSENGER,24.93,18.05,RAIN,20.8,0.6893,0
85.5,3.7,2.9,0,26.3,PASSENGER,36.77,14.66,CLEAR,11.6,0.0997,0
128.9,12.9,12.3,1,5.3,EXPRESS,34.58,16.93,FOG,20.6,0.8389,1
67.1,20.3,1.5,1,4.6,FREIGHT,21.99,2.53,CLEAR,27.0,0.8201,1
85.2,4.6,5.8,1,11.5,PASSENGER,37.67,3.8,FOG,14.2,0.629,1
71.2,6.9,5.9,0,26.8,FREIGHT,8.8,15.94,CLEAR,13.1,0.163,0
58.3,2.2,1.1,1,21.3,FREIGHT,35.45,8.92,RAIN,12.9,0.6427,1
102.0,15.1,10.5,0,12.7,PASSENGER,12.72,8.86,CLEAR,18.8,0.1801,0
67.4,4.5,3.0,1,6.0,PASSENGER,1.71,9.42,CLEAR,17.0,0.8269,0
102.8,13.4,5.1,0,21.8,PASSENGER,31.59,19.1,CLEAR,15.0,0.1381,0
137.3,10.9,0.7,0,18.6,EXPRESS,37.24,16.78,CLEAR,9.2,0.0847,0
68.5,2.9,1.3,0,29.6,PASSENGER,9.06,2.54,RAIN,6.3,0.114,1
103.3,4.7,4.0,0,23.3,EXPRESS,21.6,8.26,CLEAR,3.5,0.0681,0
106.3,5.2,1.7,1,4.4,PASSENGER,30.1,16.17,RAIN,10.9,0.6854,1
92.3,5.1,3.1,0,22.3,EXPRESS,13.6,23.43,RAIN,9.3,0.1038,0
122.4,15.4,2.1,1,8.8,EXPRESS,6.3,21.89,CLEAR,23.5,0.7088,1
111.9,4.5,4.6,0,28.9,EXPRESS,15.99,5.96,CLEAR,4.6,0.1315,0
136.6,2.6,3.0,1,2.0,EXPRESS,18.53,1.58,RAIN,13.5,0.7813,0
102.0,3.6,0.0,1,8.3,PASSENGER,29.82,13.76,CLEAR,11.2,0.4836,0
78.0,9.4,4.7,1,15.7,PASSENGER,8.35,9.75,CLEAR,17.5,0.6232,1
81.3,4.0,2.5,0,3.8,PASSENGER,32.7,4.4,RAIN,10.3,0.194,0
158.7,3.2,1.9,1,11.3,EXPRESS,20.34,15.64,STORM,10.0,0.6259,1
144.9,1.4,0.4,0,15.7,EXPRESS,36.2,3.85,RAIN,0.5,0.0532,0
152.8,2.0,1.1,1,14.2,EXPRESS,22.85,8.44,RAIN,7.2,0.5975,1
120.7,1.9,1.1,1,14.6,EXPRESS,18.15,19.07,RAIN,10.2,0.4958,1
40.5,19.7,12.3,0,26.6,FREIGHT,11.83,16.42,RAIN,26.6,0.4259,1
118.8,2.5,2.5,0,15.9,EXPRESS,4.7,14.57,CLEAR,2.5,0.133,0
140.1,1.8,0.2,0,28.3,EXPRESS,15.18,22.34,RAIN,0.6,0.096,0
97.7,4.8,0.7,0,5.7,EXPRESS,16.84,3.01,CLEAR,9.6,0.113,1
108.9,0.3,0.4,0,9.5,EXPRESS,22.95,16.58,STORM,9.5,0.1607,0
62.3,9.3,4.0,1,20.2,PASSENGER,34.46,2.82,CLEAR,21.3,0.6402,1
81.6,4.7,0.9,1,9.6,PASSENGER,18.82,3.27,CLEAR,11.1,0.5962,1
147.9,3.1,3.1,1,11.4,EXPRESS,12.91,12.15,CLEAR,5.1,0.3639,0
91.7,9.4,2.1,0,27.2,EXPRESS,34.99,0.58,FOG,17.3,0.0997,0
137.3,9.5,7.3,1,16.8,EXPRESS,29.49,12.02,RAIN,17.4,0.5978,1
155.3,4.7,1.7,1,11.0,EXPRESS,12.63,0.23,RAIN,6.4,0.4921,1
106.6,9.0,2.8,0,23.6,EXPRESS,7.09,14.46,RAIN,9.4,0.2197,0
61.2,10.8,5.7,1,3.5,FREIGHT,12.0,7.49,CLEAR,22.5,0.6932,1
108.8,4.3,2.6,1,17.6,PASSENGER,5.38,2.0,CLEAR,12.6,0.6356,1
108.1,8.3,7.1,1,4.3,PASSENGER,36.18,18.74,RAIN,15.7,0.5325,0
71.7,6.7,4.9,0,6.5,PASSENGER,24.66,9.36,CLEAR,12.1,0.0918,0
65.0,6.3,2.4,1,3.3,PASSENGER,34.61,10.66,RAIN,21.0,0.69,1
67.4,10.8,3.2,0,27.2,PASSENGER,32.9,8.99,CLEAR,14.0,0.1481,0
95.1,11.9,15.4,1,2.9,PASSENGER,6.55,2.01,CLEAR,22.5,0.8576,1
96.3,4.3,4.9,0,16.2,PASSENGER,18.0,11.04,CLEAR,10.0,0.1395,0
137.2,15.3,10.6,1,7.9,EXPRESS,38.9,15.97,FOG,21.6,0.7624,1
76.8,2.6,0.9,1,12.4,PASSENGER,9.73,21.68,CLEAR,13.7,0.5139,0
68.5,4.2,3.0,0,15.6,PASSENGER,2.48,18.33,CLEAR,8.6,0.1716,0
56.1,13.3,10.8,1,14.3,FREIGHT,14.17,1.9,CLEAR,21.6,0.5828,0
84.2,2.9,1.8,0,22.8,PASSENGER,20.68,3.98,CLEAR,7.2,0.1094,0
96.4,22.8,15.4,0,27.5,PASSENGER,2.71,1.08,CLEAR,23.5,0.3614,0
120.9,11.8,0.5,1,10.1,EXPRESS,17.35,2.87,RAIN,14.7,0.6233,1
76.9,10.2,10.5,1,2.2,PASSENGER,10.51,11.53,STORM,31.9,0.9121,1
110.5,12.8,2.7,0,27.0,EXPRESS,8.88,5.27,CLEAR,13.4,0.3311,0
104.8,1.3,0.3,0,29.4,EXPRESS,10.92,15.55,RAIN,3.6,0.0891,0
108.6,17.3,9.5,0,13.9,EXPRESS,4.66,0.78,RAIN,19.1,0.2252,0
64.7,2.4,1.3,1,14.5,PASSENGER,3.53,20.57,FOG,18.0,0.719,0
114.3,5.3,0.1,1,5.6,EXPRESS,24.04,16.26,CLEAR,14.3,0.3721,0
92.6,2.1,0.7,1,15.1,EXPRESS,37.94,23.26,RAIN,9.7,0.4603,0
38.4,5.9,4.8,1,10.1,FREIGHT,32.29,22.87,STORM,24.0,0.7621,1
142.3,22.2,17.1,0,29.8,EXPRESS,33.44,16.63,CLEAR,20.1,0.2506,0
76.3,1.3,0.5,1,6.8,PASSENGER,29.54,3.79,CLEAR,12.1,0.5992,1
93.4,16.7,2.8,0,12.3,PASSENGER,38.26,5.33,RAIN,18.5,0.2268,1
140.2,1.4,0.9,0,19.1,EXPRESS,38.05,6.66,CLEAR,0.0,0.0532,0
89.1,5.6,6.1,0,11.3,PASSENGER,31.24,10.24,CLEAR,7.2,0.1734,1
157.1,6.7,0.6,0,15.0,EXPRESS,28.78,13.7,CLEAR,5.6,0.1297,0
61.1,3.8,1.2,0,29.2,PASSENGER,12.56,16.38,CLEAR,7.1,0.0825,0
96.9,2.9,1.0,0,16.0,PASSENGER,4.1,1.82,CLEAR,6.7,0.0783,0
107.9,3.1,3.6,0,27.4,PASSENGER,4.17,14.65,CLEAR,5.4,0.0641,0
103.1,9.4,9.3,1,2.7,PASSENGER,29.58,1.42,CLEAR,17.4,0.767,1
101.8,4.5,3.2,1,4.9,EXPRESS,1.62,19.85,RAIN,13.5,0.8776,1
112.9,2.2,0.3,0,28.4,EXPRESS,32.75,0.97,CLEAR,1.6,0.0614,0
68.6,7.1,3.7,1,5.2,PASSENGER,14.98,9.36,CLEAR,16.4,0.6426,1
90.1,11.4,7.2,1,22.5,PASSENGER,8.09,10.08,CLEAR,14.9,0.6926,1
62.0,10.4,0.6,0,14.2,FREIGHT,16.6,13.69,CLEAR,14.1,0.159,1
44.3,3.5,0.3,0,13.1,FREIGHT,28.28,2.29,CLEAR,8.7,0.1338,0
54.3,2.4,0.9,0,20.3,FREIGHT,11.37,22.39,CLEAR,8.1,0.2084,0
94.5,8.3,6.2,1,22.2,PASSENGER,7.36,9.2,RAIN,17.8,0.6329,1
119.5,7.0,4.0,0,28.1,EXPRESS,29.65,9.51,CLEAR,8.4,0.102,0
102.7,3.8,3.5,1,8.8,PASSENGER,35.29,5.83,RAIN,11.3,0.4872,0
98.6,2.7,1.3,1,21.4,PASSENGER,23.63,18.74,CLEAR,7.9,0.5391,0
94.5,7.9,1.8,0,11.3,EXPRESS,21.19,0.19,RAIN,11.2,0.2071,0
58.0,22.7,15.2,1,22.0,FREIGHT,30.32,2.55,FOG,37.4,0.8574,1
40.6,4.4,1.2,1,5.6,FREIGHT,29.44,11.3,RAIN,16.9,0.6976,1
87.9,10.1,10.4,0,14.5,PASSENGER,0.75,23.24,RAIN,14.0,0.7437,1
157.0,6.4,3.9,1,6.7,EXPRESS,11.63,0.85,CLEAR,6.9,0.5294,0
151.5,3.7,0.6,1,11.1,EXPRESS,37.31,1.49,CLEAR,7.1,0.4626,1
48.2,7.2,2.8,0,21.9,FREIGHT,38.43,17.16,CLEAR,12.3,0.0795,0
43.1,13.6,13.4,0,8.2,FREIGHT,20.66,17.65,CLEAR,19.5,0.2895,0
106.4,2.2,2.4,0,21.0,EXPRESS,22.62,21.53,CLEAR,2.3,0.0752,0
127.3,15.2,9.0,1,15.6,EXPRESS,0.53,13.84,RAIN,22.1,0.9774,1
35.1,5.2,1.3,1,4.1,FREIGHT,27.06,9.69,CLEAR,18.4,0.6838,0
128.4,5.1,3.8,1,12.5,EXPRESS,8.89,10.83,CLEAR,8.4,0.5096,1
60.1,8.6,8.4,0,26.3,PASSENGER,5.55,10.36,RAIN,16.8,0.3365,1
44.6,19.0,11.4,0,29.7,FREIGHT,12.54,23.36,CLEAR,26.9,0.2793,1
105.4,5.4,3.0,1,12.0,EXPRESS,26.76,9.12,FOG,16.0,0.6374,0
108.6,9.0,4.6,1,3.1,PASSENGER,17.74,2.31,CLEAR,17.2,0.7809,1
140.9,0.6,0.0,1,5.2,EXPRESS,14.29,6.95,CLEAR,8.4,0.4302,0
114.5,1.8,1.3,0,24.0,EXPRESS,29.21,23.04,FOG,8.3,0.1278,0
34.2,1.9,1.5,0,20.2,FREIGHT,32.64,10.28,CLEAR,9.4,0.0989,0
85.8,2.1,0.4,0,9.6,PASSENGER,34.83,7.59,RAIN,9.1,0.1234,0
39.6,3.3,1.5,0,12.7,FREIGHT,18.07,7.46,CLEAR,11.6,0.1765,0
86.8,7.3,1.7,0,24.6,PASSENGER,28.85,0.22,FOG,11.5,0.1153,0
148.5,23.0,15.6,1,13.3,EXPRESS,35.47,15.19,STORM,34.3,0.7121,1
133.1,19.0,5.0,1,23.0,EXPRESS,36.4,17.38,FOG,27.4,0.6276,0
134.4,2.9,2.5,1,9.9,EXPRESS,19.94,8.47,CLEAR,9.7,0.4822,1
127.9,25.4,19.9,0,22.2,EXPRESS,14.54,20.95,CLEAR,26.6,0.2461,0
154.9,1.0,0.7,0,14.8,EXPRESS,36.06,17.83,CLEAR,0.7,0.0578,0
155.2,5.8,2.9,0,17.0,EXPRESS,10.83,14.42,STORM,8.1,0.1912,0
85.6,5.1,4.7,0,18.6,PASSENGER,31.98,16.89,CLEAR,10.7,0.0938,0
75.3,3.8,0.3,0,14.3,PASSENGER,36.39,18.47,CLEAR,5.0,0.0946,1
83.0,4.7,5.7,1,14.8,PASSENGER,29.72,12.65,STORM,18.1,0.6057,0
69.3,0.9,0.5,1,9.1,PASSENGER,27.35,9.55,RAIN,6.9,0.6757,0
134.5,2.6,0.7,0,29.6,EXPRESS,2.5,3.02,RAIN,3.8,0.1349,0
125.0,2.1,0.8,0,27.3,EXPRESS,8.54,9.72,CLEAR,4.0,0.0838,0
65.2,16.4,11.9,0,16.5,PASSENGER,26.83,13.2,CLEAR,24.6,0.2588,0
69.9,10.1,5.2,1,2.5,PASSENGER,31.52,22.75,CLEAR,21.0,0.6718,1
123.6,4.0,4.8,1,6.3,EXPRESS,3.0,3.72,RAIN,12.0,0.7244,1
69.9,8.8,3.6,0,25.8,FREIGHT,1.25,18.17,CLEAR,12.6,0.3706,0
88.3,4.6,1.6,0,28.0,PASSENGER,12.8,5.78,CLEAR,10.7,0.1249,0
94.1,6.7,4.4,1,6.1,PASSENGER,25.98,22.97,CLEAR,15.3,0.5864,0
113.7,2.8,2.4,0,22.4,EXPRESS,20.73,14.28,CLEAR,7.5,0.0673,0
88.6,4.5,0.7,0,19.3,PASSENGER,0.83,10.39,FOG,12.5,0.5292,0
82.4,4.3,5.3,0,10.1,PASSENGER,6.49,8.32,FOG,13.2,0.2625,1
93.0,1.6,0.6,1,13.9,PASSENGER,30.21,4.85,CLEAR,7.7,0.4126,1
62.5,1.6,1.0,0,20.8,PASSENGER,12.26,17.15,CLEAR,4.5,0.1016,0
52.2,11.7,7.7,1,4.4,FREIGHT,5.13,15.26,RAIN,25.1,0.8304,0
74.8,7.5,4.9,1,6.9,PASSENGER,2.51,21.36,CLEAR,17.0,0.8023,1
112.8,11.3,4.5,0,2.4,EXPRESS,34.09,14.34,CLEAR,12.2,0.1829,0
108.0,6.4,2.4,0,27.2,PASSENGER,19.13,4.08,RAIN,10.9,0.1925,0
69.1,12.3,2.3,0,17.9,PASSENGER,20.4,16.39,CLEAR,15.9,0.2206,0
75.6,10.2,5.3,1,16.4,PASSENGER,2.92,21.09,RAIN,21.0,0.7565,1
125.7,8.2,6.1,0,21.6,EXPRESS,19.8,23.77,CLEAR,11.6,0.2107,0
150.4,4.7,3.2,0,29.7,EXPRESS,26.01,16.44,CLEAR,1.0,0.0362,0
48.8,21.7,15.7,1,6.4,FREIGHT,5.35,6.95,RAIN,30.6,0.9263,1
97.2,12.9,14.0,1,5.3,PASSENGER,36.15,13.57,CLEAR,20.6,0.9037,1
68.5,4.9,2.4,1,9.9,FREIGHT,31.44,12.36,CLEAR,17.7,0.5172,1
75.5,13.3,7.7,0,27.3,PASSENGER,32.17,12.29,CLEAR,16.8,0.2059,0
79.6,3.7,3.5,1,13.2,PASSENGER,21.69,1.89,CLEAR,11.9,0.5882,0
77.8,6.5,3.2,0,24.1,PASSENGER,13.69,4.67,CLEAR,8.9,0.109,0
67.5,0.7,0.3,1,7.3,FREIGHT,25.8,12.58,CLEAR,10.6,0.5462,0
62.2,4.1,3.8,0,15.6,PASSENGER,9.4,19.16,CLEAR,8.3,0.2155,0
75.4,10.0,10.4,1,5.1,PASSENGER,5.91,4.36,CLEAR,19.4,0.7035,0
137.6,9.1,6.8,1,13.3,EXPRESS,21.76,3.94,CLEAR,15.0,0.6032,1
88.3,6.3,6.9,0,9.0,PASSENGER,19.41,18.24,CLEAR,15.5,0.1783,0
81.8,3.1,0.8,0,17.2,PASSENGER,6.44,16.57,CLEAR,4.7,0.0932,0
127.8,3.8,2.0,0,23.7,EXPRESS,21.45,11.64,CLEAR,2.3,0.0844,0
103.8,1.5,1.2,0,28.2,EXPRESS,22.09,1.21,RAIN,3.5,0.1004,0
120.2,5.3,1.7,0,9.6,EXPRESS,34.92,11.34,RAIN,10.5,0.0881,0
125.1,4.8,3.9,0,22.7,EXPRESS,30.49,20.04,RAIN,7.9,0.158,0
153.1,6.4,2.0,0,26.7,EXPRESS,9.09,0.25,CLEAR,3.0,0.1107,0
73.0,5.1,3.7,1,5.1,PASSENGER,32.81,2.46,CLEAR,14.1,0.536,1
69.1,4.8,2.6,1,18.2,FREIGHT,38.78,19.42,CLEAR,16.8,0.4117,0
92.2,7.8,1.5,0,18.9,PASSENGER,28.81,12.6,CLEAR,9.8,0.097,0
91.4,5.5,0.5,1,9.3,EXPRESS,31.59,15.89,CLEAR,12.5,0.4828,1
140.7,16.7,10.0,1,2.1,EXPRESS,11.02,17.88,FOG,21.6,0.8897,1
61.8,0.6,0.1,0,8.8,PASSENGER,39.68,7.2,FOG,10.9,0.0875,0
159.8,0.1,0.0,0,18.2,EXPRESS,7.47,7.15,CLEAR,0.0,0.0639,0
69.3,11.1,7.9,1,7.1,FREIGHT,30.16,6.33,FOG,24.1,0.8306,1
74.9,19.9,25.9,1,9.7,PASSENGER,16.11,4.01,CLEAR,31.4,0.7557,1
72.9,12.4,5.8,0,21.7,PASSENGER,14.6,7.31,CLEAR,17.8,0.1389,0
116.7,1.4,0.1,1,12.9,EXPRESS,11.76,22.87,RAIN,3.8,0.3869,1
77.8,2.8,1.2,1,3.4,PASSENGER,17.92,2.06,CLEAR,10.7,0.6251,0
116.1,22.5,16.1,0,12.9,EXPRESS,31.74,5.78,CLEAR,27.3,0.3228,0
44.3,13.0,7.4,1,30.0,FREIGHT,37.67,7.63,CLEAR,21.0,0.8831,1
91.1,3.7,3.8,1,8.9,PASSENGER,16.94,3.69,RAIN,11.8,0.6507,1
101.5,9.4,1.2,1,9.1,EXPRESS,26.24,1.86,RAIN,19.3,0.4909,1
149.2,2.4,0.1,1,6.3,EXPRESS,31.63,3.88,CLEAR,5.8,0.5084,0
146.9,5.6,0.1,1,9.2,EXPRESS,4.44,12.67,CLEAR,8.3,0.5823,0
83.8,5.6,4.3,0,17.9,PASSENGER,38.44,14.32,CLEAR,12.2,0.09,0
149.7,4.5,0.1,0,29.0,EXPRESS,8.86,5.17,CLEAR,0.7,0.0887,0
72.4,27.2,22.8,0,18.8,PASSENGER,36.65,12.09,CLEAR,30.9,0.4619,0
91.2,5.9,0.9,1,13.2,EXPRESS,39.47,0.15,CLEAR,14.2,0.5652,0
91.0,7.0,5.6,0,12.6,PASSENGER,4.47,14.45,RAIN,12.0,0.1354,0
50.6,2.5,0.8,1,2.2,FREIGHT,35.76,0.03,FOG,21.1,0.7609,0
88.4,4.8,3.5,1,1.6,PASSENGER,25.82,15.43,CLEAR,15.3,0.6682,1
105.0,4.6,0.4,0,24.2,PASSENGER,32.81,11.6,RAIN,7.5,0.0981,0
157.9,6.3,6.6,1,15.5,EXPRESS,4.81,2.62,CLEAR,8.6,0.5698,1
134.4,5.4,4.0,1,2.4,EXPRESS,33.45,2.12,CLEAR,11.4,0.7106,1
98.2,0.7,0.4,1,9.7,PASSENGER,25.23,0.17,CLEAR,5.3,0.4194,0
95.9,7.0,8.5,0,11.7,EXPRESS,20.67,13.24,CLEAR,9.6,0.1067,0
68.0,6.2,3.6,0,23.8,PASSENGER,22.62,19.36,CLEAR,9.5,0.1167,0
141.3,9.6,11.5,0,13.9,EXPRESS,29.91,20.56,CLEAR,12.0,0.1357,0
120.2,14.1,11.2,0,24.0,EXPRESS,12.26,13.66,RAIN,17.3,0.1922,0
121.2,13.1,11.4,0,19.6,EXPRESS,37.77,21.29,CLEAR,14.7,0.1351,0
43.9,2.4,0.4,1,2.4,FREIGHT,12.65,20.69,CLEAR,15.8,0.5218,1
132.5,2.8,0.6,0,29.1,EXPRESS,35.14,16.76,FOG,3.1,0.1697,0
69.3,24.8,19.8,1,6.7,PASSENGER,0.98,8.71,FOG,38.4,0.9689,1
133.9,4.3,3.0,1,9.4,EXPRESS,36.7,19.85,CLEAR,11.5,0.4988,0
68.7,3.0,1.2,0,24.6,PASSENGER,34.14,9.4,CLEAR,5.6,0.1004,0
94.5,12.7,6.6,1,6.9,EXPRESS,5.41,9.68,CLEAR,20.9,0.8569,0
44.9,1.7,1.4,0,12.9,FREIGHT,29.61,16.27,CLEAR,7.6,0.2218,0
40.4,12.7,5.8,0,26.2,FREIGHT,15.28,22.27,CLEAR,18.7,0.2344,0
152.2,7.4,8.2,0,19.7,EXPRESS,19.45,12.0,CLEAR,5.5,0.0808,0
32.5,10.0,6.9,1,10.1,FREIGHT,3.21,4.25,CLEAR,23.2,0.7843,1
37.9,3.2,1.4,0,19.9,FREIGHT,8.9,3.42,CLEAR,9.7,0.1234,1
54.7,3.9,2.3,0,24.7,FREIGHT,38.17,7.25,CLEAR,8.4,0.1037,1
51.6,4.9,2.4,1,13.0,FREIGHT,17.01,10.98,RAIN,13.7,0.5742,1
93.2,6.5,3.0,0,17.8,EXPRESS,1.53,7.14,CLEAR,9.3,0.2278,0
60.4,2.8,0.8,0,29.7,PASSENGER,20.85,17.09,CLEAR,8.9,0.0977,0
159.2,4.4,2.7,0,29.0,EXPRESS,39.79,13.02,RAIN,3.1,0.0658,0
136.1,3.1,3.2,1,16.0,EXPRESS,13.65,9.76,FOG,9.9,0.6656,1
46.4,10.8,3.4,1,4.2,FREIGHT,6.08,5.12,CLEAR,25.3,0.7343,1
122.9,12.9,7.7,0,21.5,EXPRESS,25.92,14.53,CLEAR,16.0,0.1148,0
73.3,4.6,3.3,0,9.2,PASSENGER,36.83,16.18,RAIN,13.0,0.1337,0
45.5,5.6,1.2,1,20.6,FREIGHT,34.44,18.82,FOG,19.6,0.527,1
59.2,4.8,4.9,1,11.5,FREIGHT,26.45,23.78,STORM,21.0,0.672,1
69.7,13.2,7.2,0,22.0,FREIGHT,7.77,5.55,CLEAR,15.0,0.1303,0
102.9,4.3,1.7,0,12.0,EXPRESS,31.48,0.36,CLEAR,2.4,0.0901,0
148.8,7.8,4.7,0,28.3,EXPRESS,33.02,12.01,FOG,11.4,0.0992,0
66.1,1.0,0.7,1,5.4,PASSENGER,34.06,22.18,CLEAR,11.7,0.4821,1
105.0,12.2,1.9,1,3.4,EXPRESS,16.46,5.97,CLEAR,25.8,0.7047,1
92.6,14.4,10.8,0,23.8,EXPRESS,16.65,18.14,RAIN,17.3,0.1839,0
99.9,12.7,10.9,1,12.9,EXPRESS,6.63,7.67,CLEAR,20.7,0.7617,1
105.9,4.1,3.9,1,14.8,PASSENGER,31.02,9.39,FOG,15.6,0.4758,0
83.0,5.9,5.5,0,28.1,PASSENGER,29.62,22.75,RAIN,9.6,0.1048,0
95.4,11.3,8.7,0,18.3,EXPRESS,4.44,11.06,CLEAR,13.3,0.1965,0
108.0,24.1,14.3,1,20.3,PASSENGER,1.3,17.41,CLEAR,28.9,0.9494,1
151.5,11.1,3.0,1,2.1,EXPRESS,38.09,13.2,STORM,20.5,0.866,0
142.8,4.7,3.7,0,20.6,EXPRESS,1.18,18.33,CLEAR,4.2,0.241,0
106.7,5.5,2.4,1,12.6,PASSENGER,25.33,7.62,CLEAR,11.6,0.462,1
71.0,4.1,0.3,0,14.6,PASSENGER,18.42,21.05,CLEAR,4.1,0.0544,0
101.8,3.9,2.5,1,24.5,PASSENGER,31.21,13.17,RAIN,11.9,0.4914,1
138.3,8.7,7.0,0,16.4,EXPRESS,3.97,7.42,RAIN,10.2,0.2067,0
69.1,7.0,7.4,0,29.6,FREIGHT,27.45,0.92,CLEAR,11.8,0.191,0
99.8,16.2,10.0,0,24.2,PASSENGER,24.79,0.32,CLEAR,21.1,0.1715,0
77.3,6.2,0.2,0,22.3,PASSENGER,34.22,8.48,RAIN,11.4,0.1064,0
98.7,9.7,3.4,0,18.3,PASSENGER,20.98,5.18,RAIN,12.7,0.1205,0
41.8,3.9,0.5,1,13.3,FREIGHT,29.27,1.26,STORM,22.2,0.7335,1
76.4,2.4,1.0,1,3.0,PASSENGER,17.78,13.27,RAIN,19.1,0.6727,1
65.4,11.5,10.4,1,2.0,PASSENGER,39.37,23.73,CLEAR,24.4,0.8373,1
72.1,9.8,3.1,1,2.8,FREIGHT,22.6,10.14,RAIN,23.9,0.8639,1
74.6,11.1,6.4,0,28.8,PASSENGER,30.26,13.25,CLEAR,18.4,0.0891,0
86.0,1.9,0.3,1,10.7,PASSENGER,4.17,5.28,CLEAR,9.3,0.3511,0
79.6,10.2,2.4,0,21.5,PASSENGER,18.78,4.92,RAIN,12.0,0.1804,0
157.2,11.5,5.0,0,18.4,EXPRESS,3.05,7.88,CLEAR,9.2,0.209,0
113.5,7.0,0.6,0,17.8,EXPRESS,5.31,20.04,CLEAR,9.8,0.11,0
98.9,9.3,1.8,0,18.0,PASSENGER,20.49,23.05,CLEAR,9.9,0.1557,1
68.5,1.8,0.3,1,10.1,FREIGHT,14.42,17.75,CLEAR,13.3,0.5229,0
49.6,10.4,4.7,0,26.8,FREIGHT,18.66,0.49,RAIN,15.6,0.1649,0
116.5,20.1,15.9,0,27.7,EXPRESS,20.1,10.52,RAIN,21.9,0.3286,1
97.4,8.1,7.9,1,19.9,PASSENGER,6.81,10.1,RAIN,16.6,0.7177,0
153.9,15.7,16.5,0,26.1,EXPRESS,14.95,22.44,FOG,17.0,0.3009,0
64.0,11.8,8.4,1,3.2,FREIGHT,34.49,17.89,CLEAR,21.7,0.6666,1
40.2,10.0,8.7,1,4.4,FREIGHT,34.34,17.15,CLEAR,22.5,0.7028,1
104.4,15.2,3.9,0,17.4,PASSENGER,19.88,13.55,FOG,14.6,0.2204,0
47.4,2.8,3.3,0,25.6,FREIGHT,30.09,15.5,RAIN,12.1,0.1466,0
88.8,11.1,2.3,0,10.5,PASSENGER,30.27,16.77,CLEAR,13.4,0.204,1
101.6,9.5,7.7,1,17.1,PASSENGER,2.24,13.26,RAIN,20.0,0.7644,1
103.2,2.6,0.9,1,1.8,EXPRESS,24.63,20.28,CLEAR,12.4,0.6699,1
99.2,2.0,0.3,0,29.6,PASSENGER,32.28,0.89,CLEAR,0.2,0.1047,0
89.8,20.1,13.3,0,23.4,PASSENGER,23.96,22.59,CLEAR,23.2,0.2271,0
104.7,0.7,0.0,1,11.8,PASSENGER,21.89,18.57,CLEAR,5.8,0.4427,0
102.0,33.2,16.9,0,29.5,EXPRESS,21.48,12.7,FOG,38.5,0.4624,0
48.9,8.9,5.9,1,4.1,FREIGHT,20.56,20.65,CLEAR,20.7,0.7644,0
148.3,6.2,1.8,0,14.7,EXPRESS,31.24,19.87,CLEAR,8.1,0.104,0
61.0,4.5,5.4,1,3.2,PASSENGER,25.88,10.07,CLEAR,15.0,0.5424,1
65.6,11.3,7.7,1,11.0,PASSENGER,9.01,20.16,CLEAR,21.4,0.7433,0
109.5,9.7,1.3,1,7.8,PASSENGER,17.62,4.52,RAIN,17.7,0.741,0
74.0,6.1,6.6,1,10.5,PASSENGER,21.38,11.26,CLEAR,14.9,0.4623,0
158.3,6.7,7.3,0,28.5,EXPRESS,17.05,5.57,FOG,4.8,0.1527,0
102.8,3.3,1.3,0,13.7,EXPRESS,9.88,2.99,CLEAR,4.7,0.1199,0
78.1,8.2,0.2,0,10.8,PASSENGER,5.43,21.47,FOG,10.6,0.1457,0
97.6,3.0,1.0,0,19.8,PASSENGER,5.13,8.81,CLEAR,3.6,0.0916,0
136.0,2.6,1.0,0,21.0,EXPRESS,12.2,16.43,CLEAR,1.2,0.0649,0
89.1,3.4,0.3,0,29.5,PASSENGER,16.4,9.0,CLEAR,7.8,0.0918,0
86.5,13.3,5.8,0,17.1,PASSENGER,27.47,13.06,CLEAR,16.3,0.1014,0
102.2,1.9,2.2,0,22.9,PASSENGER,39.4,8.35,CLEAR,3.1,0.0603,0
40.6,9.7,9.7,0,12.4,FREIGHT,35.95,17.83,RAIN,17.9,0.2524,0
121.0,1.8,1.3,1,6.4,EXPRESS,32.64,18.88,FOG,9.6,0.6254,1
100.9,2.6,2.7,0,13.8,EXPRESS,32.64,10.33,STORM,12.3,0.1433,0
89.8,6.6,4.6,0,13.4,PASSENGER,24.04,20.63,CLEAR,6.7,0.0828,0
72.5,12.9,9.4,0,13.5,PASSENGER,10.48,8.53,CLEAR,15.7,0.19,0
76.7,4.9,3.3,0,21.3,PASSENGER,19.14,18.3,CLEAR,5.8,0.1124,0
51.2,2.7,2.1,0,13.1,FREIGHT,6.13,15.6,CLEAR,10.1,0.2298,0
31.2,12.2,9.1,0,28.7,FREIGHT,22.87,10.94,CLEAR,22.7,0.2705,1
34.1,9.9,1.7,0,29.5,FREIGHT,1.41,21.33,FOG,20.1,0.7032,1
94.3,0.9,0.4,1,16.4,PASSENGER,7.98,13.73,CLEAR,9.3,0.5519,1
81.4,3.9,2.6,0,17.4,PASSENGER,28.64,20.16,RAIN,7.9,0.1573,1
103.2,9.5,6.9,0,13.1,PASSENGER,11.44,17.6,STORM,18.0,0.1971,0
138.6,2.5,0.1,1,11.6,EXPRESS,17.09,12.78,CLEAR,4.5,0.5073,0
60.4,6.9,4.0,0,29.6,PASSENGER,33.37,7.83,RAIN,12.1,0.1433,0
133.2,8.0,4.1,1,2.7,EXPRESS,2.26,22.83,RAIN,15.6,0.9312,0
34.2,11.9,11.9,0,13.2,FREIGHT,1.4,1.36,RAIN,21.7,0.5846,0
99.0,7.1,1.5,1,5.8,PASSENGER,9.54,21.47,CLEAR,17.7,0.7438,1
109.6,6.1,1.5,0,22.2,PASSENGER,27.54,12.15,CLEAR,8.5,0.1539,0
127.2,3.6,2.6,1,7.0,EXPRESS,9.83,17.97,RAIN,10.6,0.5258,1
137.8,2.6,2.0,0,26.7,EXPRESS,34.62,8.02,RAIN,6.5,0.0904,1
106.6,8.9,6.0,0,12.2,EXPRESS,14.4,9.22,RAIN,16.9,0.0999,0
81.9,15.2,4.6,0,27.6,PASSENGER,11.7,4.58,CLEAR,17.3,0.2862,0
149.9,5.9,6.4,0,29.6,EXPRESS,9.7,22.9,CLEAR,5.0,0.0543,0
68.4,10.6,7.7,0,23.5,PASSENGER,23.17,1.04,FOG,15.6,0.1256,1
41.9,15.1,11.5,0,19.3,FREIGHT,34.32,9.28,CLEAR,22.2,0.2356,0
50.0,2.8,2.5,1,5.8,FREIGHT,16.54,8.03,CLEAR,13.2,0.5284,1
95.6,18.2,18.8,0,28.1,PASSENGER,10.47,19.51,CLEAR,17.8,0.2053,0
116.3,1.2,1.1,0,23.6,EXPRESS,17.12,12.04,CLEAR,3.9,0.0662,1
71.7,7.1,5.6,0,9.7,FREIGHT,36.24,4.06,FOG,15.2,0.2313,0
34.3,4.4,3.4,0,14.9,FREIGHT,13.71,12.22,RAIN,11.7,0.2467,0
116.0,10.5,7.6,1,3.4,EXPRESS,26.4,5.66,FOG,17.2,0.7869,0
95.4,2.5,2.9,1,20.3,PASSENGER,13.52,0.41,FOG,11.4,0.6025,1
105.8,12.4,6.9,1,5.1,EXPRESS,27.15,13.07,CLEAR,18.0,0.6756,0
59.5,13.4,12.0,1,20.1,FREIGHT,35.3,8.65,RAIN,24.9,0.7889,1
37.4,8.9,5.9,0,20.6,FREIGHT,24.14,5.73,CLEAR,12.3,0.1887,0
93.9,7.7,6.7,1,10.8,EXPRESS,37.92,4.13,FOG,19.2,0.5794,1
35.4,4.6,0.3,0,28.5,FREIGHT,24.26,10.89,RAIN,13.9,0.1387,0
106.5,5.8,1.0,0,23.7,PASSENGER,39.01,20.87,CLEAR,4.0,0.093,1
54.8,16.8,16.5,0,15.7,FREIGHT,29.09,18.2,CLEAR,20.0,0.3321,1
99.8,6.6,5.3,0,27.7,PASSENGER,26.29,0.11,RAIN,12.2,0.1314,0
45.0,10.4,3.7,0,25.9,FREIGHT,33.28,17.55,CLEAR,15.7,0.1097,0
131.5,3.3,2.1,1,21.2,EXPRESS,0.94,1.75,CLEAR,8.5,0.866,1
124.6,2.1,0.2,1,5.9,EXPRESS,10.66,13.15,CLEAR,7.7,0.4803,1
156.2,2.1,2.1,1,15.7,EXPRESS,9.04,18.72,RAIN,5.7,0.5474,1
63.6,18.8,3.1,0,26.1,FREIGHT,4.88,10.88,CLEAR,23.6,0.1736,1
62.9,8.9,1.1,0,18.9,FREIGHT,37.54,9.04,RAIN,16.0,0.1654,1
32.1,0.7,0.9,0,17.0,FREIGHT,5.67,22.55,CLEAR,9.1,0.2224,0
54.7,5.9,3.2,0,28.7,FREIGHT,10.88,0.7,CLEAR,12.1,0.1153,0
122.7,11.1,4.0,1,2.0,EXPRESS,13.74,2.54,CLEAR,17.7,0.7882,1
154.9,2.8,1.2,1,1.8,EXPRESS,25.17,20.89,CLEAR,9.8,0.6647,1
108.0,5.1,4.0,0,26.9,EXPRESS,30.81,21.27,FOG,12.6,0.0977,0
108.9,14.3,10.4,1,2.6,EXPRESS,24.38,8.95,CLEAR,24.9,0.8342,1
118.8,3.3,2.9,0,11.0,EXPRESS,30.08,12.96,CLEAR,0.6,0.083,0
72.2,11.4,8.8,0,27.8,PASSENGER,16.38,3.95,CLEAR,16.5,0.1466,0
99.0,13.0,11.8,0,21.2,EXPRESS,39.83,21.22,CLEAR,16.6,0.1924,0
150.0,2.7,0.4,1,20.0,EXPRESS,7.22,11.26,CLEAR,7.2,0.4882,0
129.1,1.4,0.5,0,20.2,EXPRESS,16.29,13.54,CLEAR,3.5,0.0908,0
150.3,7.7,2.9,1,10.6,EXPRESS,33.37,2.83,CLEAR,11.1,0.521,0
67.4,8.9,4.0,0,16.6,FREIGHT,10.25,14.76,CLEAR,10.7,0.1728,0
74.1,5.4,2.5,1,19.5,PASSENGER,30.16,16.7,CLEAR,13.5,0.5034,0
54.6,8.7,1.8,1,10.2,FREIGHT,14.89,7.07,CLEAR,16.8,0.5725,1
64.2,5.5,4.6,0,24.2,PASSENGER,7.52,21.51,CLEAR,8.1,0.1143,0
154.1,4.6,0.0,0,10.7,EXPRESS,16.43,4.89,CLEAR,4.9,0.071,0
80.2,16.9,15.5,0,3.5,PASSENGER,31.5,21.54,CLEAR,22.2,0.2863,0
117.6,2.2,1.2,1,7.2,EXPRESS,4.92,16.88,RAIN,13.6,0.8216,1
111.2,9.9,11.2,0,13.1,EXPRESS,20.89,19.94,RAIN,12.8,0.2007,0
122.2,1.5,0.5,0,27.4,EXPRESS,29.78,16.78,CLEAR,0.1,0.0534,0
107.6,7.3,1.2,1,13.3,EXPRESS,30.19,10.28,FOG,16.9,0.6681,1
116.2,5.5,1.2,1,4.1,EXPRESS,15.89,7.96,RAIN,13.2,0.7596,1
146.0,23.9,25.0,1,7.1,EXPRESS,18.92,17.62,CLEAR,29.6,0.8166,1
101.7,0.3,0.0,0,17.0,PASSENGER,34.34,7.16,CLEAR,1.2,0.0593,0
111.3,13.6,4.6,0,6.6,EXPRESS,8.73,1.48,CLEAR,13.5,0.1165,0
122.8,11.0,9.2,1,3.3,EXPRESS,39.71,5.93,RAIN,18.6,0.7123,0
69.3,6.9,5.0,0,21.9,FREIGHT,17.06,18.13,CLEAR,9.3,0.1613,0
93.7,6.4,2.0,0,23.9,EXPRESS,11.38,19.04,FOG,13.3,0.132,0
152.2,13.6,14.3,0,25.7,EXPRESS,0.6,6.64,CLEAR,12.6,0.6068,1
39.9,13.4,10.1,0,25.6,FREIGHT,5.44,7.87,CLEAR,20.5,0.2012,0
137.5,2.8,2.6,0,12.3,EXPRESS,30.38,13.18,CLEAR,3.6,0.0898,0
130.8,4.4,3.8,0,22.4,EXPRESS,26.14,6.29,CLEAR,4.8,0.0701,0
87.6,19.7,15.4,0,18.1,PASSENGER,10.24,14.55,RAIN,29.0,0.4779,0
150.2,15.9,18.2,1,2.2,EXPRESS,37.12,6.77,CLEAR,23.8,0.8334,1
65.1,4.9,2.7,1,12.9,PASSENGER,33.51,2.9,CLEAR,10.2,0.4639,0
45.6,7.3,8.5,1,3.0,FREIGHT,11.14,3.72,CLEAR,20.2,0.8324,1
127.7,3.0,1.6,1,3.9,EXPRESS,13.54,6.01,CLEAR,7.2,0.7252,1
100.6,2.6,2.1,1,3.1,PASSENGER,7.8,4.03,CLEAR,12.4,0.7719,1
70.8,4.9,0.8,0,28.9,PASSENGER,25.88,23.38,RAIN,9.3,0.0819,1
146.2,1.3,1.1,0,25.6,EXPRESS,28.19,15.8,CLEAR,0.6,0.0433,0
80.0,9.8,4.8,0,14.0,PASSENGER,16.14,4.3,RAIN,13.3,0.1107,1
103.2,6.5,3.2,1,8.6,EXPRESS,29.62,10.17,CLEAR,13.5,0.5955,1
97.9,2.7,1.2,1,3.6,PASSENGER,39.67,6.46,RAIN,11.7,0.5669,1
96.4,9.0,2.3,1,13.8,EXPRESS,24.67,16.43,CLEAR,14.5,0.4853,0
85.7,2.5,2.1,0,18.6,PASSENGER,26.15,20.81,CLEAR,6.3,0.1121,0
94.5,22.1,19.7,0,24.2,EXPRESS,15.27,9.62,CLEAR,26.1,0.2404,0
46.0,11.0,8.6,1,3.0,FREIGHT,0.92,10.29,RAIN,28.7,0.9762,1
132.1,3.8,2.2,0,13.4,EXPRESS,38.18,9.56,RAIN,7.2,0.0684,1
87.8,24.4,11.0,0,29.3,PASSENGER,31.01,10.78,CLEAR,27.7,0.2333,1
80.2,2.5,1.9,1,4.9,PASSENGER,27.97,0.86,RAIN,14.4,0.6947,0
81.5,10.3,5.0,0,12.9,PASSENGER,1.68,14.22,RAIN,14.1,0.3934,0
71.3,21.3,15.3,1,9.3,PASSENGER,30.48,22.85,CLEAR,31.8,0.7311,0
82.8,1.7,2.2,0,5.3,PASSENGER,26.97,18.85,RAIN,10.5,0.1971,0
107.7,15.0,5.1,0,25.4,PASSENGER,22.97,20.67,FOG,20.5,0.2662,0
68.3,12.3,1.6,0,21.4,FREIGHT,25.13,5.5,CLEAR,15.4,0.2143,0
100.2,9.5,1.4,1,13.2,EXPRESS,36.78,14.57,CLEAR,14.5,0.3869,1
61.5,4.8,3.8,1,12.0,PASSENGER,0.76,21.43,CLEAR,16.4,0.9199,1
72.0,22.0,17.4,0,25.1,FREIGHT,6.7,1.65,CLEAR,21.5,0.2994,1
53.7,3.6,2.7,1,4.1,FREIGHT,35.84,21.05,CLEAR,18.8,0.5739,1
54.2,17.0,12.5,1,5.7,FREIGHT,0.82,1.55,CLEAR,30.8,0.9733,1
144.7,12.0,11.1,0,27.3,EXPRESS,36.19,23.59,CLEAR,10.2,0.0791,0
112.0,5.1,1.3,0,24.8,EXPRESS,1.67,2.01,CLEAR,5.0,0.2435,0
84.1,7.2,2.3,0,23.6,PASSENGER,31.28,8.83,CLEAR,14.0,0.1656,0
108.4,4.4,4.6,1,19.3,PASSENGER,35.69,1.31,CLEAR,8.5,0.4876,1
93.6,4.9,3.3,1,9.8,PASSENGER,24.69,1.36,RAIN,13.4,0.6495,0
67.7,9.9,0.5,0,28.1,PASSENGER,25.84,20.79,RAIN,18.1,0.1432,0
36.0,24.5,22.8,0,15.5,FREIGHT,2.5,1.53,RAIN,32.1,0.6271,1
104.3,8.5,6.3,1,9.5,EXPRESS,8.83,19.02,FOG,18.6,0.8205,1
64.5,2.1,2.6,1,11.9,FREIGHT,36.03,21.77,CLEAR,11.6,0.4827,1
74.8,5.6,4.3,1,2.0,PASSENGER,33.04,22.44,CLEAR,21.9,0.6279,1
91.5,1.8,0.4,0,8.8,EXPRESS,2.85,20.74,RAIN,5.4,0.1262,0
107.2,3.0,3.1,1,6.9,PASSENGER,32.61,22.92,CLEAR,7.3,0.4854,0
68.5,15.3,12.0,1,5.4,PASSENGER,17.23,1.24,RAIN,27.7,0.8419,1
90.7,12.9,10.2,1,2.4,EXPRESS,22.65,23.92,CLEAR,22.2,0.7904,1
106.6,2.6,1.9,0,8.0,EXPRESS,4.78,0.49,CLEAR,6.0,0.0855,0
40.6,2.7,3.4,1,4.5,FREIGHT,16.25,4.0,STORM,22.2,0.7848,0
119.5,11.4,5.4,1,2.8,EXPRESS,17.68,1.94,RAIN,17.5,0.8152,1
106.0,4.4,1.9,1,5.4,PASSENGER,26.94,17.86,CLEAR,15.1,0.5257,0
104.0,0.8,0.3,0,7.3,PASSENGER,26.47,2.09,RAIN,3.6,0.1524,0
82.8,8.3,3.2,0,13.4,PASSENGER,22.18,7.02,CLEAR,10.4,0.0956,0
80.5,5.1,4.1,0,18.1,PASSENGER,1.74,15.31,STORM,15.5,0.4722,1
128.9,0.8,0.0,0,10.7,EXPRESS,6.88,11.95,CLEAR,4.1,0.1091,0
72.2,7.1,0.5,1,5.5,PASSENGER,6.83,3.27,STORM,19.1,0.8038,1
93.7,1.7,1.0,0,28.3,EXPRESS,35.57,12.52,RAIN,4.7,0.0972,0
107.0,8.8,1.9,1,16.2,PASSENGER,36.12,8.18,CLEAR,15.9,0.4875,1
103.1,9.4,3.5,0,22.6,EXPRESS,32.36,14.06,RAIN,10.8,0.1391,0
69.9,3.1,1.6,0,21.3,PASSENGER,7.41,12.92,CLEAR,7.7,0.1018,0
123.1,1.9,1.5,1,9.6,EXPRESS,33.69,23.75,RAIN,7.8,0.504,1
124.4,7.9,9.2,1,17.5,EXPRESS,7.91,20.72,RAIN,15.7,0.6666,1
91.3,0.9,0.7,1,18.7,EXPRESS,22.41,0.09,CLEAR,5.7,0.409,0
100.4,9.6,3.1,0,11.5,EXPRESS,29.49,4.22,CLEAR,11.8,0.1179,0
47.0,16.2,13.7,0,20.6,FREIGHT,2.54,21.92,STORM,29.3,0.4582,0
137.9,5.4,4.4,0,24.0,EXPRESS,24.12,12.95,CLEAR,5.8,0.0917,0
40.3,7.2,5.7,0,11.9,FREIGHT,10.42,18.23,CLEAR,13.4,0.2299,1
49.0,3.2,2.5,1,1.9,FREIGHT,20.17,12.08,RAIN,22.0,0.7899,1
87.9,0.9,0.1,1,11.5,PASSENGER,15.66,18.86,RAIN,6.0,0.5095,1
152.2,5.1,4.7,1,4.8,EXPRESS,27.62,3.19,RAIN,9.3,0.4654,1
112.8,8.7,4.5,1,5.9,EXPRESS,19.82,17.71,CLEAR,19.8,0.636,1
66.7,0.4,0.5,0,11.9,PASSENGER,12.41,20.87,CLEAR,5.6,0.0657,0
124.2,5.4,2.8,1,7.4,EXPRESS,36.46,6.38,CLEAR,12.8,0.4455,0
142.3,11.2,11.1,0,28.1,EXPRESS,38.38,8.84,FOG,13.7,0.1236,0
65.5,3.4,1.0,1,20.1,PASSENGER,32.18,14.17,CLEAR,15.9,0.3956,0
49.1,3.6,2.8,0,16.3,FREIGHT,23.44,20.84,CLEAR,9.5,0.1253,1
60.9,2.9,2.8,1,1.8,PASSENGER,35.43,21.79,CLEAR,17.0,0.6187,1
92.3,8.3,7.5,1,4.5,EXPRESS,24.27,12.83,RAIN,20.5,0.5897,1
84.1,8.9,7.8,0,24.0,PASSENGER,6.38,15.79,CLEAR,15.5,0.2625,1
110.9,6.4,6.4,1,12.6,EXPRESS,1.19,20.95,FOG,12.0,0.9355,1
149.2,5.8,2.0,1,2.8,EXPRESS,29.17,5.55,RAIN,13.1,0.7214,1
57.1,1.7,0.3,0,25.0,FREIGHT,30.22,19.81,CLEAR,5.2,0.0813,1
121.8,5.9,1.9,1,10.1,EXPRESS,37.07,6.28,RAIN,12.1,0.6259,1
118.6,8.9,5.1,1,12.5,EXPRESS,33.06,13.94,RAIN,14.4,0.6276,0
124.8,10.1,5.5,0,29.3,EXPRESS,25.76,22.43,RAIN,6.7,0.0708,0
31.8,13.3,15.1,1,1.9,FREIGHT,8.02,12.28,RAIN,33.7,0.9526,1
104.6,3.9,2.7,1,22.1,PASSENGER,23.96,2.24,FOG,10.4,0.4359,0
109.9,8.7,4.5,0,28.5,PASSENGER,17.67,21.5,CLEAR,9.3,0.0966,0
69.1,7.0,3.5,1,3.3,PASSENGER,9.67,14.04,CLEAR,17.6,0.731,1
98.4,11.3,0.7,1,26.2,EXPRESS,32.07,1.71,STORM,20.3,0.6916,0
67.2,3.6,2.8,1,13.4,PASSENGER,6.41,0.25,CLEAR,14.3,0.6228,1
136.3,6.8,3.5,0,26.5,EXPRESS,25.4,6.27,RAIN,6.3,0.1529,0
136.3,14.2,13.5,1,10.3,EXPRESS,24.62,2.89,CLEAR,17.5,0.6955,0
102.4,5.6,2.1,0,29.5,PASSENGER,12.49,15.08,CLEAR,4.0,0.1046,0
63.8,29.4,17.6,0,19.9,FREIGHT,17.45,14.32,CLEAR,31.6,0.5387,0
121.5,6.6,3.5,0,19.4,EXPRESS,5.1,20.18,CLEAR,7.5,0.1344,1
132.9,4.4,1.2,0,24.5,EXPRESS,1.51,12.32,STORM,4.9,0.3449,0
138.2,2.5,1.0,0,13.9,EXPRESS,1.01,6.07,CLEAR,4.9,0.3566,1
125.9,1.6,0.7,1,8.9,EXPRESS,7.39,1.21,CLEAR,6.3,0.6718,1
51.4,3.7,2.7,1,9.0,FREIGHT,34.75,0.25,RAIN,14.5,0.5422,1
92.3,0.2,0.1,1,10.9,PASSENGER,21.14,22.22,CLEAR,9.0,0.2999,0
87.9,3.9,2.6,0,19.1,PASSENGER,5.13,3.47,CLEAR,6.1,0.1304,0
92.2,22.8,20.1,0,25.4,PASSENGER,36.27,11.98,CLEAR,27.8,0.4004,0
132.9,7.0,5.0,1,15.7,EXPRESS,22.97,19.07,CLEAR,8.9,0.5642,1
96.0,9.0,6.4,1,13.0,PASSENGER,1.6,22.29,STORM,19.6,0.873,1
92.1,5.0,0.6,0,24.1,PASSENGER,30.63,4.84,CLEAR,8.2,0.0874,0
86.0,5.5,2.9,1,9.8,PASSENGER,19.2,5.57,CLEAR,15.8,0.455,1
60.7,3.1,1.5,1,21.1,FREIGHT,21.55,4.31,RAIN,14.5,0.3857,0
82.5,10.5,10.1,1,4.5,PASSENGER,24.72,3.81,CLEAR,20.9,0.6839,1
106.9,6.5,0.9,1,4.7,EXPRESS,4.23,10.92,RAIN,13.0,0.6384,1
30.1,3.0,2.8,0,19.9,FREIGHT,37.94,15.26,RAIN,11.3,0.1502,0
129.2,16.6,4.0,1,3.9,EXPRESS,10.59,16.95,CLEAR,19.6,0.6312,1
131.3,5.5,3.2,1,5.9,EXPRESS,25.06,7.85,CLEAR,13.1,0.6807,1
158.0,9.6,8.0,0,19.3,EXPRESS,34.29,14.97,RAIN,11.5,0.1746,0
115.3,2.4,1.2,1,14.0,EXPRESS,13.61,0.06,RAIN,10.4,0.4526,0
79.7,2.4,2.1,1,17.5,PASSENGER,25.29,21.32,CLEAR,14.8,0.4732,0
70.1,7.1,7.1,0,29.3,PASSENGER,39.56,20.87,CLEAR,13.0,0.167,1
33.2,5.5,3.4,0,19.5,FREIGHT,34.15,13.06,CLEAR,15.2,0.1703,0
98.6,4.5,2.3,1,18.3,PASSENGER,31.28,5.84,CLEAR,10.6,0.4407,1
72.5,0.5,0.1,0,12.3,PASSENGER,17.85,23.33,CLEAR,4.7,0.1021,0
132.6,10.6,6.3,0,19.5,EXPRESS,18.33,19.46,CLEAR,9.4,0.1172,0
138.1,25.6,16.1,1,1.9,EXPRESS,19.68,0.41,CLEAR,30.3,0.8969,1
83.6,6.8,4.4,1,17.4,PASSENGER,27.77,11.27,CLEAR,13.7,0.6791,1
103.8,9.0,8.7,1,3.5,PASSENGER,6.2,2.45,CLEAR,18.3,0.7782,1
50.0,3.5,3.3,1,7.8,FREIGHT,34.51,3.17,RAIN,15.2,0.6093,0
109.9,1.1,1.2,1,17.5,EXPRESS,1.21,0.03,CLEAR,8.2,0.7011,1
152.7,4.1,0.1,0,20.5,EXPRESS,7.21,16.51,CLEAR,0.0,0.1116,0
103.1,9.0,4.8,1,12.5,PASSENGER,19.53,6.06,CLEAR,13.7,0.6553,1
101.5,4.3,3.1,0,13.4,EXPRESS,10.46,7.32,CLEAR,6.5,0.1553,1
91.8,7.5,6.9,0,15.7,EXPRESS,14.94,1.13,CLEAR,6.5,0.2706,0
64.5,7.3,5.3,0,23.1,PASSENGER,13.64,0.19,CLEAR,14.3,0.1017,0
110.1,20.2,19.9,1,2.0,EXPRESS,11.12,19.03,CLEAR,31.9,0.8146,1
108.6,5.1,3.2,1,14.2,PASSENGER,15.52,15.87,CLEAR,12.7,0.5945,1
129.1,12.9,2.5,1,1.9,EXPRESS,20.46,9.18,CLEAR,20.9,0.682,0
116.1,33.3,1.5,1,10.6,EXPRESS,19.32,1.68,RAIN,35.6,0.7574,1
152.2,7.8,2.9,0,16.3,EXPRESS,32.57,18.62,RAIN,7.2,0.1303,1
50.4,7.5,9.3,1,3.8,FREIGHT,12.67,22.23,CLEAR,21.4,0.7721,1
112.1,0.9,0.2,1,15.3,EXPRESS,11.64,12.66,CLEAR,3.7,0.3878,0
107.1,19.0,17.2,0,27.9,PASSENGER,20.43,3.33,FOG,24.4,0.2445,1
149.5,30.4,22.5,1,21.0,EXPRESS,2.39,15.66,CLEAR,32.2,0.927,0
102.2,4.5,4.1,0,23.8,PASSENGER,4.92,1.72,CLEAR,10.2,0.1147,0
125.9,5.8,1.8,0,18.0,EXPRESS,32.22,3.97,CLEAR,5.0,0.0913,0
99.5,10.8,1.1,0,27.0,PASSENGER,20.0,11.3,FOG,14.2,0.1136,0
69.0,6.9,1.5,1,5.7,PASSENGER,3.13,5.98,CLEAR,13.9,0.6821,1
55.8,2.9,0.2,1,14.3,FREIGHT,17.9,22.33,RAIN,13.5,0.4228,0
158.9,2.9,2.9,0,18.5,EXPRESS,16.23,19.41,CLEAR,0.0,0.0908,1
110.4,0.9,0.3,0,26.4,EXPRESS,10.22,6.64,RAIN,7.2,0.0734,0
145.6,8.5,5.7,0,10.3,EXPRESS,15.2,23.13,RAIN,9.9,0.1777,0
52.1,11.6,2.1,1,1.5,FREIGHT,7.94,9.08,RAIN,26.0,0.777,0
62.0,8.3,1.0,0,29.3,PASSENGER,18.24,13.64,CLEAR,13.2,0.0793,1
98.2,4.8,3.5,1,2.2,PASSENGER,16.64,13.54,CLEAR,12.8,0.6776,1
101.8,17.6,16.4,1,5.8,EXPRESS,24.5,15.59,CLEAR,25.4,0.7314,0
134.2,7.4,5.3,1,13.5,EXPRESS,37.71,5.85,CLEAR,9.2,0.4207,1
96.0,5.1,3.0,0,15.6,EXPRESS,7.83,22.13,RAIN,5.9,0.1263,1
72.6,7.7,6.8,0,25.3,FREIGHT,16.99,6.38,RAIN,15.1,0.1394,0
74.6,6.8,6.0,1,14.3,PASSENGER,22.71,15.96,CLEAR,15.6,0.6427,1
40.2,20.9,10.0,1,17.1,FREIGHT,22.11,18.38,RAIN,29.3,0.839,1
99.0,9.8,1.0,1,7.2,EXPRESS,26.62,21.16,CLEAR,14.4,0.6702,1
107.3,12.7,8.8,0,17.7,PASSENGER,11.08,10.97,CLEAR,16.7,0.2605,1
95.6,4.2,1.6,0,11.4,PASSENGER,25.56,17.08,STORM,10.7,0.1304,0
141.9,13.4,12.7,1,4.3,EXPRESS,8.45,2.05,CLEAR,20.0,0.8226,1
52.5,5.9,1.5,0,28.5,FREIGHT,5.46,18.67,CLEAR,9.6,0.2045,0
51.4,9.0,11.8,1,3.8,FREIGHT,33.35,18.14,CLEAR,22.8,0.7512,0
35.0,15.8,14.9,1,20.8,FREIGHT,19.21,9.85,FOG,32.2,0.8698,1
88.0,0.6,0.7,0,27.4,PASSENGER,16.19,7.52,CLEAR,2.2,0.082,0
107.3,21.9,16.5,1,6.6,EXPRESS,37.18,9.12,RAIN,30.1,0.8156,1
158.4,6.2,0.4,0,8.3,EXPRESS,28.54,2.17,RAIN,5.5,0.1172,0
65.8,13.5,1.1,0,13.7,FREIGHT,27.25,15.31,FOG,18.6,0.2239,1
118.9,6.5,2.6,1,9.9,EXPRESS,8.17,21.91,CLEAR,11.2,0.6534,1
67.6,30.0,22.7,0,23.1,PASSENGER,8.77,15.98,CLEAR,32.8,0.3868,0
99.3,3.3,3.0,1,11.1,PASSENGER,19.58,13.93,RAIN,12.1,0.5969,1
66.1,5.4,3.6,0,29.6,PASSENGER,26.27,23.78,CLEAR,12.1,0.075,0
38.5,9.3,5.3,0,26.0,FREIGHT,16.11,13.0,CLEAR,13.5,0.1798,0
104.8,18.4,15.5,0,27.0,EXPRESS,3.04,8.3,RAIN,20.4,0.415,1
129.0,8.3,6.9,1,3.3,EXPRESS,27.48,16.91,RAIN,12.3,0.4846,0
145.1,5.0,1.1,1,6.5,EXPRESS,31.06,12.51,CLEAR,9.4,0.4712,0
75.7,2.0,1.6,1,6.3,PASSENGER,37.8,23.33,FOG,11.3,0.6322,1
95.9,0.8,0.5,0,20.7,EXPRESS,16.65,21.55,RAIN,5.7,0.0851,0
122.5,5.7,4.7,1,1.8,EXPRESS,10.69,22.72,CLEAR,15.6,0.6778,1
63.7,1.2,0.9,0,24.5,FREIGHT,37.07,0.02,CLEAR,7.9,0.1051,0
40.0,4.3,1.3,0,17.1,FREIGHT,28.75,8.02,CLEAR,11.6,0.1011,0
105.4,14.4,9.9,0,17.6,EXPRESS,3.03,15.05,STORM,18.4,0.4348,0
156.3,2.2,1.8,0,16.8,EXPRESS,23.41,7.4,CLEAR,0.0,0.0709,0
72.9,14.9,3.8,1,16.8,FREIGHT,1.63,15.75,CLEAR,22.7,0.8545,1
159.3,6.8,2.3,0,7.1,EXPRESS,9.45,17.16,RAIN,7.0,0.1499,0
146.5,0.6,0.3,1,9.6,EXPRESS,3.3,14.96,RAIN,6.6,0.5529,1
103.2,6.4,2.0,1,15.4,EXPRESS,8.59,11.0,RAIN,13.0,0.6606,0
70.6,3.1,2.4,0,20.8,PASSENGER,19.85,16.72,CLEAR,7.3,0.0754,0
113.8,11.8,10.2,1,9.3,EXPRESS,12.31,18.73,CLEAR,17.9,0.7283,1
44.3,6.2,1.8,0,24.5,FREIGHT,3.98,16.71,CLEAR,9.6,0.1818,0
107.8,2.7,2.1,0,24.6,PASSENGER,19.54,19.49,CLEAR,2.2,0.0423,0
99.5,11.8,6.9,1,9.3,PASSENGER,28.49,22.73,CLEAR,18.4,0.5598,0
140.7,12.6,6.4,0,17.5,EXPRESS,2.6,2.46,CLEAR,9.2,0.3515,0
69.3,8.8,7.2,1,11.4,PASSENGER,35.35,21.75,CLEAR,15.4,0.7014,1
105.5,12.8,13.8,1,6.9,PASSENGER,26.3,6.56,RAIN,19.1,0.5765,1
101.4,5.1,7.1,0,24.5,PASSENGER,21.02,13.53,CLEAR,9.0,0.083,0
68.2,2.1,2.4,0,29.8,PASSENGER,16.15,22.62,CLEAR,7.4,0.0502,0
103.6,9.6,7.8,1,17.6,PASSENGER,16.03,14.88,FOG,19.4,0.6767,1
42.3,3.6,3.2,1,27.5,FREIGHT,13.75,2.02,RAIN,15.6,0.5596,1
33.6,3.0,1.5,0,19.8,FREIGHT,5.07,11.98,CLEAR,9.1,0.2079,0
92.8,1.6,1.6,0,17.6,PASSENGER,3.63,21.46,FOG,3.4,0.214,0
135.8,4.4,1.1,1,15.2,EXPRESS,12.7,9.89,CLEAR,9.0,0.6054,1
96.6,15.3,0.7,1,8.2,EXPRESS,26.85,20.35,CLEAR,19.9,0.7604,0
112.3,7.8,0.9,1,3.9,EXPRESS,11.89,19.06,CLEAR,15.4,0.7705,1
109.6,1.2,0.3,0,14.1,PASSENGER,32.58,21.75,RAIN,2.2,0.1125,0
93.9,13.4,9.9,0,17.5,PASSENGER,15.52,6.31,STORM,24.8,0.2658,0
96.5,18.9,12.0,0,16.0,PASSENGER,25.43,11.92,CLEAR,21.3,0.1305,0
39.6,10.4,4.0,0,21.3,FREIGHT,17.56,8.05,CLEAR,16.3,0.1466,0
33.5,16.4,8.3,1,7.0,FREIGHT,20.16,12.82,CLEAR,26.3,0.7276,1
42.5,5.4,0.9,1,11.6,FREIGHT,10.38,0.46,CLEAR,16.6,0.6646,1
107.4,10.1,10.4,1,13.3,EXPRESS,20.8,5.8,FOG,21.1,0.822,1
71.7,4.4,3.2,1,6.8,PASSENGER,4.87,23.38,CLEAR,9.6,0.5883,1
103.5,2.3,0.3,0,27.3,EXPRESS,15.78,14.48,CLEAR,3.4,0.0483,0
130.2,0.8,0.7,1,20.9,EXPRESS,18.21,4.16,CLEAR,4.7,0.3214,1
113.0,21.7,1.7,1,4.1,EXPRESS,28.31,12.2,CLEAR,26.9,0.8481,1
147.4,1.5,0.2,0,21.8,EXPRESS,16.31,16.75,CLEAR,0.0,0.1048,0
69.2,11.1,1.7,0,17.1,PASSENGER,26.78,14.49,RAIN,17.5,0.2108,1
50.9,4.8,0.3,1,16.4,FREIGHT,7.4,12.05,CLEAR,16.2,0.4843,1
91.0,2.7,1.2,0,29.7,EXPRESS,1.5,16.18,RAIN,8.2,0.337,0
84.1,1.6,1.4,0,19.1,PASSENGER,20.48,4.01,CLEAR,3.7,0.0853,0
62.8,23.0,23.3,0,27.1,PASSENGER,19.22,10.52,CLEAR,31.4,0.4331,0
158.4,4.7,1.2,0,27.5,EXPRESS,26.96,18.01,CLEAR,0.0,0.0535,0
99.5,6.2,1.2,1,4.4,PASSENGER,12.89,13.91,CLEAR,9.5,0.6039,0
124.3,16.5,5.2,1,1.7,EXPRESS,1.68,21.75,CLEAR,24.4,0.9237,1
64.3,8.4,8.8,1,13.9,PASSENGER,29.08,10.65,CLEAR,18.4,0.6753,1
89.6,2.4,2.2,0,23.4,PASSENGER,37.72,3.17,FOG,10.8,0.2085,1
143.1,10.4,9.4,0,25.0,EXPRESS,16.07,1.17,CLEAR,7.2,0.089,0
103.4,2.6,1.9,0,23.9,EXPRESS,24.64,11.46,CLEAR,3.6,0.0745,0
88.4,6.2,1.0,0,14.2,PASSENGER,22.02,10.5,CLEAR,7.8,0.1424,0
66.6,2.5,1.8,0,22.9,FREIGHT,22.86,6.16,CLEAR,8.8,0.082,0
143.8,5.9,4.2,1,22.0,EXPRESS,34.76,14.17,CLEAR,6.7,0.3974,1
100.1,3.6,2.1,0,10.4,PASSENGER,29.59,6.0,CLEAR,8.5,0.0964,0
104.0,5.2,5.0,1,6.3,PASSENGER,30.91,5.19,CLEAR,11.2,0.5192,1
72.2,3.8,1.2,1,19.2,FREIGHT,4.06,14.93,STORM,16.9,0.8371,1
48.2,7.9,5.4,0,20.8,FREIGHT,6.29,22.68,CLEAR,14.1,0.2118,0
88.4,3.3,1.9,0,17.7,PASSENGER,26.7,4.87,CLEAR,4.2,0.1038,0
99.5,5.7,2.7,1,7.6,PASSENGER,21.85,4.39,CLEAR,13.5,0.4657,0
61.4,4.9,3.7,1,9.4,FREIGHT,31.08,12.46,RAIN,17.1,0.6119,0
159.7,9.8,5.2,0,21.7,EXPRESS,4.18,2.87,CLEAR,5.4,0.1638,0
91.0,10.4,1.2,0,28.9,EXPRESS,22.88,7.06,RAIN,13.8,0.1607,0
114.9,12.0,8.1,0,28.4,EXPRESS,19.7,23.78,CLEAR,13.2,0.171,0
42.6,8.2,5.8,0,16.3,FREIGHT,34.26,20.19,CLEAR,16.1,0.1391,0
41.8,5.0,1.2,0,26.8,FREIGHT,7.89,16.95,CLEAR,13.3,0.1582,0
105.6,24.3,16.6,1,2.3,EXPRESS,14.27,0.62,RAIN,35.5,0.9329,1
95.5,7.5,4.9,0,26.0,PASSENGER,6.44,6.36,RAIN,12.2,0.1338,0
64.2,5.7,2.7,0,15.1,PASSENGER,18.34,13.67,CLEAR,8.3,0.211,0
141.9,2.7,0.8,0,23.8,EXPRESS,35.32,17.05,CLEAR,0.0,0.0471,0
61.2,8.3,3.4,1,1.7,FREIGHT,26.98,16.04,CLEAR,20.4,0.7733,0
107.6,1.7,0.8,0,26.3,EXPRESS,29.9,4.45,CLEAR,3.6,0.0532,0
107.7,10.8,2.5,1,18.5,EXPRESS,4.19,11.19,RAIN,18.0,0.7334,0
91.4,4.3,2.4,1,8.3,PASSENGER,18.36,4.76,CLEAR,7.0,0.5295,1
98.1,7.1,5.7,1,11.4,PASSENGER,33.63,22.17,CLEAR,14.5,0.4298,0
151.4,2.3,1.0,1,7.2,EXPRESS,33.58,13.38,CLEAR,7.7,0.6292,1
102.6,10.2,7.8,0,13.6,PASSENGER,39.53,9.37,CLEAR,16.9,0.1133,0
108.2,2.3,1.8,0,10.9,PASSENGER,21.28,22.03,RAIN,8.5,0.0529,0
130.7,2.7,2.6,0,16.7,EXPRESS,0.58,21.7,CLEAR,1.5,0.5295,1
153.6,6.6,6.7,0,24.7,EXPRESS,36.01,12.1,FOG,6.5,0.133,0
100.4,5.9,4.4,0,29.5,PASSENGER,38.27,16.48,CLEAR,8.8,0.0776,0
152.6,2.7,1.7,1,8.7,EXPRESS,37.15,7.65,CLEAR,7.2,0.3739,1
30.5,2.6,2.2,1,4.5,FREIGHT,30.99,7.38,CLEAR,18.6,0.6824,0
73.5,3.9,1.6,1,12.8,FREIGHT,8.87,13.19,CLEAR,13.8,0.4602,1
51.3,4.9,4.1,0,5.6,FREIGHT,5.99,20.32,RAIN,11.2,0.2913,0
145.9,2.3,1.8,1,25.3,EXPRESS,28.18,14.33,FOG,5.3,0.5549,0
35.7,6.7,5.8,1,15.8,FREIGHT,6.05,11.02,CLEAR,21.6,0.7291,1
79.8,6.2,3.9,0,19.2,PASSENGER,38.16,15.94,CLEAR,9.4,0.0736,0
109.0,1.0,0.7,1,5.8,EXPRESS,18.11,19.5,STORM,11.5,0.5326,0
110.4,2.8,1.7,0,22.9,EXPRESS,1.72,18.9,RAIN,3.2,0.2625,0
98.6,2.8,1.1,1,29.2,EXPRESS,6.45,8.89,CLEAR,8.1,0.5439,0
100.3,3.2,2.2,0,15.2,PASSENGER,11.97,22.46,CLEAR,8.6,0.098,0
60.5,5.5,3.3,0,28.9,PASSENGER,28.3,0.38,RAIN,11.4,0.1492,0
111.9,4.5,3.2,1,2.5,EXPRESS,29.62,10.82,RAIN,15.9,0.7132,0
68.7,13.6,6.3,1,2.5,PASSENGER,8.91,21.78,RAIN,27.0,0.841,1
131.2,5.8,0.9,0,28.9,EXPRESS,26.12,16.7,FOG,7.4,0.1139,0
72.7,28.3,13.2,0,21.5,PASSENGER,1.76,16.9,CLEAR,27.0,0.4695,1
108.1,3.7,1.9,1,6.9,EXPRESS,4.56,3.76,CLEAR,12.0,0.6185,1
52.0,4.2,1.6,1,11.9,FREIGHT,21.63,13.97,CLEAR,13.2,0.544,1
59.4,13.5,5.2,0,16.0,FREIGHT,28.3,23.21,CLEAR,14.7,0.1385,0
66.1,9.1,7.4,0,21.5,PASSENGER,36.62,5.08,CLEAR,10.3,0.1677,1
102.3,4.7,2.1,0,25.5,EXPRESS,17.79,7.85,CLEAR,7.4,0.0896,0
107.3,8.2,6.2,1,3.9,EXPRESS,5.24,9.33,CLEAR,17.6,0.7494,0
73.8,13.1,9.7,0,20.2,FREIGHT,37.19,8.64,FOG,15.7,0.1251,0
117.8,7.6,6.6,0,15.1,EXPRESS,17.78,15.05,CLEAR,7.6,0.1133,0
131.9,4.7,0.2,0,18.5,EXPRESS,20.15,5.63,RAIN,5.8,0.1156,0
106.9,19.1,7.9,1,16.0,EXPRESS,34.25,12.14,RAIN,25.8,0.6863,1
84.5,7.4,6.7,0,14.3,PASSENGER,23.64,9.61,CLEAR,10.1,0.1211,0
63.7,9.6,5.0,1,7.4,PASSENGER,12.41,15.47,CLEAR,19.3,0.6876,1
31.6,8.2,6.4,0,15.0,FREIGHT,21.86,5.81,CLEAR,17.9,0.2054,1
122.8,14.2,17.5,1,6.9,EXPRESS,25.18,13.27,RAIN,23.6,0.831,1
117.9,5.6,2.5,1,2.8,EXPRESS,35.65,17.77,RAIN,15.8,0.6986,0
36.2,0.4,0.3,1,12.2,FREIGHT,9.78,16.63,CLEAR,11.5,0.6287,0
60.9,4.7,2.8,1,2.2,FREIGHT,22.6,20.02,CLEAR,14.9,0.7395,1
159.5,0.2,0.2,0,17.5,EXPRESS,36.86,22.95,CLEAR,0.0,0.0914,0
79.8,3.9,1.6,1,3.6,PASSENGER,2.3,20.5,CLEAR,15.4,0.81,1
133.7,4.7,4.0,1,14.0,EXPRESS,8.19,22.52,CLEAR,7.5,0.4371,0
73.3,8.6,1.7,0,29.4,FREIGHT,14.18,0.42,RAIN,13.7,0.1898,0
148.2,7.8,5.2,1,1.8,EXPRESS,27.3,15.09,RAIN,15.8,0.704,0
50.9,8.6,7.8,1,12.0,FREIGHT,33.75,6.43,CLEAR,16.4,0.6906,1
96.9,4.4,2.5,1,20.7,PASSENGER,8.37,19.42,RAIN,12.2,0.462,1
66.4,17.0,10.4,1,6.0,PASSENGER,10.24,19.66,STORM,32.7,0.7891,1
125.8,4.2,0.4,0,17.5,EXPRESS,33.02,1.15,FOG,5.8,0.0974,0
74.0,11.9,8.2,1,8.9,PASSENGER,6.36,14.29,CLEAR,23.2,0.8283,1
68.1,12.0,7.9,1,7.8,PASSENGER,10.82,20.42,CLEAR,19.1,0.6337,1
119.8,2.9,1.7,0,27.0,EXPRESS,29.44,14.1,CLEAR,7.5,0.0525,0
66.6,4.1,1.6,0,7.3,PASSENGER,7.06,10.21,CLEAR,9.4,0.121,0
61.5,5.7,1.6,1,12.2,FREIGHT,33.21,1.84,CLEAR,14.7,0.3763,0
82.8,6.1,7.5,1,6.3,PASSENGER,19.88,17.53,FOG,20.5,0.779,1
86.6,19.2,8.0,1,9.6,PASSENGER,18.18,1.79,RAIN,24.6,0.8602,1
100.2,3.1,1.8,0,9.9,EXPRESS,5.84,14.35,CLEAR,10.1,0.1185,0
67.0,6.2,4.0,1,10.8,PASSENGER,27.35,22.02,CLEAR,14.3,0.5012,1
130.8,1.0,0.7,0,19.8,EXPRESS,35.42,10.06,CLEAR,2.4,0.0567,0
109.3,5.1,2.8,0,22.7,PASSENGER,27.84,18.48,CLEAR,6.2,0.0645,0
34.3,38.9,30.2,0,16.1,FREIGHT,13.02,19.2,FOG,47.5,0.7818,1
74.3,1.5,0.8,0,18.9,PASSENGER,28.1,0.25,RAIN,9.1,0.1257,0
150.9,23.0,13.3,0,24.7,EXPRESS,20.64,21.96,RAIN,22.7,0.3958,0
95.1,10.4,7.8,0,30.0,EXPRESS,34.22,4.53,CLEAR,18.8,0.102,0
103.8,16.5,16.1,0,14.5,PASSENGER,18.66,6.78,FOG,23.0,0.2295,1
86.2,2.7,0.9,0,28.2,PASSENGER,9.87,20.9,CLEAR,4.3,0.1135,1
48.4,1.6,1.1,0,15.5,FREIGHT,4.5,16.48,FOG,7.2,0.1902,0
43.9,1.6,0.1,0,23.8,FREIGHT,11.6,8.92,CLEAR,6.4,0.1127,0
74.9,7.3,5.8,1,17.8,PASSENGER,22.76,2.11,CLEAR,16.5,0.5418,1
111.4,5.9,4.6,0,26.7,EXPRESS,7.22,9.27,RAIN,7.7,0.1497,1
151.9,6.9,0.9,0,14.3,EXPRESS,2.07,23.19,CLEAR,5.7,0.2419,0
140.7,6.9,7.0,0,21.3,EXPRESS,18.23,2.51,RAIN,8.3,0.1226,0
136.9,4.4,1.6,1,14.8,EXPRESS,14.22,20.31,STORM,10.9,0.5529,1
99.9,0.6,0.7,0,25.9,PASSENGER,17.11,7.81,CLEAR,1.8,0.1027,0
72.9,4.1,2.5,0,29.8,PASSENGER,18.44,15.71,CLEAR,6.4,0.0944,0
90.9,2.3,0.4,1,8.4,PASSENGER,30.76,15.16,CLEAR,10.7,0.5968,1
122.2,1.4,1.4,1,15.0,EXPRESS,38.46,7.81,CLEAR,7.3,0.3277,0
144.8,4.1,2.1,1,3.8,EXPRESS,10.86,1.3,CLEAR,7.5,0.5452,1
111.6,8.5,8.6,1,5.5,EXPRESS,37.72,3.57,RAIN,14.0,0.5409,0
135.0,22.2,7.1,0,28.0,EXPRESS,9.52,13.58,CLEAR,25.1,0.2717,0
69.7,5.7,2.6,0,17.0,FREIGHT,30.32,22.77,STORM,16.1,0.2001,0
118.2,5.9,5.8,1,12.8,EXPRESS,27.41,22.22,RAIN,13.7,0.602,1
63.3,4.6,3.8,0,20.6,PASSENGER,2.56,2.72,CLEAR,5.9,0.1971,0
126.1,2.5,1.9,0,17.5,EXPRESS,29.13,21.01,STORM,9.5,0.1611,0
45.6,4.5,5.8,1,9.7,FREIGHT,36.09,5.61,CLEAR,18.5,0.6535,1
93.6,8.4,5.2,1,8.0,PASSENGER,37.24,21.84,RAIN,18.1,0.5721,1
156.6,10.3,4.3,0,18.3,EXPRESS,27.57,18.2,RAIN,9.0,0.2205,0
84.3,5.0,4.3,1,6.9,PASSENGER,31.57,23.07,CLEAR,14.1,0.5596,0
83.3,5.2,5.2,1,5.5,PASSENGER,3.33,10.6,FOG,15.8,0.8008,1
59.5,3.1,2.2,1,10.6,FREIGHT,6.87,17.56,RAIN,13.4,0.7028,1
97.2,9.8,9.1,0,26.0,EXPRESS,10.87,17.65,FOG,14.9,0.16,0
41.4,1.4,0.8,1,2.5,FREIGHT,21.49,11.91,RAIN,19.2,0.7268,0
71.4,19.7,9.7,0,25.2,FREIGHT,15.76,23.39,RAIN,25.0,0.2222,0
60.1,5.4,1.9,1,19.2,FREIGHT,26.46,5.85,CLEAR,13.3,0.4259,0
60.7,9.8,0.6,1,2.7,PASSENGER,18.1,23.67,CLEAR,19.5,0.7675,1
70.2,4.7,4.1,0,18.7,PASSENGER,31.11,19.49,CLEAR,5.0,0.0457,0
94.1,5.2,2.1,1,13.6,PASSENGER,28.69,14.79,CLEAR,13.0,0.3642,0
98.2,10.2,7.6,0,25.5,PASSENGER,30.02,1.81,CLEAR,11.9,0.1623,0
102.0,6.3,2.5,0,27.4,PASSENGER,33.24,6.22,CLEAR,8.0,0.0567,0
74.6,5.9,5.0,1,9.7,PASSENGER,33.45,20.19,STORM,26.7,0.6466,1
106.6,21.1,1.7,0,23.8,PASSENGER,31.29,17.48,FOG,21.9,0.2425,0
87.6,9.1,1.1,1,10.3,PASSENGER,3.1,23.1,CLEAR,16.4,0.7472,1
61.3,2.3,2.2,1,9.9,FREIGHT,25.12,9.52,FOG,14.3,0.6458,1
131.8,7.4,4.2,1,7.0,EXPRESS,1.28,21.47,CLEAR,11.7,0.8723,1
35.5,6.6,4.8,0,20.8,FREIGHT,29.88,20.68,CLEAR,11.9,0.1182,0
108.2,10.7,3.9,1,9.0,PASSENGER,2.91,23.19,FOG,17.2,0.8296,1
35.5,18.3,19.9,0,14.7,FREIGHT,39.34,6.54,RAIN,24.8,0.3567,1
72.7,4.6,5.3,0,24.6,PASSENGER,24.76,11.87,RAIN,8.5,0.052,1
147.0,13.6,12.1,0,24.1,EXPRESS,7.69,1.94,RAIN,14.2,0.3243,0
57.8,1.8,0.6,0,25.9,FREIGHT,19.0,14.18,CLEAR,6.4,0.0817,0
148.7,0.5,0.3,1,6.1,EXPRESS,33.15,17.58,RAIN,5.3,0.4746,1
53.2,2.5,1.7,0,18.2,FREIGHT,7.61,5.71,CLEAR,7.4,0.1003,1
78.8,3.8,0.7,0,27.6,PASSENGER,21.7,4.07,RAIN,8.8,0.1202,0
106.1,7.1,3.4,1,2.7,PASSENGER,0.64,15.35,CLEAR,15.6,0.9475,1
92.5,5.5,3.3,0,24.1,EXPRESS,31.64,9.44,RAIN,9.5,0.086,0
102.8,7.1,3.9,1,8.5,PASSENGER,8.19,10.24,FOG,16.2,0.8374,1
106.2,7.4,6.2,0,20.6,EXPRESS,15.79,11.31,CLEAR,10.6,0.0475,0
149.4,21.4,16.0,0,21.9,EXPRESS,21.44,12.28,CLEAR,15.5,0.2066,1
99.7,12.5,9.5,0,27.9,EXPRESS,6.22,4.69,CLEAR,13.0,0.2053,0
130.6,1.8,0.6,1,16.0,EXPRESS,37.1,13.87,RAIN,5.8,0.3427,0
70.0,3.7,1.9,0,25.7,FREIGHT,19.02,1.66,RAIN,10.7,0.0883,0
51.3,1.7,1.3,1,2.8,FREIGHT,9.66,2.72,CLEAR,13.7,0.7096,1
142.3,3.7,0.9,1,13.5,EXPRESS,29.54,17.08,FOG,7.8,0.3069,1
100.2,9.3,3.5,1,14.0,PASSENGER,35.82,17.55,RAIN,17.2,0.7002,1
141.6,5.1,3.6,0,16.8,EXPRESS,36.55,6.39,CLEAR,5.5,0.0919,0
106.3,1.8,1.2,1,15.2,PASSENGER,17.53,4.43,CLEAR,9.5,0.4587,0
50.1,10.5,5.6,0,29.1,FREIGHT,14.7,1.3,CLEAR,17.8,0.1704,0
37.8,7.2,5.9,0,3.7,FREIGHT,37.21,10.05,CLEAR,16.5,0.2034,0
62.4,2.0,0.1,1,9.1,PASSENGER,2.59,12.22,RAIN,13.9,0.7033,1
72.3,3.4,2.3,0,29.1,PASSENGER,30.15,21.59,CLEAR,7.0,0.0942,0
100.0,19.2,9.9,1,14.2,EXPRESS,7.51,0.06,CLEAR,24.4,0.72,0
55.1,7.3,3.3,1,17.8,FREIGHT,18.89,9.74,RAIN,16.7,0.5924,0
102.9,4.6,1.9,1,3.8,EXPRESS,38.17,10.06,CLEAR,13.9,0.6078,0
61.9,4.9,1.3,1,9.6,PASSENGER,23.46,21.28,CLEAR,11.0,0.4265,1
61.8,3.8,1.3,1,2.6,PASSENGER,21.18,4.7,CLEAR,13.3,0.7145,1
101.6,1.1,0.5,1,5.4,PASSENGER,2.94,1.59,RAIN,13.9,0.8374,1
131.4,11.1,7.6,0,19.5,EXPRESS,11.45,9.16,FOG,13.3,0.323,0
46.1,2.4,0.4,0,23.3,FREIGHT,0.62,14.7,RAIN,10.2,0.6232,0
152.6,4.4,1.6,0,26.3,EXPRESS,35.06,20.6,CLEAR,0.0,0.0497,0
63.5,0.4,0.2,1,8.7,PASSENGER,25.97,6.46,CLEAR,11.5,0.6063,1
158.6,5.4,6.8,1,11.0,EXPRESS,5.16,6.03,CLEAR,11.0,0.5882,1
133.1,2.9,0.2,0,17.7,EXPRESS,14.86,7.82,CLEAR,4.9,0.1243,0
69.2,3.3,1.7,1,3.9,PASSENGER,32.55,2.84,RAIN,12.4,0.5638,1
94.0,4.3,3.8,0,24.5,PASSENGER,6.04,23.45,STORM,14.7,0.1688,0
143.4,3.8,2.4,1,15.3,EXPRESS,9.6,12.97,CLEAR,7.0,0.5316,1
120.1,4.4,1.5,0,29.0,EXPRESS,21.89,6.53,RAIN,0.8,0.0753,0
103.1,1.9,1.4,1,4.8,PASSENGER,6.23,8.68,CLEAR,6.6,0.738,0
67.5,8.6,7.2,0,5.3,PASSENGER,15.62,20.78,CLEAR,10.9,0.2252,0
42.5,22.1,16.4,1,11.4,FREIGHT,39.29,16.17,CLEAR,34.8,0.9055,1
96.5,3.0,1.9,1,7.4,EXPRESS,21.98,13.28,CLEAR,10.2,0.4076,0
104.8,5.3,0.2,1,21.4,EXPRESS,28.21,17.4,CLEAR,9.4,0.3836,0
106.7,0.4,0.2,0,28.5,EXPRESS,26.7,18.14,STORM,7.1,0.2463,0
154.2,12.1,6.4,0,4.1,EXPRESS,8.86,4.66,RAIN,16.0,0.1507,1
63.9,6.9,3.6,0,8.4,PASSENGER,33.92,3.81,CLEAR,11.6,0.203,0
81.4,7.8,6.9,1,8.3,PASSENGER,5.32,23.2,CLEAR,17.4,0.7047,1
127.3,12.1,5.4,1,16.0,EXPRESS,36.9,4.46,CLEAR,17.1,0.534,1
152.9,13.3,10.7,1,14.4,EXPRESS,9.03,11.15,CLEAR,13.6,0.7392,1
159.8,18.6,9.8,0,22.2,EXPRESS,38.21,23.59,CLEAR,16.2,0.2712,0
63.9,8.4,7.0,1,22.4,FREIGHT,32.02,10.01,CLEAR,19.8,0.5967,1
73.7,5.1,2.9,0,17.8,FREIGHT,7.25,12.36,CLEAR,11.2,0.1439,0
145.1,4.5,1.7,1,18.3,EXPRESS,6.84,19.16,RAIN,8.4,0.5639,0
157.4,3.2,3.2,0,25.5,EXPRESS,3.84,8.17,FOG,5.6,0.1598,0
61.8,10.2,3.1,0,12.8,FREIGHT,10.27,10.34,CLEAR,15.7,0.102,0
33.6,6.7,4.2,1,1.9,FREIGHT,26.53,7.97,RAIN,23.7,0.7972,1
80.1,3.7,0.9,1,7.6,PASSENGER,21.05,6.9,CLEAR,14.1,0.6295,1
135.3,13.3,4.8,1,2.5,EXPRESS,24.73,11.32,RAIN,23.9,0.7302,1
114.6,17.4,2.7,0,12.7,EXPRESS,1.73,17.9,CLEAR,18.4,0.3007,0
73.7,4.1,4.4,1,11.7,PASSENGER,3.66,20.81,CLEAR,13.2,0.6384,0
130.4,5.3,1.2,1,4.3,EXPRESS,27.83,11.28,CLEAR,9.5,0.5297,0
155.3,5.7,2.6,0,23.0,EXPRESS,33.99,7.7,CLEAR,4.0,0.0517,0
61.7,3.0,1.1,0,17.3,PASSENGER,14.7,21.88,FOG,11.3,0.1345,0
143.8,23.4,9.4,1,7.9,EXPRESS,7.08,8.06,CLEAR,27.8,0.804,1
96.1,9.4,3.0,0,23.1,PASSENGER,12.68,18.6,CLEAR,9.0,0.1001,0
157.5,4.4,1.1,0,20.5,EXPRESS,16.78,17.97,CLEAR,3.5,0.0899,0
155.1,1.6,0.2,1,7.0,EXPRESS,25.39,1.19,RAIN,3.1,0.71,0
98.1,8.1,5.1,0,29.5,PASSENGER,16.67,4.26,RAIN,11.1,0.1209,0
126.4,3.4,1.1,1,6.6,EXPRESS,35.93,13.75,STORM,15.2,0.5162,0
39.2,21.6,20.5,0,23.5,FREIGHT,16.35,20.82,RAIN,30.6,0.5242,1
87.3,4.4,3.4,0,29.1,PASSENGER,7.66,14.26,CLEAR,8.3,0.1545,0
143.6,1.9,1.5,0,22.2,EXPRESS,10.31,17.83,CLEAR,3.2,0.1164,0
104.8,5.6,4.8,0,20.5,PASSENGER,18.87,17.63,CLEAR,6.3,0.1149,0
145.3,5.5,1.4,1,27.2,EXPRESS,31.41,11.86,FOG,8.0,0.4695,0
38.8,9.9,7.7,1,9.2,FREIGHT,34.84,13.46,RAIN,21.2,0.7478,1
132.0,5.7,1.7,1,9.4,EXPRESS,7.82,1.71,RAIN,11.1,0.5391,0
76.6,16.6,20.0,1,19.8,PASSENGER,0.64,22.27,CLEAR,29.1,0.981,1
90.6,5.4,4.2,0,26.6,EXPRESS,34.84,16.18,CLEAR,7.5,0.1319,0
70.0,12.9,8.4,0,19.1,PASSENGER,9.51,3.71,RAIN,23.0,0.1419,1
35.1,4.7,0.3,0,29.3,FREIGHT,32.96,5.86,RAIN,10.1,0.1293,0
67.9,5.9,1.9,1,7.9,FREIGHT,22.25,0.11,RAIN,13.3,0.6746,0
108.1,6.9,6.0,0,25.0,EXPRESS,16.46,6.34,CLEAR,8.9,0.0757,0
109.9,4.6,4.8,0,27.9,EXPRESS,6.3,7.6,CLEAR,4.9,0.121,0
73.2,4.5,1.0,0,13.7,FREIGHT,27.05,16.4,RAIN,8.5,0.0659,0
47.1,4.4,2.0,0,28.9,FREIGHT,32.82,11.44,CLEAR,10.4,0.1006,0
90.7,2.6,1.4,1,7.3,EXPRESS,18.71,20.23,RAIN,9.7,0.5434,0
74.2,6.3,4.3,0,28.7,PASSENGER,18.13,2.08,CLEAR,11.3,0.079,0
98.4,1.8,1.9,0,27.2,EXPRESS,30.33,16.97,CLEAR,4.4,0.0789,0
34.6,3.1,1.7,1,3.4,FREIGHT,20.25,21.0,CLEAR,16.2,0.7432,0
95.4,2.7,1.0,0,16.4,EXPRESS,31.53,10.11,RAIN,7.0,0.0695,1
131.5,4.2,2.4,0,16.6,EXPRESS,2.64,6.93,CLEAR,7.5,0.2067,0
69.5,3.7,1.0,1,3.1,PASSENGER,34.38,10.69,RAIN,15.7,0.7316,1
115.3,20.0,14.8,1,2.6,EXPRESS,10.85,18.93,CLEAR,27.1,0.8516,1
103.1,8.5,0.8,1,1.6,PASSENGER,7.18,22.06,CLEAR,19.3,0.6756,1
81.2,14.9,11.0,1,16.4,PASSENGER,1.78,1.57,RAIN,23.2,0.86,1
154.1,4.5,2.5,0,14.7,EXPRESS,33.45,12.68,FOG,6.2,0.1211,0
124.9,2.0,2.1,0,28.3,EXPRESS,2.87,15.35,RAIN,5.2,0.1114,0
79.9,4.1,1.2,1,11.3,PASSENGER,38.2,0.42,CLEAR,15.1,0.4785,1
142.5,8.0,4.5,0,20.3,EXPRESS,22.81,4.35,CLEAR,5.7,0.0785,0
63.7,7.9,5.2,1,1.7,PASSENGER,28.1,1.5,CLEAR,18.7,0.7895,1
34.0,9.4,2.8,1,20.4,FREIGHT,29.15,6.97,CLEAR,19.9,0.6454,1
92.6,4.7,0.3,0,27.5,PASSENGER,12.06,4.93,CLEAR,7.0,0.0936,0
124.1,19.5,11.3,0,11.6,EXPRESS,32.36,11.68,FOG,21.1,0.3108,0
145.3,16.2,17.7,1,10.5,EXPRESS,37.88,15.73,CLEAR,21.0,0.6905,0
154.1,4.1,2.5,1,19.3,EXPRESS,15.11,20.21,RAIN,11.2,0.6364,1
117.2,6.3,4.3,0,10.9,EXPRESS,33.5,7.3,CLEAR,6.2,0.1615,0
89.8,5.5,2.7,1,13.0,PASSENGER,31.0,1.21,RAIN,12.8,0.5833,1
85.0,3.7,1.7,0,9.3,PASSENGER,23.79,0.09,RAIN,10.7,0.1354,0
158.7,4.8,0.4,1,11.3,EXPRESS,15.02,20.27,CLEAR,3.9,0.4226,0
148.2,3.5,2.7,0,20.9,EXPRESS,16.9,21.08,RAIN,3.3,0.1059,0
153.8,8.8,7.7,0,27.8,EXPRESS,12.65,2.42,RAIN,7.1,0.1619,0
72.7,1.2,0.1,1,18.1,PASSENGER,17.34,0.24,RAIN,8.1,0.5458,0
144.1,3.4,3.9,1,1.8,EXPRESS,39.59,19.21,CLEAR,10.3,0.7446,1
73.3,12.1,9.6,0,9.0,PASSENGER,14.85,15.38,RAIN,17.2,0.2516,1
104.6,1.8,1.1,0,28.6,EXPRESS,26.79,13.35,CLEAR,4.3,0.0811,0
72.5,1.1,0.9,0,27.4,FREIGHT,13.12,12.8,CLEAR,5.7,0.131,0
30.9,11.9,6.7,1,4.8,FREIGHT,18.93,18.57,CLEAR,25.3,0.8061,1
157.6,3.1,1.3,0,27.4,EXPRESS,3.81,7.04,CLEAR,0.0,0.0963,0
100.4,1.2,1.0,0,29.0,EXPRESS,30.65,9.34,CLEAR,2.0,0.0852,1
101.0,3.9,2.1,1,10.8,PASSENGER,26.61,1.87,CLEAR,11.1,0.5434,1
109.3,8.8,2.2,0,21.5,EXPRESS,14.23,13.59,CLEAR,7.5,0.1011,0
77.5,10.4,9.3,1,17.5,PASSENGER,21.23,23.06,CLEAR,19.1,0.5971,0
39.8,16.6,4.3,0,11.1,FREIGHT,34.95,6.81,CLEAR,22.9,0.2503,0
89.3,5.0,2.3,1,5.9,PASSENGER,2.26,22.3,CLEAR,14.7,0.8283,1
45.7,12.6,3.4,1,12.0,FREIGHT,37.24,17.5,FOG,24.6,0.707,1
136.0,11.9,13.9,0,27.9,EXPRESS,19.1,5.61,CLEAR,11.2,0.1026,0
91.1,1.6,0.5,0,24.6,EXPRESS,34.46,15.91,RAIN,6.1,0.0524,0
63.2,4.7,1.0,1,10.9,PASSENGER,34.53,8.79,CLEAR,12.7,0.415,0
97.0,31.1,14.8,1,17.1,EXPRESS,2.82,2.94,RAIN,35.0,0.8903,1
80.9,16.4,14.2,1,13.1,PASSENGER,31.37,2.23,CLEAR,25.9,0.6842,0
147.0,3.3,0.9,1,14.8,EXPRESS,29.45,0.41,CLEAR,5.5,0.3827,0
152.2,0.9,0.7,0,23.2,EXPRESS,2.21,19.15,STORM,5.3,0.2679,1
41.0,3.1,2.5,1,17.0,FREIGHT,37.65,21.24,FOG,16.4,0.7314,1
130.2,0.4,0.2,1,6.7,EXPRESS,25.56,11.58,CLEAR,5.6,0.519,1
64.6,5.6,4.8,1,9.2,FREIGHT,7.12,12.48,RAIN,13.6,0.6194,0
43.0,1.2,0.4,0,17.7,FREIGHT,5.36,16.6,RAIN,10.5,0.1398,0
80.5,1.8,0.3,1,21.2,PASSENGER,22.7,16.82,CLEAR,8.6,0.6558,0
86.2,8.2,3.0,0,16.0,PASSENGER,2.82,7.78,STORM,16.1,0.2229,0
66.7,10.8,14.2,0,19.2,PASSENGER,6.99,3.82,CLEAR,16.5,0.2908,0
31.2,3.9,2.5,0,24.0,FREIGHT,37.96,10.33,FOG,13.6,0.1476,0
100.7,3.2,2.0,1,17.0,EXPRESS,29.92,16.73,RAIN,11.4,0.5597,1
91.3,34.6,27.9,0,29.3,PASSENGER,24.73,19.3,CLEAR,37.6,0.5918,1
63.7,4.7,3.4,1,8.2,PASSENGER,8.75,2.14,RAIN,16.8,0.6656,1
69.5,3.5,2.1,0,27.7,PASSENGER,9.13,14.12,RAIN,6.8,0.1747,0
76.9,11.3,2.2,1,8.6,PASSENGER,18.11,1.3,RAIN,22.1,0.8615,1
95.5,2.7,1.0,0,16.7,EXPRESS,30.29,19.79,FOG,7.8,0.0716,0
69.6,3.5,3.2,1,14.5,PASSENGER,0.66,16.0,CLEAR,13.5,0.9387,1
71.0,3.7,2.6,0,12.1,FREIGHT,2.25,16.72,CLEAR,8.1,0.3066,1
91.4,2.2,1.4,0,28.9,EXPRESS,34.87,18.28,FOG,5.6,0.0653,0
59.4,1.6,0.8,1,9.3,FREIGHT,32.66,11.9,RAIN,18.5,0.5742,0
79.2,3.2,1.7,0,20.7,PASSENGER,27.94,7.17,CLEAR,7.0,0.085,0
60.3,3.8,3.2,0,24.4,FREIGHT,20.23,18.86,RAIN,7.4,0.1505,0
89.4,4.2,0.3,1,7.1,PASSENGER,6.23,18.66,FOG,14.7,0.6856,0
71.2,5.7,0.8,0,29.2,PASSENGER,4.54,3.24,RAIN,10.0,0.2127,0
149.3,18.4,13.3,0,17.1,EXPRESS,36.26,21.67,CLEAR,16.2,0.1524,0
52.1,6.6,3.5,0,27.6,FREIGHT,15.61,5.31,CLEAR,8.8,0.2503,0
147.6,1.7,0.3,0,20.4,EXPRESS,27.98,7.36,STORM,5.3,0.1205,0
48.3,6.8,5.3,0,20.0,FREIGHT,18.52,5.18,RAIN,12.8,0.265,1
74.3,1.9,0.3,0,11.3,FREIGHT,29.37,23.17,CLEAR,9.1,0.1042,0
143.9,7.4,6.0,0,23.5,EXPRESS,8.14,7.19,FOG,8.8,0.2378,0
157.6,7.3,6.2,1,2.3,EXPRESS,19.64,23.31,CLEAR,13.9,0.6977,1
85.7,8.1,4.7,1,17.3,PASSENGER,15.39,15.31,CLEAR,17.4,0.6711,1
123.2,8.6,5.9,1,2.4,EXPRESS,10.18,4.24,CLEAR,17.1,0.6653,0
64.0,6.3,0.4,1,10.2,FREIGHT,24.11,13.29,STORM,21.2,0.7591,0
151.6,7.6,5.8,1,4.2,EXPRESS,21.71,21.17,CLEAR,13.9,0.552,0
157.5,0.7,0.7,0,27.5,EXPRESS,20.08,13.48,CLEAR,0.0,0.0608,0
44.6,2.5,1.9,0,19.4,FREIGHT,23.85,3.18,CLEAR,10.5,0.0817,0
99.9,17.0,12.9,0,20.6,PASSENGER,6.13,6.89,RAIN,19.8,0.2432,0
39.5,7.9,3.1,0,25.8,FREIGHT,15.14,5.4,CLEAR,14.3,0.1503,0
128.2,24.9,15.4,0,22.4,EXPRESS,13.32,3.02,CLEAR,21.6,0.337,1
69.0,2.6,0.4,1,5.0,PASSENGER,30.88,7.85,RAIN,11.6,0.6154,1
77.4,4.9,2.9,0,19.1,PASSENGER,1.91,15.87,CLEAR,8.5,0.2225,0
106.6,1.4,0.3,0,29.4,PASSENGER,11.64,9.18,RAIN,6.3,0.1086,0
67.3,11.2,4.5,1,7.6,PASSENGER,36.77,10.65,STORM,25.5,0.7918,1
91.6,5.6,0.4,1,19.2,PASSENGER,12.36,7.7,STORM,21.0,0.6184,0
89.6,2.3,0.9,0,17.6,PASSENGER,6.5,23.87,CLEAR,5.9,0.0951,1
98.5,2.2,1.3,0,12.7,EXPRESS,30.42,14.07,CLEAR,4.3,0.0744,0
76.3,10.2,6.2,0,28.7,PASSENGER,2.39,20.01,CLEAR,16.7,0.4321,1
129.4,0.9,0.8,1,11.7,EXPRESS,17.34,10.59,RAIN,9.6,0.4126,1
69.4,16.5,8.4,1,4.2,PASSENGER,34.29,4.05,CLEAR,23.7,0.8292,1
146.0,2.3,0.6,0,28.9,EXPRESS,38.19,20.32,CLEAR,0.3,0.0514,0
108.6,2.0,0.2,0,22.3,PASSENGER,10.34,18.32,RAIN,5.6,0.0841,0
70.7,6.1,2.3,0,11.3,PASSENGER,12.2,7.92,FOG,14.9,0.1979,0
103.1,18.7,17.5,0,9.5,EXPRESS,22.91,14.55,CLEAR,23.0,0.3148,0
121.8,1.5,0.5,0,27.9,EXPRESS,9.45,2.24,CLEAR,1.3,0.0897,0
142.3,9.2,0.5,1,9.3,EXPRESS,6.45,0.63,FOG,14.0,0.7259,0
74.1,18.5,6.3,0,16.8,PASSENGER,17.33,19.58,CLEAR,21.0,0.2531,0
30.9,3.6,1.7,1,7.6,FREIGHT,3.35,22.61,CLEAR,14.8,0.8123,0
127.9,8.2,5.7,0,29.9,EXPRESS,35.82,8.26,RAIN,6.6,0.0996,0
107.8,3.3,1.0,1,23.4,PASSENGER,13.7,14.34,CLEAR,9.9,0.4324,1
117.4,4.4,2.8,0,17.7,EXPRESS,13.78,17.21,RAIN,7.7,0.1094,1
81.0,10.5,1.4,0,22.8,PASSENGER,31.76,17.91,STORM,21.8,0.2623,0
73.6,3.5,2.7,0,27.6,FREIGHT,13.99,11.55,RAIN,7.9,0.1427,0
138.6,8.4,6.6,0,28.9,EXPRESS,30.56,14.72,CLEAR,8.0,0.1091,0
96.0,13.3,6.5,0,23.9,PASSENGER,7.66,15.77,RAIN,15.9,0.2136,0
129.4,4.9,3.3,0,25.7,EXPRESS,21.4,2.48,CLEAR,4.2,0.0619,0
158.2,18.2,11.9,1,12.8,EXPRESS,30.86,15.48,CLEAR,18.8,0.6674,1
138.2,2.3,1.4,1,12.7,EXPRESS,18.27,12.26,RAIN,7.6,0.4358,0
152.7,10.8,1.2,0,24.5,EXPRESS,3.34,9.08,CLEAR,10.0,0.2245,0
95.0,9.0,4.3,0,23.1,PASSENGER,29.61,6.28,CLEAR,10.1,0.1227,1
96.8,12.2,4.4,0,27.2,PASSENGER,20.02,15.31,CLEAR,14.3,0.1937,0
74.5,9.3,0.2,1,5.3,PASSENGER,13.0,4.0,CLEAR,16.6,0.8015,1
111.2,5.3,4.2,0,21.2,EXPRESS,39.72,19.46,CLEAR,3.6,0.119,0
144.8,3.3,2.1,0,20.0,EXPRESS,35.1,4.12,CLEAR,1.4,0.0552,0
74.8,10.8,6.2,0,24.3,PASSENGER,1.99,18.52,RAIN,19.8,0.3331,0
55.3,14.2,7.4,1,2.2,FREIGHT,23.95,19.62,RAIN,26.8,0.7622,1
107.5,4.6,3.6,0,25.0,EXPRESS,14.51,22.55,CLEAR,4.1,0.1662,0
66.8,7.4,0.0,1,10.8,FREIGHT,1.98,11.12,CLEAR,14.2,0.8852,1
65.5,6.2,4.6,1,21.1,PASSENGER,0.95,1.53,FOG,22.1,0.8837,1
101.5,12.4,6.2,1,19.1,PASSENGER,23.56,16.26,FOG,23.5,0.6445,0
90.1,3.7,1.3,1,14.0,PASSENGER,13.15,6.78,CLEAR,12.3,0.4511,1
103.1,5.5,2.8,0,22.8,EXPRESS,28.28,2.23,RAIN,11.2,0.0811,0
127.9,12.8,15.2,0,28.9,EXPRESS,18.45,20.54,CLEAR,15.4,0.1099,0
74.1,2.0,1.6,0,10.7,PASSENGER,30.78,3.35,CLEAR,6.4,0.1229,0
112.6,2.4,1.1,0,22.8,EXPRESS,32.62,12.15,CLEAR,2.4,0.052,0
45.8,3.1,1.1,1,10.5,FREIGHT,26.46,18.92,CLEAR,16.3,0.5586,1
63.2,5.2,3.7,0,25.6,PASSENGER,17.01,4.78,CLEAR,10.3,0.0911,0
159.0,15.1,13.5,0,14.0,EXPRESS,39.54,21.52,CLEAR,11.3,0.1035,1
61.6,6.5,4.2,1,14.3,PASSENGER,12.61,7.96,CLEAR,17.3,0.5435,1
136.4,2.8,1.6,0,23.5,EXPRESS,20.83,9.51,CLEAR,1.2,0.0473,0
78.6,12.2,4.6,0,15.6,PASSENGER,21.06,3.16,RAIN,18.9,0.173,0
92.3,8.1,4.4,1,9.1,PASSENGER,17.42,15.47,RAIN,15.1,0.6694,1
46.0,4.3,4.1,0,29.9,FREIGHT,5.3,11.89,CLEAR,11.9,0.201,0
93.7,5.9,0.8,0,19.2,PASSENGER,14.48,23.38,CLEAR,8.1,0.1098,0
96.5,18.1,4.5,0,19.9,PASSENGER,9.0,16.76,CLEAR,19.0,0.2423,1
94.5,11.6,2.5,1,19.9,PASSENGER,36.04,18.22,RAIN,19.4,0.5147,0
35.1,5.5,0.1,0,26.7,FREIGHT,26.39,4.78,CLEAR,11.5,0.1247,0
136.0,6.2,3.5,1,6.7,EXPRESS,11.87,17.11,CLEAR,11.6,0.5382,0
109.6,20.5,20.4,1,3.2,EXPRESS,22.85,13.38,RAIN,31.6,0.8034,1
92.0,5.2,1.9,1,12.5,EXPRESS,34.2,9.69,CLEAR,12.5,0.4247,0
119.0,17.9,15.2,0,17.6,EXPRESS,37.41,18.78,CLEAR,21.3,0.1526,1
81.7,1.4,0.5,1,9.6,PASSENGER,3.46,23.49,CLEAR,7.2,0.6046,0
83.4,8.4,5.9,0,21.1,PASSENGER,31.58,2.27,CLEAR,12.9,0.1453,1
95.2,2.0,0.5,1,3.6,PASSENGER,38.67,18.93,CLEAR,11.2,0.5068,1
111.6,4.3,1.4,0,24.0,EXPRESS,18.96,22.07,CLEAR,6.0,0.0627,0
75.8,4.7,3.8,0,22.0,PASSENGER,39.82,7.56,CLEAR,9.9,0.1028,0
94.2,5.8,4.0,1,7.6,EXPRESS,38.3,8.71,CLEAR,14.8,0.5063,0
94.3,12.0,6.7,0,10.0,PASSENGER,26.45,19.07,CLEAR,13.8,0.1286,0
88.4,4.4,4.3,0,24.5,PASSENGER,33.98,22.89,CLEAR,6.2,0.1525,0
114.5,13.4,4.1,1,23.5,EXPRESS,12.21,22.53,CLEAR,18.5,0.6914,0
139.4,10.9,11.0,0,24.7,EXPRESS,36.74,1.34,CLEAR,13.3,0.1379,0
127.6,2.9,2.7,1,10.7,EXPRESS,23.88,20.91,CLEAR,7.4,0.42,1
51.1,1.4,1.1,0,29.1,FREIGHT,20.63,14.07,CLEAR,5.2,0.0846,0
53.0,2.1,0.8,1,21.9,FREIGHT,33.51,10.11,CLEAR,13.8,0.4175,0
91.8,2.5,2.3,1,3.4,PASSENGER,35.64,20.29,RAIN,11.7,0.5511,1
136.2,12.6,5.6,0,15.1,EXPRESS,28.2,19.21,CLEAR,11.8,0.1293,0
74.4,4.3,0.2,0,20.4,PASSENGER,1.49,12.22,RAIN,7.3,0.1551,0
67.0,7.2,0.6,1,6.3,PASSENGER,24.09,9.86,CLEAR,15.9,0.7048,1
67.8,3.1,0.5,0,27.2,PASSENGER,32.96,11.34,RAIN,8.7,0.1138,1
134.8,6.1,4.0,0,23.0,EXPRESS,22.04,7.64,CLEAR,4.6,0.071,0
151.1,2.0,1.3,1,3.8,EXPRESS,37.43,16.33,CLEAR,6.8,0.6331,0
80.5,3.6,0.8,0,27.5,PASSENGER,35.94,21.41,CLEAR,7.4,0.1028,1
101.9,6.1,4.0,0,13.0,EXPRESS,21.42,6.01,CLEAR,7.2,0.1378,0
143.0,7.2,6.4,1,14.4,EXPRESS,16.45,19.81,CLEAR,9.6,0.5065,1
148.3,10.1,1.8,0,23.8,EXPRESS,2.68,8.66,CLEAR,9.6,0.2278,0
104.0,7.2,3.9,0,19.9,PASSENGER,25.49,3.16,CLEAR,8.2,0.0614,0
57.3,6.0,0.5,1,14.0,FREIGHT,11.01,0.97,CLEAR,16.0,0.6071,1
68.7,12.3,12.3,1,8.9,FREIGHT,26.9,11.5,RAIN,21.3,0.7084,1
60.8,2.9,1.8,1,16.2,PASSENGER,32.05,13.64,RAIN,17.8,0.6186,1
65.4,37.9,27.0,0,18.0,PASSENGER,16.64,0.14,CLEAR,43.4,0.5501,0
96.5,22.0,17.3,0,19.5,EXPRESS,1.12,15.66,FOG,23.5,0.6863,1
95.6,9.9,6.8,0,18.7,PASSENGER,34.68,12.44,FOG,13.2,0.237,0
94.9,1.6,0.1,0,19.1,EXPRESS,22.19,23.94,CLEAR,2.5,0.1097,0
84.8,3.2,3.5,0,15.1,PASSENGER,12.93,2.51,CLEAR,10.3,0.1335,0
123.1,1.9,0.4,1,17.5,EXPRESS,25.53,16.92,RAIN,13.1,0.4899,1
111.7,9.7,10.1,1,9.7,EXPRESS,27.14,5.21,RAIN,19.0,0.7012,1
150.9,7.3,7.0,1,6.0,EXPRESS,6.32,4.95,CLEAR,13.4,0.6303,0
101.9,23.5,16.1,1,18.8,EXPRESS,26.03,0.45,CLEAR,32.2,0.7205,0
114.7,6.2,4.2,1,2.8,EXPRESS,11.82,0.16,RAIN,13.4,0.7322,1
144.2,3.8,3.3,0,3.4,EXPRESS,32.24,4.48,CLEAR,4.4,0.0739,0
31.4,5.3,3.3,0,8.5,FREIGHT,37.69,4.21,RAIN,14.7,0.2883,0
93.6,6.0,2.2,1,7.0,PASSENGER,4.56,0.01,CLEAR,16.2,0.6468,1
100.8,3.3,2.8,0,12.2,PASSENGER,36.74,17.21,RAIN,11.4,0.0975,0
72.0,6.0,4.5,0,12.1,FREIGHT,36.19,12.09,RAIN,16.6,0.1016,0
69.4,14.0,12.2,1,4.8,FREIGHT,14.04,9.51,FOG,28.8,0.8831,0
76.0,11.3,4.1,0,8.5,PASSENGER,1.64,2.49,CLEAR,15.8,0.4471,1
56.4,9.8,8.8,0,1.6,FREIGHT,26.7,8.01,CLEAR,19.1,0.3866,1
95.4,7.1,8.9,0,11.5,EXPRESS,14.12,11.29,CLEAR,10.7,0.1672,0
108.1,4.9,3.3,0,24.2,EXPRESS,8.07,23.95,CLEAR,8.3,0.114,0
64.7,4.3,1.9,1,9.1,PASSENGER,4.79,12.25,CLEAR,15.9,0.7087,0
75.8,5.0,4.6,0,19.8,PASSENGER,8.24,0.47,RAIN,11.8,0.1331,0
103.8,9.6,2.7,0,4.3,PASSENGER,9.88,4.99,CLEAR,10.4,0.184,0
114.3,0.6,0.4,1,1.9,EXPRESS,31.94,8.51,CLEAR,13.6,0.6645,0
129.3,2.2,2.1,0,15.7,EXPRESS,31.46,10.94,FOG,6.1,0.0654,0
81.7,29.0,23.1,1,14.7,PASSENGER,20.03,16.18,CLEAR,37.9,0.8069,1
122.1,3.7,0.2,1,7.0,EXPRESS,22.36,14.17,CLEAR,10.6,0.6442,1
108.5,8.8,5.4,0,9.7,PASSENGER,36.75,12.22,RAIN,10.7,0.1097,0
74.8,6.9,8.3,1,2.4,PASSENGER,36.37,20.11,CLEAR,17.6,0.8233,1
91.4,11.1,4.7,0,24.2,PASSENGER,33.23,4.71,CLEAR,12.3,0.114,0
81.0,4.8,3.8,0,10.1,PASSENGER,15.28,1.87,CLEAR,6.9,0.0849,0
32.8,7.9,5.5,0,7.8,FREIGHT,14.98,20.12,FOG,19.2,0.3835,1
84.5,2.5,2.5,0,24.4,PASSENGER,35.57,11.09,RAIN,3.3,0.1155,1
100.7,8.2,0.4,1,2.6,PASSENGER,37.1,13.28,CLEAR,15.4,0.7144,1
64.9,15.8,14.8,0,9.6,PASSENGER,32.04,20.1,RAIN,19.4,0.2037,1
94.9,7.0,2.5,0,9.0,EXPRESS,30.41,22.7,CLEAR,9.0,0.132,0
100.8,4.8,4.9,0,9.0,EXPRESS,22.55,13.25,CLEAR,7.2,0.0418,0
143.5,6.5,3.4,1,1.8,EXPRESS,13.86,19.49,STORM,21.0,0.8427,1
96.2,2.8,0.3,0,28.1,PASSENGER,10.0,13.07,CLEAR,5.3,0.067,0
88.3,12.1,13.7,0,26.1,PASSENGER,6.04,0.8,RAIN,15.9,0.3533,0
51.1,7.4,7.1,0,13.3,FREIGHT,29.26,22.94,FOG,16.2,0.2632,0
152.2,6.5,0.7,0,14.2,EXPRESS,31.19,19.63,CLEAR,6.6,0.0924,1
143.7,21.8,18.0,0,16.4,EXPRESS,14.67,18.08,STORM,24.1,0.4927,0
66.5,8.5,6.0,0,15.1,FREIGHT,0.74,10.6,CLEAR,17.6,0.7658,0
146.9,5.1,2.9,0,23.7,EXPRESS,37.57,22.62,STORM,9.5,0.1331,0
92.1,6.9,4.3,1,15.4,PASSENGER,17.77,11.76,CLEAR,11.5,0.5737,1
82.9,1.2,0.5,1,6.9,PASSENGER,39.0,17.3,CLEAR,7.9,0.3725,1
103.2,5.0,3.7,1,4.8,PASSENGER,27.26,2.41,FOG,17.4,0.5778,0
154.8,2.9,0.3,1,27.7,EXPRESS,5.4,5.25,CLEAR,6.1,0.4108,0
91.7,14.2,3.5,1,2.9,EXPRESS,13.41,10.18,CLEAR,23.3,0.7619,1
93.6,14.3,3.6,0,27.1,EXPRESS,26.45,13.95,CLEAR,15.6,0.1591,0
107.9,7.6,9.3,0,21.2,PASSENGER,26.15,19.33,STORM,15.0,0.1613,0
73.9,7.5,5.8,1,13.0,PASSENGER,9.66,5.78,CLEAR,14.9,0.6425,1
151.1,4.3,1.3,1,6.8,EXPRESS,7.49,18.58,FOG,11.1,0.7058,1
79.4,12.9,9.9,1,10.3,PASSENGER,11.43,21.36,STORM,30.4,0.8159,1
35.4,8.6,3.8,1,16.6,FREIGHT,31.58,19.64,CLEAR,19.9,0.739,0
95.6,5.8,4.2,0,20.2,EXPRESS,10.05,14.94,RAIN,10.2,0.0771,0
67.8,2.7,0.8,0,21.2,PASSENGER,28.22,19.44,CLEAR,9.1,0.0538,0
72.5,13.5,8.8,0,14.2,PASSENGER,34.86,21.06,RAIN,18.2,0.2396,0
124.2,12.8,12.0,1,12.2,EXPRESS,15.97,13.32,CLEAR,19.1,0.6794,1
139.1,10.8,6.7,0,23.4,EXPRESS,0.78,19.44,CLEAR,11.0,0.5324,1
109.3,16.8,12.7,0,27.9,PASSENGER,6.11,10.11,FOG,19.6,0.3183,1
49.9,6.7,1.6,0,27.6,FREIGHT,12.82,12.54,RAIN,10.9,0.1094,0
53.3,7.4,8.9,0,17.2,FREIGHT,8.0,1.26,CLEAR,13.5,0.1133,0
86.1,4.6,3.0,1,3.8,PASSENGER,11.94,21.2,CLEAR,15.8,0.7045,1
87.0,9.8,0.8,1,3.6,PASSENGER,21.99,3.37,CLEAR,15.1,0.7398,0
126.2,8.4,5.0,0,13.0,EXPRESS,1.33,6.63,RAIN,10.4,0.3295,0
60.4,13.0,5.2,0,22.4,PASSENGER,3.04,7.62,RAIN,18.4,0.18,1
60.1,4.7,1.5,0,15.7,PASSENGER,34.3,2.78,CLEAR,9.3,0.1032,0
96.8,7.9,0.1,0,19.4,EXPRESS,21.13,22.12,CLEAR,9.7,0.0825,0
65.1,2.3,1.0,0,25.5,PASSENGER,37.45,23.28,RAIN,5.0,0.1288,0
95.2,2.7,2.3,1,2.6,PASSENGER,0.63,20.76,RAIN,16.3,0.9361,1
104.3,5.6,0.8,0,27.8,EXPRESS,0.51,8.31,CLEAR,4.7,0.6375,0
70.3,5.9,1.0,0,10.9,FREIGHT,29.71,1.33,CLEAR,10.8,0.1163,0
155.0,5.2,2.2,1,2.8,EXPRESS,19.31,4.39,CLEAR,11.0,0.7158,0
158.3,15.0,14.7,1,25.3,EXPRESS,36.6,18.53,CLEAR,20.4,0.6892,1
155.7,13.4,6.5,0,28.1,EXPRESS,31.57,6.86,RAIN,11.6,0.1294,0
73.6,2.1,1.7,0,23.4,PASSENGER,20.41,21.42,CLEAR,3.3,0.1001,0
85.5,15.6,13.6,0,24.4,PASSENGER,19.4,20.04,CLEAR,16.0,0.2061,1
102.3,4.9,4.7,0,26.3,EXPRESS,32.54,5.69,CLEAR,9.4,0.0566,0
100.3,2.6,2.7,1,16.4,PASSENGER,32.25,16.64,RAIN,9.8,0.5427,1
152.2,4.3,2.8,0,20.9,EXPRESS,11.44,10.62,RAIN,2.9,0.1026,0
102.6,7.4,2.4,1,9.7,PASSENGER,27.15,5.16,CLEAR,11.4,0.354,1
81.7,5.0,1.2,1,8.6,PASSENGER,25.91,14.16,CLEAR,12.4,0.401,0
97.9,13.8,2.2,0,18.9,PASSENGER,34.32,20.1,RAIN,19.4,0.1288,0
34.4,2.7,3.4,0,22.4,FREIGHT,34.81,22.24,CLEAR,10.3,0.1726,0
92.8,5.1,3.4,1,12.8,EXPRESS,11.1,1.41,CLEAR,10.8,0.4881,1
142.7,5.7,6.5,0,12.9,EXPRESS,35.25,10.05,FOG,10.2,0.1678,0
81.3,2.5,2.0,0,28.7,PASSENGER,37.02,14.51,RAIN,2.5,0.1203,0
74.8,8.0,5.7,1,16.3,FREIGHT,4.83,8.11,CLEAR,16.6,0.6577,0
96.8,4.5,3.9,0,29.6,EXPRESS,23.16,7.62,CLEAR,6.1,0.1177,0
149.9,19.2,14.7,0,26.1,EXPRESS,17.74,18.53,RAIN,18.2,0.2372,0
123.6,2.3,2.2,0,19.7,EXPRESS,16.38,18.78,CLEAR,0.0,0.0635,0
101.4,10.2,10.4,1,1.8,PASSENGER,28.34,17.49,FOG,23.8,0.8345,1
147.2,14.4,7.7,1,9.9,EXPRESS,5.62,21.56,CLEAR,16.3,0.6526,1
105.8,8.3,4.6,0,13.4,PASSENGER,32.89,11.87,CLEAR,7.9,0.1477,0
43.4,10.0,4.8,1,20.1,FREIGHT,1.55,18.91,RAIN,21.3,0.8999,0
107.5,5.3,0.4,0,12.8,PASSENGER,23.34,0.27,CLEAR,2.5,0.1498,0
100.6,14.3,13.5,0,25.1,EXPRESS,9.4,23.7,CLEAR,21.1,0.2043,1
64.1,4.3,0.5,0,20.4,PASSENGER,26.87,22.06,CLEAR,1.9,0.1121,0
120.2,7.3,3.7,1,11.4,EXPRESS,21.25,20.19,FOG,15.0,0.6363,1
67.3,2.0,1.8,0,23.9,FREIGHT,39.99,14.11,CLEAR,6.4,0.1027,0
83.7,8.4,2.5,1,10.1,PASSENGER,34.56,13.06,CLEAR,14.8,0.5973,1
148.1,5.9,4.2,1,3.3,EXPRESS,13.8,3.6,RAIN,11.8,0.6025,1
96.5,8.0,10.8,1,6.4,PASSENGER,21.38,1.3,RAIN,19.6,0.6877,0
70.5,5.3,2.8,0,1.6,PASSENGER,13.05,6.14,FOG,14.3,0.3514,0
107.4,23.3,19.8,0,25.2,PASSENGER,29.29,3.62,CLEAR,21.6,0.4668,0
94.3,5.8,4.0,0,19.4,EXPRESS,17.19,13.46,CLEAR,7.2,0.0616,0
70.4,1.7,0.8,0,17.8,FREIGHT,5.06,7.98,CLEAR,0.7,0.1577,0
43.7,2.7,0.9,1,20.4,FREIGHT,26.6,9.31,RAIN,13.3,0.6941,1
85.0,5.6,5.7,0,20.1,PASSENGER,0.94,0.63,CLEAR,8.1,0.359,1
49.0,11.2,0.2,0,17.6,FREIGHT,12.24,13.17,CLEAR,16.0,0.302,0
102.0,9.0,2.9,0,25.5,EXPRESS,36.33,15.75,CLEAR,12.6,0.1124,0
77.9,5.1,0.7,1,14.1,PASSENGER,4.22,8.03,RAIN,15.1,0.6411,0
69.6,3.0,2.6,0,24.4,PASSENGER,20.42,3.15,CLEAR,8.2,0.1003,0
70.2,5.6,6.2,1,23.9,PASSENGER,31.91,16.89,CLEAR,13.4,0.5568,1
69.4,4.2,2.8,1,7.2,PASSENGER,36.23,3.1,CLEAR,12.8,0.5727,1
124.2,2.7,0.8,1,14.4,EXPRESS,22.61,19.6,RAIN,7.6,0.3756,1
145.9,1.5,1.3,0,25.3,EXPRESS,6.55,13.1,RAIN,1.1,0.1173,0
129.8,4.9,2.1,0,25.2,EXPRESS,37.66,5.7,CLEAR,3.3,0.046,0
152.5,1.6,0.3,1,2.2,EXPRESS,30.1,21.57,CLEAR,7.7,0.5528,0
91.8,5.4,4.0,1,7.9,PASSENGER,16.13,3.4,FOG,17.6,0.6141,0
138.3,4.9,4.2,1,13.6,EXPRESS,11.44,14.43,RAIN,12.8,0.5569,1
136.7,1.5,0.3,1,2.8,EXPRESS,2.38,14.82,CLEAR,8.1,0.7438,1
82.5,7.2,2.3,1,8.9,PASSENGER,8.06,0.9,CLEAR,15.8,0.6353,0
94.5,4.1,2.4,1,8.9,PASSENGER,31.22,14.63,CLEAR,13.9,0.3897,0
33.1,6.6,1.8,0,7.6,FREIGHT,4.79,16.66,CLEAR,15.6,0.262,0
103.0,6.5,3.7,0,12.8,PASSENGER,5.61,21.84,RAIN,9.2,0.1276,0
144.4,7.5,1.9,0,24.7,EXPRESS,8.24,17.01,CLEAR,3.1,0.1216,0
41.0,2.6,2.4,0,8.5,FREIGHT,16.12,11.63,STORM,14.7,0.359,0
98.4,9.5,7.2,1,18.1,PASSENGER,7.97,20.48,CLEAR,14.6,0.6378,1
90.9,3.1,0.8,0,17.4,EXPRESS,36.22,8.49,CLEAR,5.9,0.1351,0
70.9,13.6,4.3,0,24.8,PASSENGER,10.68,20.53,CLEAR,17.7,0.1894,0
32.9,7.0,3.2,1,12.7,FREIGHT,36.82,20.26,CLEAR,18.0,0.6029,1
144.6,3.3,1.6,1,7.9,EXPRESS,39.41,14.49,FOG,9.1,0.5627,0
142.9,7.7,5.9,0,26.9,EXPRESS,30.31,8.27,FOG,4.0,0.0705,0
147.0,5.7,3.6,0,25.2,EXPRESS,0.79,14.19,CLEAR,2.7,0.4514,0
90.3,4.9,2.9,0,19.2,EXPRESS,9.98,21.74,RAIN,15.4,0.1856,0
85.1,9.5,5.0,1,4.2,PASSENGER,11.06,15.28,RAIN,22.2,0.6506,0
95.2,8.7,7.3,1,2.0,PASSENGER,21.94,20.16,CLEAR,22.0,0.8236,1
100.9,20.7,16.2,1,6.7,EXPRESS,6.76,8.27,CLEAR,29.2,0.7858,1
59.2,4.2,4.5,1,7.1,FREIGHT,3.55,7.02,CLEAR,17.0,0.7102,1
64.2,6.9,9.3,1,5.4,PASSENGER,7.47,6.14,CLEAR,17.7,0.6385,1
69.1,1.7,0.0,1,9.0,PASSENGER,13.43,11.79,CLEAR,9.4,0.5151,1
51.4,5.3,3.4,1,11.1,FREIGHT,2.44,10.37,CLEAR,19.0,0.9029,1
135.7,3.4,1.1,0,23.0,EXPRESS,8.22,20.5,CLEAR,0.1,0.076,0
67.3,4.1,0.4,0,21.7,PASSENGER,7.12,2.7,STORM,14.7,0.187,0
69.3,3.9,3.4,1,4.5,PASSENGER,31.01,13.3,CLEAR,18.1,0.5984,0
39.2,6.7,6.2,0,29.3,FREIGHT,7.2,9.68,RAIN,17.2,0.2116,0
71.9,8.2,2.4,0,22.9,PASSENGER,31.77,22.5,RAIN,12.7,0.1846,1
105.9,5.6,5.0,0,6.2,EXPRESS,20.57,18.92,RAIN,12.4,0.1207,0
47.8,5.4,3.0,1,5.0,FREIGHT,30.44,10.4,CLEAR,17.7,0.671,0
135.8,3.9,2.6,1,4.0,EXPRESS,18.29,15.37,FOG,12.0,0.6099,1
49.7,3.1,1.5,0,22.4,FREIGHT,36.09,17.89,CLEAR,10.5,0.1707,0
64.9,2.8,2.2,0,8.2,FREIGHT,11.42,1.71,STORM,12.1,0.2181,0
140.3,2.3,1.9,1,3.6,EXPRESS,30.79,16.17,CLEAR,4.8,0.5471,0
66.3,4.4,4.7,1,13.5,PASSENGER,6.96,3.35,CLEAR,13.7,0.6666,1
93.4,5.2,0.6,1,21.7,EXPRESS,35.36,4.53,RAIN,11.8,0.6261,0
103.9,1.3,0.4,1,10.2,PASSENGER,1.62,11.07,RAIN,6.5,0.8162,0
64.0,13.7,4.9,1,15.3,PASSENGER,18.57,23.51,RAIN,23.8,0.7569,1
67.4,8.9,3.6,0,7.0,PASSENGER,17.14,22.85,RAIN,14.2,0.2599,0
31.0,5.2,2.5,0,13.7,FREIGHT,25.14,21.65,CLEAR,10.8,0.1678,0
91.4,4.6,0.7,0,11.7,PASSENGER,17.92,0.82,CLEAR,7.1,0.1863,0
89.1,2.9,2.4,0,13.9,PASSENGER,23.76,20.47,RAIN,5.7,0.1367,1
74.4,9.3,7.0,0,14.8,FREIGHT,34.54,18.63,CLEAR,15.9,0.167,0
69.9,17.5,9.9,1,4.1,FREIGHT,6.11,11.97,CLEAR,31.1,0.8328,1
118.8,6.7,5.5,0,4.2,EXPRESS,10.14,7.81,CLEAR,10.4,0.1077,1
46.7,1.4,0.3,0,8.9,FREIGHT,32.21,18.13,RAIN,8.8,0.1316,0
110.8,6.6,5.0,1,4.8,EXPRESS,9.51,2.57,CLEAR,14.6,0.5652,1
36.9,3.6,1.2,1,8.7,FREIGHT,36.27,15.61,FOG,17.2,0.6438,1
99.7,2.5,1.7,1,2.2,EXPRESS,21.86,16.13,RAIN,15.1,0.6875,1
99.3,2.7,1.0,1,11.5,EXPRESS,3.73,13.29,CLEAR,10.9,0.7061,1
65.7,10.2,6.7,1,7.6,PASSENGER,1.32,21.07,FOG,24.7,0.915,1
72.0,5.1,4.7,0,26.9,PASSENGER,30.63,7.92,FOG,11.7,0.1047,1
111.5,8.4,4.3,0,26.0,EXPRESS,34.33,11.48,RAIN,12.0,0.0759,0
157.3,5.6,5.0,1,10.1,EXPRESS,9.97,18.21,CLEAR,9.2,0.4495,0
88.9,1.4,1.2,0,15.1,PASSENGER,10.01,17.2,RAIN,6.6,0.2042,0
74.4,4.2,2.6,0,28.7,FREIGHT,38.19,13.5,CLEAR,8.3,0.0775,0
116.1,9.4,4.5,0,16.4,EXPRESS,26.42,6.53,CLEAR,7.6,0.066,0
122.0,11.4,4.6,0,25.7,EXPRESS,7.12,7.06,CLEAR,11.7,0.1651,1
76.2,5.7,7.1,0,25.1,PASSENGER,18.22,17.79,CLEAR,9.6,0.0997,0
102.8,1.9,1.5,0,28.3,EXPRESS,36.46,0.14,CLEAR,1.1,0.0725,0
36.4,11.9,6.6,1,10.2,FREIGHT,25.04,15.67,RAIN,23.6,0.8112,1
72.5,5.8,2.6,1,2.7,FREIGHT,16.6,5.96,FOG,20.7,0.8263,0
109.3,6.2,5.0,1,4.5,PASSENGER,6.47,16.15,CLEAR,12.7,0.6601,1
93.1,4.7,2.7,0,17.8,EXPRESS,29.18,4.49,CLEAR,6.1,0.1048,0
67.5,17.2,13.4,0,16.6,PASSENGER,11.42,9.03,CLEAR,17.9,0.3592,1
81.2,1.2,0.9,0,10.0,PASSENGER,22.85,18.09,CLEAR,7.4,0.0699,0
38.4,5.4,5.1,1,8.6,FREIGHT,24.21,18.12,CLEAR,15.5,0.5488,1
78.2,4.2,3.9,0,21.7,PASSENGER,22.44,5.03,RAIN,9.8,0.1345,0
66.5,4.1,0.9,1,11.2,PASSENGER,10.24,9.03,CLEAR,12.4,0.4676,0
82.8,0.9,0.3,0,18.7,PASSENGER,28.48,12.06,CLEAR,4.9,0.0666,0
73.6,13.1,7.2,0,21.8,PASSENGER,22.86,14.1,RAIN,18.7,0.1875,0
45.8,4.7,0.8,1,13.8,FREIGHT,16.45,17.82,CLEAR,14.9,0.5958,1
64.7,3.4,0.9,1,7.0,PASSENGER,2.56,0.57,CLEAR,13.9,0.7069,0
81.4,18.8,17.3,0,26.0,PASSENGER,13.58,2.77,CLEAR,22.9,0.3404,0
158.8,19.9,5.7,1,4.2,EXPRESS,14.42,3.79,STORM,24.3,0.841,1
76.4,3.6,1.3,0,25.1,PASSENGER,31.75,4.58,CLEAR,9.6,0.0519,0
103.8,5.7,4.0,0,25.3,PASSENGER,20.78,0.73,FOG,13.4,0.1413,0
149.0,19.3,3.4,1,17.8,EXPRESS,37.32,22.09,CLEAR,18.1,0.6415,1
156.6,12.4,8.4,0,19.4,EXPRESS,30.15,3.89,CLEAR,6.7,0.1221,0
99.5,7.2,5.9,1,11.7,PASSENGER,21.75,1.77,STORM,22.3,0.6724,1
93.0,7.6,8.0,0,25.5,PASSENGER,7.17,11.32,RAIN,10.0,0.1476,0
102.8,1.6,1.1,1,9.0,PASSENGER,9.23,22.59,CLEAR,11.1,0.4303,0
95.3,13.3,4.6,0,17.5,EXPRESS,6.82,23.15,CLEAR,17.1,0.2751,0
83.1,5.8,0.2,1,1.6,PASSENGER,17.99,16.23,CLEAR,16.9,0.7835,0
159.2,1.4,0.3,0,28.3,EXPRESS,29.04,4.28,CLEAR,0.0,0.0783,1
98.5,8.5,5.6,0,28.5,PASSENGER,30.49,0.09,CLEAR,8.4,0.1054,1
157.3,4.4,0.1,0,21.7,EXPRESS,4.3,8.04,CLEAR,1.4,0.0868,0
144.6,5.6,3.9,0,13.6,EXPRESS,20.09,3.01,CLEAR,5.3,0.0359,0
151.2,10.0,8.3,1,6.6,EXPRESS,19.52,18.12,CLEAR,14.3,0.7087,1
139.5,3.2,2.2,0,15.5,EXPRESS,17.84,23.26,RAIN,4.9,0.1787,0
143.2,4.9,0.2,0,24.1,EXPRESS,12.4,2.01,CLEAR,4.9,0.055,0
126.6,5.2,5.6,0,18.8,EXPRESS,19.29,9.53,CLEAR,5.4,0.0523,0
106.2,11.8,11.9,0,16.5,PASSENGER,20.91,21.66,FOG,22.7,0.2551,1
101.3,7.1,5.7,0,25.7,PASSENGER,24.19,17.48,FOG,13.0,0.2408,0
149.1,3.2,3.9,1,10.4,EXPRESS,15.41,20.87,CLEAR,7.4,0.4183,1
60.3,1.2,1.2,0,26.0,FREIGHT,37.83,22.15,CLEAR,7.2,0.1567,0
111.3,3.3,0.1,0,14.0,EXPRESS,13.88,9.9,CLEAR,5.0,0.1031,1
61.8,5.5,5.3,1,1.6,PASSENGER,35.85,16.65,CLEAR,20.5,0.5952,0
155.5,4.3,1.2,0,22.4,EXPRESS,32.15,17.02,RAIN,5.1,0.1236,0
131.0,8.8,8.8,0,26.5,EXPRESS,18.88,15.14,STORM,9.2,0.1836,0
74.9,7.0,2.8,1,15.3,PASSENGER,20.1,7.82,RAIN,16.3,0.5754,1
67.5,5.0,3.4,0,14.5,PASSENGER,34.86,19.97,CLEAR,6.5,0.1015,0
67.3,6.8,6.3,0,24.5,FREIGHT,19.96,18.45,CLEAR,14.4,0.1315,0
101.8,6.1,6.8,0,26.7,PASSENGER,27.34,10.69,CLEAR,5.6,0.0802,0
66.7,5.2,4.6,0,29.3,FREIGHT,32.47,10.1,CLEAR,8.4,0.0744,0
135.2,12.3,12.5,1,11.4,EXPRESS,36.36,0.26,CLEAR,15.7,0.682,1
115.6,20.0,18.2,0,18.4,EXPRESS,9.12,20.24,CLEAR,19.1,0.2076,0
111.3,16.6,13.2,1,25.0,EXPRESS,39.03,6.82,CLEAR,21.7,0.5866,0
90.6,12.0,7.8,0,16.7,EXPRESS,38.63,11.3,STORM,16.0,0.133,0
101.7,7.3,5.5,1,14.7,PASSENGER,12.25,9.87,RAIN,18.5,0.6792,1
64.4,4.5,4.9,0,17.8,PASSENGER,24.74,16.28,CLEAR,10.6,0.2295,0
134.2,2.8,0.5,1,11.7,EXPRESS,2.35,9.36,FOG,8.1,0.6181,0
52.7,2.2,1.4,1,7.0,FREIGHT,7.13,4.31,CLEAR,14.5,0.5584,0
53.7,3.3,0.0,1,3.4,FREIGHT,23.56,20.85,CLEAR,15.8,0.6332,0
154.9,10.3,0.7,0,18.9,EXPRESS,26.18,4.41,CLEAR,4.7,0.1301,0
92.2,3.6,2.6,0,12.3,EXPRESS,21.62,0.68,STORM,13.5,0.1565,1
144.1,3.0,0.7,0,26.7,EXPRESS,28.34,4.71,FOG,3.7,0.1578,0
93.6,17.0,10.4,1,7.9,EXPRESS,31.82,10.92,CLEAR,26.6,0.6616,0
92.7,5.9,7.4,1,10.4,EXPRESS,7.15,10.16,CLEAR,13.1,0.6232,1
81.5,1.6,0.3,0,29.2,PASSENGER,26.55,19.11,STORM,7.6,0.1298,0
94.4,1.4,1.3,1,17.4,EXPRESS,22.72,4.68,CLEAR,10.5,0.297,1
145.2,9.7,7.7,1,11.4,EXPRESS,5.14,18.61,CLEAR,12.6,0.6539,1
53.8,9.8,7.3,0,26.0,FREIGHT,9.53,2.31,RAIN,16.9,0.2258,1
61.5,15.6,13.1,0,22.7,PASSENGER,17.08,11.37,RAIN,23.0,0.171,0
31.8,27.8,27.0,1,17.8,FREIGHT,34.62,20.77,CLEAR,39.2,0.8921,1
132.9,23.7,16.8,0,26.8,EXPRESS,9.07,9.91,STORM,27.8,0.589,1
146.4,2.0,2.4,1,4.2,EXPRESS,7.73,23.12,CLEAR,5.6,0.5094,1
81.9,10.5,1.3,1,12.7,PASSENGER,28.98,15.14,CLEAR,16.7,0.5812,0
128.8,7.6,6.4,0,24.6,EXPRESS,39.04,18.16,RAIN,11.4,0.1066,0
146.0,2.1,1.6,1,12.5,EXPRESS,18.17,12.24,CLEAR,3.7,0.3857,1
90.5,14.4,7.4,0,27.9,PASSENGER,14.33,10.31,FOG,17.8,0.1581,0
71.2,9.4,3.4,1,5.8,PASSENGER,10.53,2.03,RAIN,23.0,0.7296,1
90.7,10.7,7.1,1,11.1,PASSENGER,2.46,2.88,CLEAR,16.3,0.7272,1
91.4,1.7,1.5,1,13.6,PASSENGER,7.55,13.72,RAIN,10.9,0.5139,1
96.7,8.0,3.2,0,21.1,PASSENGER,4.19,14.73,FOG,14.1,0.2983,0
133.5,6.1,3.7,0,7.1,EXPRESS,20.02,23.63,STORM,13.0,0.1443,0
157.8,17.3,12.9,0,1.8,EXPRESS,39.14,20.59,CLEAR,15.8,0.4624,1
103.8,12.8,1.4,0,29.3,EXPRESS,31.6,20.27,FOG,14.4,0.1388,0
156.6,11.3,12.4,0,27.1,EXPRESS,24.27,6.88,CLEAR,6.0,0.131,0
54.2,11.3,7.4,1,10.1,FREIGHT,19.72,9.88,CLEAR,23.5,0.7203,1
93.6,9.4,5.9,1,15.3,PASSENGER,24.88,2.45,RAIN,20.0,0.4895,0
65.0,9.5,7.0,0,15.4,PASSENGER,15.35,13.96,CLEAR,16.5,0.1986,0
116.6,4.0,4.2,0,26.3,EXPRESS,7.55,1.67,CLEAR,4.8,0.0783,0
143.9,1.6,1.3,0,18.5,EXPRESS,23.8,10.72,CLEAR,0.0,0.0751,0
139.5,3.5,0.9,0,25.1,EXPRESS,21.36,13.59,CLEAR,0.9,0.0514,0
92.8,11.5,9.1,0,27.5,EXPRESS,37.81,5.48,CLEAR,11.1,0.1581,0
128.3,7.1,5.8,1,17.6,EXPRESS,26.17,18.61,CLEAR,12.6,0.3949,0
64.4,2.0,1.1,0,9.6,PASSENGER,31.05,16.2,CLEAR,5.4,0.0839,0
109.8,3.8,4.3,1,15.7,PASSENGER,4.16,3.55,CLEAR,5.9,0.5537,1
104.9,3.5,2.7,0,25.7,PASSENGER,30.56,23.61,CLEAR,7.7,0.0969,0
61.1,1.5,0.8,0,18.1,PASSENGER,39.32,13.01,RAIN,6.9,0.1572,0
68.6,9.9,3.4,0,27.0,FREIGHT,26.47,0.63,RAIN,15.6,0.1288,0
154.4,1.5,1.5,0,27.0,EXPRESS,29.81,8.4,CLEAR,0.0,0.0586,0
114.7,5.1,0.5,1,12.1,EXPRESS,39.19,23.5,CLEAR,12.4,0.4029,0
140.4,6.4,2.8,1,14.3,EXPRESS,15.96,21.66,CLEAR,6.6,0.6354,0
82.1,6.9,4.0,0,20.8,PASSENGER,33.06,3.63,CLEAR,11.7,0.0999,0
59.5,0.9,0.2,1,4.7,FREIGHT,16.29,20.52,CLEAR,12.0,0.6075,0
113.8,8.9,2.3,0,14.8,EXPRESS,17.32,14.84,CLEAR,10.1,0.1289,1
44.5,2.9,1.3,1,5.8,FREIGHT,26.5,0.52,CLEAR,14.0,0.5336,1
49.1,0.7,0.1,0,25.7,FREIGHT,10.63,18.18,CLEAR,5.9,0.1248,0
100.2,2.3,0.6,0,28.4,EXPRESS,39.71,9.91,CLEAR,5.8,0.1077,0
148.2,1.5,0.7,0,5.5,EXPRESS,13.5,9.51,CLEAR,0.0,0.0839,0
77.4,2.4,0.9,0,20.5,PASSENGER,5.35,9.19,RAIN,6.6,0.1806,0
48.0,11.0,7.3,1,19.6,FREIGHT,13.24,14.32,CLEAR,21.1,0.7081,1
152.6,4.5,2.6,0,23.2,EXPRESS,34.31,17.14,CLEAR,0.0,0.0531,0
84.8,3.9,0.7,0,21.3,PASSENGER,12.9,15.54,RAIN,7.7,0.1756,0
128.1,8.6,0.5,1,7.7,EXPRESS,24.65,5.8,CLEAR,12.1,0.6023,1
107.8,3.0,1.6,1,9.8,PASSENGER,37.45,16.96,FOG,13.7,0.4346,1
104.3,10.1,7.2,1,6.2,PASSENGER,10.77,3.25,CLEAR,16.2,0.5901,0
68.5,5.5,2.0,0,27.8,PASSENGER,5.69,23.31,RAIN,7.3,0.2291,0
51.3,3.1,0.8,0,16.4,FREIGHT,4.33,11.37,CLEAR,8.9,0.1207,1
73.7,3.4,2.3,0,29.3,FREIGHT,17.89,2.19,RAIN,7.9,0.0713,0
46.8,7.6,3.6,0,14.3,FREIGHT,4.62,13.84,CLEAR,11.3,0.1369,0
116.0,6.8,0.1,1,17.3,EXPRESS,18.43,13.85,RAIN,13.3,0.4662,0
69.8,7.6,4.4,0,24.0,PASSENGER,34.58,0.93,CLEAR,12.5,0.147,0
98.0,3.1,2.3,0,24.2,EXPRESS,31.21,0.26,CLEAR,6.5,0.0889,0
97.0,1.9,0.0,1,8.1,PASSENGER,23.48,23.91,CLEAR,9.9,0.362,1
98.5,5.8,5.0,1,9.7,PASSENGER,34.09,9.36,RAIN,16.1,0.5459,1
108.5,6.0,5.6,1,4.3,PASSENGER,4.46,5.89,CLEAR,14.4,0.7521,1
98.7,6.4,4.5,0,24.5,PASSENGER,24.57,13.15,CLEAR,12.5,0.0783,0
41.0,3.8,1.9,0,24.1,FREIGHT,5.07,0.2,CLEAR,13.3,0.1643,0
92.8,4.7,3.4,1,3.8,EXPRESS,19.54,0.31,RAIN,15.7,0.7688,1
109.3,3.2,2.2,0,8.8,PASSENGER,18.81,2.71,STORM,7.1,0.1636,1
113.8,13.7,5.4,0,14.3,EXPRESS,10.97,19.26,CLEAR,17.6,0.2587,0
111.8,10.8,3.9,0,16.9,EXPRESS,33.28,5.96,CLEAR,10.7,0.0943,0
153.4,4.7,0.4,0,16.4,EXPRESS,9.51,12.08,CLEAR,3.2,0.081,0
56.3,5.5,4.6,0,29.5,FREIGHT,22.3,5.37,CLEAR,12.0,0.1769,0
39.7,5.9,5.2,0,23.3,FREIGHT,19.55,13.08,RAIN,14.2,0.1782,1
70.0,6.3,2.1,1,4.7,FREIGHT,17.55,12.21,CLEAR,15.2,0.5211,1
74.7,12.9,9.4,1,9.9,FREIGHT,1.82,9.62,CLEAR,21.2,0.9281,1
96.1,9.7,8.3,1,11.3,EXPRESS,28.02,10.4,CLEAR,11.8,0.6268,0
150.4,1.3,0.9,1,10.5,EXPRESS,1.0,15.68,CLEAR,1.9,0.8902,1
79.5,14.7,10.6,0,23.9,PASSENGER,32.91,20.21,STORM,22.8,0.235,0
86.2,9.1,2.6,1,11.8,PASSENGER,11.02,7.67,FOG,19.4,0.6602,1
105.7,6.6,5.8,0,15.5,PASSENGER,5.24,12.77,CLEAR,9.7,0.1869,0
158.1,6.8,7.6,0,16.7,EXPRESS,16.97,20.5,CLEAR,3.7,0.1684,0
73.1,5.0,3.2,1,9.2,PASSENGER,22.59,4.03,CLEAR,15.5,0.6388,0
70.6,6.0,2.3,0,10.7,PASSENGER,12.76,23.51,RAIN,11.4,0.0695,0
95.6,9.0,11.1,0,23.7,EXPRESS,5.31,18.02,CLEAR,11.5,0.1545,0
88.1,7.2,1.2,0,26.2,PASSENGER,1.22,8.79,CLEAR,9.4,0.3492,1
60.7,1.7,1.3,1,2.6,PASSENGER,28.3,9.0,RAIN,17.1,0.7331,1
80.6,8.1,2.0,0,18.7,PASSENGER,35.51,4.93,CLEAR,10.5,0.0988,0
95.1,8.9,8.8,0,19.6,EXPRESS,4.47,6.43,CLEAR,12.5,0.1735,0
80.3,10.9,12.6,0,22.5,PASSENGER,9.61,14.09,FOG,19.9,0.2611,0
92.8,5.8,1.1,0,21.3,EXPRESS,1.3,0.09,CLEAR,8.9,0.2458,0
148.5,15.3,9.0,0,26.5,EXPRESS,35.46,0.56,RAIN,13.1,0.1394,1
70.5,13.1,1.3,1,3.7,PASSENGER,18.07,23.68,CLEAR,21.3,0.7297,1
76.4,16.1,15.9,1,12.6,PASSENGER,37.05,5.65,CLEAR,26.8,0.7304,1
150.9,6.1,4.1,0,23.8,EXPRESS,18.99,19.91,CLEAR,3.7,0.0639,0
97.3,0.2,0.0,0,25.6,PASSENGER,34.56,14.7,FOG,3.8,0.098,0
71.0,0.7,0.2,0,9.0,PASSENGER,38.09,10.7,CLEAR,5.7,0.1012,0
63.6,1.1,0.7,0,18.2,PASSENGER,13.74,17.57,STORM,13.2,0.2318,0
95.8,1.3,0.9,1,6.7,PASSENGER,25.81,1.2,CLEAR,10.9,0.4772,0
79.5,15.2,6.6,1,25.8,PASSENGER,26.82,18.15,FOG,27.4,0.7908,1
98.3,1.5,1.1,0,22.3,PASSENGER,1.35,20.57,CLEAR,3.7,0.1408,1
121.2,21.4,15.7,1,7.8,EXPRESS,17.81,6.73,CLEAR,27.7,0.7825,1
114.2,7.9,4.5,0,19.3,EXPRESS,34.29,7.24,STORM,16.3,0.1485,0
82.6,4.7,5.3,0,16.0,PASSENGER,37.88,2.47,CLEAR,7.4,0.0893,0
97.4,20.3,1.1,0,8.9,PASSENGER,36.02,20.54,CLEAR,22.3,0.2163,0
105.1,10.2,10.0,0,27.0,PASSENGER,38.93,19.39,FOG,16.6,0.1007,0
93.5,12.4,5.0,1,5.7,EXPRESS,26.3,10.21,FOG,24.2,0.5994,1
126.7,18.3,9.0,0,14.8,EXPRESS,9.7,9.07,RAIN,15.6,0.2834,0
61.6,26.6,14.1,0,18.1,PASSENGER,23.23,10.26,FOG,32.5,0.4403,1
122.8,4.9,0.6,0,25.0,EXPRESS,17.14,10.09,CLEAR,3.2,0.0669,0
104.3,1.5,0.5,0,5.8,PASSENGER,10.72,10.31,RAIN,8.6,0.1811,0
115.3,9.4,7.3,0,18.9,EXPRESS,31.03,3.5,RAIN,10.1,0.1876,1
106.6,13.2,9.0,1,1.7,PASSENGER,25.35,0.32,STORM,26.5,0.901,1
58.4,4.8,3.9,0,24.9,FREIGHT,31.71,18.3,FOG,10.8,0.097,0
155.4,7.1,2.1,1,8.2,EXPRESS,11.14,8.25,CLEAR,8.5,0.6585,1
97.9,9.1,4.8,0,22.0,PASSENGER,36.2,11.78,CLEAR,11.7,0.0626,0
97.2,2.8,1.6,0,18.7,EXPRESS,9.93,7.38,RAIN,10.2,0.0772,0
71.6,1.2,1.2,1,2.9,PASSENGER,24.28,9.16,FOG,14.8,0.7404,1
79.7,4.4,3.0,1,6.7,PASSENGER,2.75,1.8,CLEAR,11.9,0.6086,1
68.5,3.9,1.1,1,9.1,PASSENGER,21.87,8.89,CLEAR,16.3,0.6469,1
84.7,3.4,3.0,0,26.8,PASSENGER,4.4,11.11,CLEAR,10.1,0.235,1
51.2,17.0,14.1,1,15.2,FREIGHT,13.62,19.99,CLEAR,24.4,0.8186,0
156.9,13.2,8.2,0,27.5,EXPRESS,34.5,7.73,CLEAR,9.2,0.105,0
120.4,9.7,12.8,1,2.9,EXPRESS,35.79,2.13,CLEAR,18.6,0.6304,0
65.4,8.5,7.4,1,1.7,FREIGHT,30.81,18.22,CLEAR,22.5,0.7048,0
107.1,5.2,2.0,0,28.5,PASSENGER,15.02,9.02,RAIN,12.1,0.1175,0
69.5,10.5,7.5,0,22.1,FREIGHT,23.36,21.97,RAIN,15.3,0.1776,1
70.4,20.1,11.5,0,23.8,PASSENGER,9.35,23.02,CLEAR,21.5,0.2902,0
52.3,16.6,13.2,0,27.6,FREIGHT,27.29,20.92,CLEAR,21.0,0.3425,0
77.4,6.3,5.2,0,29.6,PASSENGER,14.22,5.44,CLEAR,12.3,0.1514,1
80.0,7.6,1.1,1,4.3,PASSENGER,9.23,6.09,CLEAR,16.4,0.684,1
46.2,1.7,0.2,1,6.0,FREIGHT,23.61,19.06,RAIN,18.1,0.6195,0
101.3,2.2,0.7,1,6.9,PASSENGER,4.92,10.71,CLEAR,10.6,0.497,1
121.6,16.5,15.2,0,24.8,EXPRESS,27.62,7.15,CLEAR,16.0,0.2239,0
126.7,6.8,2.8,1,11.6,EXPRESS,7.89,7.05,CLEAR,12.9,0.5843,0
158.8,7.1,8.7,0,18.4,EXPRESS,22.36,13.86,CLEAR,7.6,0.1529,1
94.2,4.1,2.8,0,25.9,EXPRESS,16.0,21.48,RAIN,10.9,0.1173,0
124.2,6.1,4.9,0,21.0,EXPRESS,22.87,14.85,FOG,6.5,0.2595,1
98.7,3.0,0.1,1,3.4,PASSENGER,10.22,14.89,CLEAR,11.9,0.6986,1
67.6,4.0,1.3,1,14.2,PASSENGER,12.76,17.93,RAIN,12.3,0.4107,1
90.6,5.1,2.6,1,3.4,PASSENGER,6.04,18.25,CLEAR,13.7,0.7076,1
72.0,8.0,4.5,1,15.1,PASSENGER,31.19,21.83,FOG,19.2,0.7402,1
150.7,1.6,0.8,1,7.8,EXPRESS,3.27,3.89,FOG,8.3,0.6252,0
112.9,8.5,6.5,1,1.5,EXPRESS,15.37,23.63,CLEAR,19.6,0.7588,1
113.0,3.5,2.0,0,24.7,EXPRESS,18.24,7.89,RAIN,4.6,0.1608,0
89.9,8.0,7.7,0,29.1,PASSENGER,8.21,6.76,CLEAR,13.5,0.1085,1
102.8,4.1,0.5,0,29.0,EXPRESS,15.7,12.23,RAIN,9.5,0.1181,0
109.9,6.5,5.1,1,10.0,EXPRESS,17.01,6.34,CLEAR,13.2,0.5432,1
80.8,2.4,1.6,0,25.1,PASSENGER,9.36,5.59,CLEAR,9.3,0.1229,0
45.9,15.7,7.1,0,20.8,FREIGHT,25.75,23.2,RAIN,22.5,0.2119,0
126.7,4.4,2.3,0,24.3,EXPRESS,1.72,2.5,CLEAR,0.4,0.184,1
90.0,6.0,4.9,0,25.6,PASSENGER,8.3,23.76,CLEAR,7.0,0.175,0
88.3,9.6,12.3,0,29.4,PASSENGER,25.15,14.94,STORM,18.1,0.3488,1
92.7,2.4,0.1,1,5.8,PASSENGER,25.29,23.01,CLEAR,12.2,0.4889,1
43.8,1.3,0.1,0,23.4,FREIGHT,10.98,21.54,RAIN,7.2,0.1497,0
98.8,14.3,6.6,0,22.4,EXPRESS,27.48,15.56,CLEAR,15.5,0.1957,0
143.3,8.1,4.7,0,9.7,EXPRESS,19.06,14.16,RAIN,13.4,0.1436,0
68.3,8.8,1.6,1,12.7,FREIGHT,21.33,23.82,CLEAR,17.7,0.6363,1
72.9,3.0,3.1,0,6.5,PASSENGER,13.64,12.37,CLEAR,11.6,0.2112,1
80.4,3.5,0.2,0,27.5,PASSENGER,39.38,4.29,STORM,9.6,0.0905,0
84.9,7.4,1.0,0,26.6,PASSENGER,29.63,23.83,FOG,8.6,0.1806,0
86.7,3.3,2.5,0,19.0,PASSENGER,10.31,7.76,CLEAR,3.3,0.1963,0
59.7,9.7,8.1,0,16.1,FREIGHT,9.84,2.1,FOG,20.5,0.316,0
31.9,5.4,2.9,0,8.1,FREIGHT,31.08,17.21,CLEAR,12.9,0.1254,0
96.1,14.4,4.0,0,24.0,PASSENGER,15.83,10.71,CLEAR,14.7,0.244,0
94.3,13.1,9.3,1,1.7,EXPRESS,4.11,9.31,CLEAR,27.5,0.8865,1
51.1,5.1,1.7,0,14.7,FREIGHT,1.91,15.16,RAIN,14.5,0.3652,1
147.9,9.5,5.4,0,26.0,EXPRESS,16.85,1.27,CLEAR,8.2,0.1558,0
121.6,8.9,8.9,0,19.1,EXPRESS,16.88,16.76,CLEAR,12.1,0.2004,0
36.7,2.7,1.0,0,19.6,FREIGHT,28.42,12.08,RAIN,10.9,0.1097,0
159.0,2.0,2.0,1,3.5,EXPRESS,23.2,11.77,STORM,12.2,0.6753,1
152.2,20.6,17.6,1,9.7,EXPRESS,30.92,21.6,RAIN,23.0,0.8005,1
144.0,28.6,18.4,0,20.7,EXPRESS,13.05,19.95,STORM,30.5,0.4091,0
48.5,4.4,1.1,1,2.9,FREIGHT,25.16,12.76,RAIN,18.1,0.7696,1
69.2,16.6,0.3,1,10.9,PASSENGER,35.49,13.88,CLEAR,23.6,0.6344,1
107.1,1.6,1.4,1,11.6,PASSENGER,3.24,19.37,CLEAR,10.0,0.6104,0
127.3,4.2,2.3,0,15.7,EXPRESS,28.48,9.87,RAIN,8.0,0.0831,0
102.6,8.1,2.6,1,11.8,PASSENGER,28.78,16.11,RAIN,21.3,0.6202,1
77.1,5.4,4.3,0,14.4,PASSENGER,31.86,12.98,RAIN,15.7,0.105,1
113.5,13.5,10.3,0,17.1,EXPRESS,11.13,11.99,RAIN,18.4,0.2022,0
109.3,3.6,1.8,1,5.2,PASSENGER,16.95,23.63,CLEAR,7.6,0.543,0
126.5,8.6,8.5,0,6.6,EXPRESS,9.97,0.42,FOG,15.8,0.1884,0
36.3,12.1,0.4,1,25.2,FREIGHT,12.69,9.95,RAIN,27.2,0.5751,0
71.0,2.0,0.2,1,14.6,PASSENGER,38.76,22.32,CLEAR,11.1,0.5192,1
51.7,9.9,3.2,1,11.6,FREIGHT,18.1,22.28,RAIN,18.0,0.6762,1
93.0,6.8,0.3,0,13.9,EXPRESS,34.02,17.95,CLEAR,9.1,0.0887,0
83.1,2.9,2.2,1,6.5,PASSENGER,31.9,14.21,CLEAR,13.6,0.5183,1
80.9,15.6,10.2,1,8.3,PASSENGER,18.06,16.58,CLEAR,24.6,0.7782,1
99.0,1.9,1.2,1,16.2,PASSENGER,39.69,6.07,CLEAR,7.8,0.6158,1
46.0,4.5,5.5,0,11.7,FREIGHT,33.71,11.72,CLEAR,11.5,0.0824,0
158.8,7.7,1.6,0,15.1,EXPRESS,19.57,12.87,CLEAR,7.0,0.1109,0
102.7,1.2,0.2,1,5.8,EXPRESS,12.73,1.53,RAIN,11.0,0.5036,0
89.5,4.3,3.7,1,6.0,PASSENGER,3.47,20.79,RAIN,17.3,0.8128,1
64.5,7.8,8.1,0,12.4,PASSENGER,18.86,10.96,RAIN,17.1,0.119,0
96.7,2.5,2.4,1,12.3,PASSENGER,14.72,21.57,RAIN,10.9,0.5338,1
159.6,6.3,4.3,0,26.7,EXPRESS,28.6,9.36,RAIN,6.6,0.0965,0
101.0,13.3,10.4,1,2.5,PASSENGER,1.28,9.81,CLEAR,25.7,0.9131,1
128.9,9.4,7.0,0,29.8,EXPRESS,33.34,5.86,CLEAR,9.3,0.0916,0
84.2,8.5,1.0,0,28.8,PASSENGER,16.96,15.46,CLEAR,12.0,0.1014,0
101.8,8.7,5.9,0,17.0,PASSENGER,19.05,13.16,CLEAR,7.6,0.1311,0
106.8,3.9,3.1,0,22.0,PASSENGER,7.72,21.91,CLEAR,4.6,0.0496,0
159.2,8.5,6.2,0,28.2,EXPRESS,37.53,10.3,STORM,10.9,0.1518,0
79.8,6.7,3.1,1,8.7,PASSENGER,16.24,15.55,RAIN,14.6,0.6748,0
159.4,3.4,0.6,1,10.5,EXPRESS,33.79,16.98,CLEAR,5.5,0.5491,1
100.9,13.5,3.8,1,4.7,EXPRESS,9.88,7.68,RAIN,25.1,0.7615,1
72.7,6.3,3.0,0,17.6,PASSENGER,4.32,21.14,RAIN,12.4,0.2225,0
34.0,3.2,3.3,1,6.0,FREIGHT,25.61,9.14,CLEAR,19.0,0.5542,0
109.0,10.9,9.5,0,28.0,EXPRESS,39.38,15.3,FOG,16.8,0.1592,0
98.4,10.1,10.1,1,13.8,PASSENGER,26.05,14.78,CLEAR,21.0,0.5055,0
68.4,5.6,2.7,0,27.7,FREIGHT,24.54,10.11,RAIN,11.2,0.1147,0
65.1,3.2,2.7,1,7.3,FREIGHT,17.97,4.4,CLEAR,12.1,0.7406,1
134.2,6.4,3.3,0,21.3,EXPRESS,11.71,14.22,CLEAR,7.0,0.1614,0
53.1,10.2,3.3,0,20.0,FREIGHT,17.52,9.01,FOG,15.0,0.2549,0
139.6,18.2,13.5,0,12.9,EXPRESS,6.38,9.1,CLEAR,18.5,0.2864,0
117.4,8.5,4.7,0,27.1,EXPRESS,10.85,11.83,RAIN,5.8,0.1278,0
148.9,6.0,1.5,0,13.9,EXPRESS,19.75,16.25,FOG,5.0,0.1502,0
93.9,4.1,3.4,1,7.2,PASSENGER,6.22,17.51,FOG,15.8,0.6347,0
138.8,4.9,4.4,0,29.3,EXPRESS,31.77,10.25,CLEAR,1.3,0.1644,0
127.5,5.7,4.6,0,14.1,EXPRESS,0.96,2.88,RAIN,6.5,0.5109,0
152.0,4.2,4.0,1,7.4,EXPRESS,13.2,19.0,RAIN,6.4,0.6427,0
41.3,8.2,0.9,0,11.9,FREIGHT,20.91,16.07,RAIN,17.2,0.158,0
47.2,0.9,0.2,0,19.0,FREIGHT,37.19,19.22,CLEAR,9.4,0.0825,0
144.4,5.5,1.9,0,16.1,EXPRESS,23.15,7.58,RAIN,5.2,0.0795,0
52.2,6.7,2.5,0,19.6,FREIGHT,12.15,21.82,CLEAR,16.5,0.0963,0
70.0,3.4,0.3,0,20.4,FREIGHT,14.41,6.31,CLEAR,7.0,0.151,1
77.3,9.9,7.6,0,5.0,PASSENGER,13.9,6.95,RAIN,14.0,0.2728,0
115.9,4.1,1.9,1,10.5,EXPRESS,7.62,12.87,CLEAR,6.7,0.5018,1
104.4,15.2,11.0,0,22.8,PASSENGER,6.22,23.94,CLEAR,16.5,0.1904,0
50.9,8.3,0.8,0,20.0,FREIGHT,19.49,4.85,CLEAR,13.9,0.2091,0
85.8,0.3,0.3,1,4.0,PASSENGER,11.18,20.12,RAIN,16.3,0.6384,1
113.3,2.9,3.0,0,10.5,EXPRESS,4.13,0.06,STORM,7.9,0.2,0
73.8,3.0,0.9,0,28.0,PASSENGER,9.05,5.7,RAIN,7.0,0.1669,1
92.8,13.1,12.5,0,26.1,PASSENGER,21.07,8.31,CLEAR,17.1,0.2909,0
66.0,1.6,0.0,0,20.6,PASSENGER,10.65,15.57,CLEAR,6.3,0.0812,0
151.5,20.2,2.4,1,3.6,EXPRESS,9.89,2.73,RAIN,22.4,0.7708,0
144.5,17.6,11.8,0,18.8,EXPRESS,25.02,3.09,FOG,18.8,0.2287,1
38.6,9.1,2.2,1,1.8,FREIGHT,27.73,3.51,CLEAR,21.3,0.8367,1
61.2,1.9,0.4,1,20.3,FREIGHT,10.03,15.9,CLEAR,10.5,0.5107,1
132.2,2.6,1.6,0,22.3,EXPRESS,19.15,2.75,CLEAR,0.0,0.0474,0
38.3,8.1,3.1,0,15.7,FREIGHT,30.7,9.56,CLEAR,16.7,0.1245,0
109.1,5.7,0.9,1,1.6,EXPRESS,27.75,3.76,CLEAR,16.6,0.7275,0
80.4,5.4,2.8,0,20.5,PASSENGER,3.24,9.17,CLEAR,8.7,0.2675,0
95.0,12.8,8.1,0,24.9,PASSENGER,14.72,17.14,CLEAR,14.9,0.171,1
58.7,20.7,9.3,0,18.2,FREIGHT,29.07,6.67,STORM,30.8,0.4549,1
54.0,2.2,0.2,0,21.7,FREIGHT,7.59,14.82,CLEAR,6.7,0.1323,0
143.8,1.7,0.8,1,4.1,EXPRESS,8.24,5.96,RAIN,4.5,0.581,0
64.1,3.6,1.4,0,21.9,FREIGHT,25.39,17.7,CLEAR,7.6,0.0741,0
133.3,18.5,4.1,0,19.0,EXPRESS,11.71,18.65,RAIN,18.5,0.2255,0
99.3,3.6,2.0,1,10.9,PASSENGER,13.29,7.45,STORM,17.9,0.7368,1
76.7,9.9,8.4,0,21.0,PASSENGER,21.15,0.57,CLEAR,14.2,0.1007,0
104.1,10.3,5.7,0,19.9,PASSENGER,30.15,3.1,CLEAR,10.5,0.1481,0
133.0,1.2,0.5,0,18.6,EXPRESS,20.18,11.78,RAIN,3.2,0.0676,0
67.0,8.1,4.4,1,6.7,FREIGHT,35.79,9.17,CLEAR,18.2,0.6466,1
128.2,1.5,0.5,1,9.9,EXPRESS,4.71,8.29,FOG,7.1,0.5567,1
105.3,6.8,1.3,0,29.8,EXPRESS,30.29,13.9,CLEAR,3.9,0.0954,0
87.1,4.8,0.9,0,13.8,PASSENGER,21.97,3.88,CLEAR,6.5,0.0722,0
78.6,6.0,0.9,1,3.2,PASSENGER,32.76,10.96,STORM,24.3,0.8097,1
61.4,4.1,4.3,0,27.1,FREIGHT,13.0,4.88,FOG,13.5,0.16,0
123.3,3.9,3.7,1,6.4,EXPRESS,19.54,23.55,CLEAR,12.7,0.6757,1
148.5,6.8,0.9,0,13.0,EXPRESS,33.03,1.17,RAIN,5.9,0.1135,0
60.5,19.4,20.8,1,9.4,FREIGHT,33.36,0.38,CLEAR,30.8,0.759,0
94.2,3.6,2.5,0,29.0,PASSENGER,15.35,13.54,CLEAR,0.6,0.0544,1
105.2,0.9,0.5,1,12.3,EXPRESS,32.98,1.5,CLEAR,3.5,0.5457,1
109.2,2.8,0.6,0,21.7,PASSENGER,27.45,19.46,CLEAR,4.7,0.0628,0
102.1,4.7,3.9,1,18.6,PASSENGER,16.67,19.67,CLEAR,11.6,0.4152,1
99.5,15.1,17.4,1,2.7,PASSENGER,38.8,10.37,CLEAR,21.0,0.8771,1
76.5,7.4,3.8,1,12.5,PASSENGER,1.72,20.12,CLEAR,16.1,0.7769,1
54.1,13.8,13.4,1,12.6,FREIGHT,15.62,17.77,RAIN,28.5,0.8249,1
36.2,9.1,2.6,0,29.7,FREIGHT,12.62,3.25,CLEAR,15.9,0.2008,0
86.9,2.9,2.6,1,24.6,PASSENGER,37.46,20.63,CLEAR,9.5,0.2971,0
100.2,4.9,3.1,0,25.9,EXPRESS,4.43,20.98,CLEAR,1.8,0.1663,0
54.9,6.7,5.4,1,10.4,FREIGHT,25.31,7.75,RAIN,19.7,0.5648,1
92.4,8.5,2.1,1,10.9,PASSENGER,28.81,18.6,CLEAR,13.5,0.4407,0
79.5,19.3,9.0,0,16.2,PASSENGER,7.77,21.54,CLEAR,23.1,0.1412,0
124.9,1.6,0.1,0,19.5,EXPRESS,6.42,17.9,RAIN,4.4,0.0727,0
69.4,3.0,2.6,0,22.3,FREIGHT,2.39,2.26,CLEAR,9.4,0.1802,1
65.4,4.2,3.2,0,24.9,PASSENGER,6.78,2.27,CLEAR,9.7,0.1356,1
145.4,8.8,4.2,1,26.4,EXPRESS,32.42,23.58,RAIN,12.0,0.5509,1
68.5,5.2,1.5,1,2.2,PASSENGER,37.79,12.99,RAIN,19.7,0.7812,0
31.7,8.9,2.5,1,24.2,FREIGHT,36.11,15.47,STORM,23.5,0.6528,1
103.0,3.4,3.0,0,18.9,EXPRESS,14.93,21.89,CLEAR,8.0,0.0472,0
64.4,6.7,5.2,1,16.7,FREIGHT,29.17,0.18,CLEAR,14.9,0.7571,1
80.3,9.6,6.7,0,19.4,PASSENGER,33.17,10.24,CLEAR,16.8,0.1316,0
103.6,12.6,6.0,0,26.6,PASSENGER,32.59,13.59,CLEAR,13.1,0.1579,0
126.7,2.8,1.9,0,17.0,EXPRESS,2.98,0.05,FOG,6.8,0.126,0
91.6,26.5,33.8,1,6.1,EXPRESS,8.99,14.99,CLEAR,37.8,0.9337,1
62.3,15.9,8.5,0,13.9,FREIGHT,37.59,20.42,FOG,19.9,0.3424,0
97.7,1.3,1.4,0,27.8,EXPRESS,29.73,1.32,STORM,10.1,0.0667,1
99.5,3.1,1.0,0,24.7,PASSENGER,33.46,19.3,RAIN,4.8,0.1046,0
101.8,3.3,1.7,0,7.3,EXPRESS,20.81,23.46,CLEAR,5.6,0.1182,0
114.2,2.5,2.7,0,21.9,EXPRESS,16.03,22.09,CLEAR,3.7,0.0368,0
143.3,8.7,8.6,0,8.8,EXPRESS,26.22,12.89,CLEAR,6.3,0.1408,1
107.7,10.1,6.8,0,11.4,PASSENGER,19.18,20.65,RAIN,12.1,0.1327,0
46.7,7.6,8.6,0,14.9,FREIGHT,15.26,18.5,CLEAR,17.2,0.205,0
148.1,2.2,1.4,0,14.1,EXPRESS,14.24,19.62,CLEAR,0.0,0.1007,0
103.4,8.2,4.1,1,2.3,EXPRESS,6.74,9.55,CLEAR,18.4,0.7907,1
146.5,14.8,1.5,0,23.6,EXPRESS,21.41,11.41,CLEAR,10.4,0.1156,0
92.9,5.1,0.5,0,25.6,PASSENGER,21.03,5.74,RAIN,10.5,0.0897,0
69.6,11.9,5.2,0,16.6,PASSENGER,23.84,1.24,CLEAR,17.2,0.1664,0
43.6,9.0,0.7,1,6.4,FREIGHT,5.09,14.33,CLEAR,18.5,0.7291,1
66.6,8.7,5.0,0,8.6,PASSENGER,36.64,7.43,CLEAR,15.1,0.0945,0
79.1,16.9,4.7,1,5.1,PASSENGER,29.81,12.06,CLEAR,23.7,0.7392,1
104.3,13.0,7.5,1,6.3,EXPRESS,5.67,23.1,CLEAR,23.2,0.7276,1
59.0,4.1,0.7,0,26.5,FREIGHT,3.63,1.52,CLEAR,9.1,0.156,0
159.6,8.4,6.9,0,15.2,EXPRESS,25.9,20.96,CLEAR,5.3,0.1,0
90.8,37.7,32.5,1,4.7,EXPRESS,13.99,2.08,CLEAR,46.5,0.9459,1
87.0,13.3,8.6,1,8.8,PASSENGER,13.1,15.69,CLEAR,20.5,0.6416,1
88.7,11.8,6.3,0,28.6,PASSENGER,33.68,8.24,CLEAR,13.6,0.1754,0
105.7,4.3,4.9,1,16.0,PASSENGER,14.13,2.4,CLEAR,12.3,0.4745,1
85.3,10.1,2.5,0,16.2,PASSENGER,25.47,18.17,CLEAR,11.5,0.1284,0
87.2,6.9,5.9,0,16.5,PASSENGER,21.71,16.77,FOG,11.6,0.1289,0
123.0,4.8,5.8,1,4.7,EXPRESS,10.89,15.37,CLEAR,13.6,0.5146,1
42.1,9.3,4.5,0,29.2,FREIGHT,13.6,23.16,RAIN,19.6,0.1916,0
62.8,7.0,7.2,1,3.9,PASSENGER,37.76,0.57,CLEAR,17.2,0.7298,1
80.4,3.7,2.7,0,21.5,PASSENGER,13.59,10.43,RAIN,8.2,0.1589,0
62.6,1.6,0.6,1,3.1,PASSENGER,31.47,13.5,FOG,18.8,0.7333,1
128.5,4.6,3.7,1,14.1,EXPRESS,34.52,8.58,RAIN,11.6,0.4257,1
75.4,1.6,1.4,0,27.1,PASSENGER,3.31,16.07,CLEAR,8.8,0.1462,0
86.7,4.3,2.2,0,23.4,PASSENGER,26.69,21.58,FOG,11.6,0.1195,0
99.4,6.1,0.1,1,11.0,EXPRESS,30.1,16.73,CLEAR,13.2,0.559,0
106.6,3.9,2.2,0,17.2,PASSENGER,17.64,13.66,CLEAR,4.7,0.107,0
70.3,11.2,7.4,1,6.2,FREIGHT,22.99,17.71,CLEAR,19.0,0.635,1
69.5,8.2,3.5,0,28.7,PASSENGER,6.89,2.63,FOG,12.6,0.22,0
45.5,1.3,0.0,0,21.7,FREIGHT,13.08,15.12,RAIN,9.0,0.1486,0
132.9,6.1,2.9,1,12.2,EXPRESS,28.45,9.77,FOG,15.8,0.6012,1
96.7,2.6,1.6,1,10.6,EXPRESS,24.3,7.65,FOG,10.7,0.5519,1
114.8,6.2,2.9,0,8.3,EXPRESS,5.89,12.17,RAIN,8.7,0.137,0
72.6,3.0,2.3,0,23.9,PASSENGER,39.53,19.31,CLEAR,3.9,0.0783,1
154.1,25.8,12.1,1,13.9,EXPRESS,37.54,9.9,CLEAR,29.6,0.8701,1
149.7,0.5,0.2,1,10.9,EXPRESS,9.35,16.86,CLEAR,1.8,0.3476,1
56.1,6.1,5.2,0,27.3,FREIGHT,35.07,14.13,CLEAR,16.2,0.2131,0
53.4,9.6,8.6,1,5.8,FREIGHT,11.05,21.99,CLEAR,22.2,0.8408,1
106.5,18.9,14.4,1,9.0,PASSENGER,22.77,10.68,CLEAR,28.7,0.6567,1
155.3,2.4,0.9,1,11.3,EXPRESS,31.39,19.68,CLEAR,1.3,0.3707,0
157.9,5.1,3.4,1,8.9,EXPRESS,14.09,20.21,FOG,5.6,0.5684,0
98.8,1.0,0.2,1,18.2,EXPRESS,22.43,11.14,CLEAR,6.9,0.3691,0
68.0,3.7,3.1,1,18.6,PASSENGER,18.29,11.73,CLEAR,13.0,0.4647,1
60.5,5.3,0.6,1,3.1,FREIGHT,30.53,8.0,RAIN,19.4,0.7367,1
87.1,9.3,8.2,1,5.6,PASSENGER,19.41,11.89,FOG,24.4,0.7489,1
91.3,4.9,0.5,1,7.2,EXPRESS,22.89,5.98,RAIN,13.2,0.6087,1
63.1,4.2,3.2,1,3.5,PASSENGER,33.9,20.6,CLEAR,14.9,0.6238,1
152.2,2.8,3.3,1,5.1,EXPRESS,28.1,6.0,CLEAR,6.3,0.4879,0
150.8,17.3,16.0,1,8.3,EXPRESS,21.34,6.18,RAIN,23.3,0.7097,1
77.9,11.5,4.8,0,11.4,PASSENGER,18.72,21.5,CLEAR,12.5,0.1821,0
104.6,4.1,1.5,0,24.1,PASSENGER,5.51,12.77,RAIN,3.3,0.1785,0
131.6,2.1,1.2,1,7.7,EXPRESS,2.73,2.52,CLEAR,7.5,0.5483,0
146.4,4.2,0.6,0,20.6,EXPRESS,38.13,8.3,CLEAR,0.0,0.0953,0
49.2,11.7,6.4,1,3.1,FREIGHT,7.87,16.93,RAIN,28.0,0.8491,1
97.9,6.7,5.3,0,20.3,EXPRESS,11.44,9.74,RAIN,6.1,0.0966,1
120.4,6.7,4.2,0,24.1,EXPRESS,24.63,10.16,RAIN,6.8,0.0708,0
122.0,1.2,0.2,0,18.7,EXPRESS,33.2,11.97,RAIN,0.2,0.0715,0
128.6,6.1,6.5,1,7.2,EXPRESS,33.41,5.34,CLEAR,10.2,0.5037,0
97.4,7.3,4.6,1,10.9,EXPRESS,33.27,10.18,STORM,18.1,0.7526,1
74.6,18.6,14.9,0,24.4,FREIGHT,39.13,5.17,RAIN,26.6,0.2376,0
107.1,5.9,4.0,0,13.8,EXPRESS,2.7,8.42,CLEAR,13.2,0.1703,0
69.9,3.3,1.6,1,8.8,PASSENGER,16.29,12.78,RAIN,11.8,0.5361,0
86.3,3.0,2.2,0,28.1,PASSENGER,36.59,16.65,CLEAR,4.6,0.0767,0
86.9,2.9,0.9,0,19.7,PASSENGER,18.96,15.21,CLEAR,5.5,0.0954,0
49.8,7.0,5.8,0,24.5,FREIGHT,34.92,13.81,RAIN,12.5,0.2133,0
64.7,8.9,5.5,1,2.2,FREIGHT,1.2,14.29,CLEAR,22.4,0.9078,1
126.2,1.4,1.0,1,11.2,EXPRESS,20.42,12.26,STORM,9.0,0.6106,1
90.5,5.9,0.8,0,14.6,PASSENGER,36.94,14.75,CLEAR,9.4,0.0623,1
96.2,0.9,0.4,0,18.2,PASSENGER,10.82,9.01,CLEAR,3.5,0.1172,0
31.1,15.9,10.9,1,6.9,FREIGHT,37.22,21.59,CLEAR,30.2,0.7237,1
88.5,2.8,1.2,1,15.7,PASSENGER,0.83,14.17,RAIN,11.7,0.9183,1
69.8,6.5,1.9,0,21.0,FREIGHT,3.62,22.48,RAIN,13.4,0.261,1
60.9,6.4,1.5,0,11.4,PASSENGER,19.33,9.71,CLEAR,12.4,0.1003,0
118.4,2.4,2.4,0,21.2,EXPRESS,4.7,9.47,CLEAR,2.7,0.0971,0
106.3,7.6,5.6,1,12.6,PASSENGER,9.41,23.16,CLEAR,15.1,0.426,0
45.9,8.8,9.2,0,14.9,FREIGHT,12.25,17.5,RAIN,20.2,0.1355,0
50.6,1.0,0.9,1,5.3,FREIGHT,19.52,12.45,RAIN,10.7,0.5874,0
158.7,13.6,5.2,0,20.1,EXPRESS,15.93,17.24,RAIN,7.4,0.1655,0
70.0,2.3,2.0,1,7.9,PASSENGER,36.92,9.52,RAIN,16.1,0.6368,1
94.6,21.0,17.7,0,25.1,EXPRESS,35.5,18.21,CLEAR,25.6,0.2387,0
150.2,1.6,1.6,0,17.3,EXPRESS,30.05,5.03,CLEAR,2.7,0.0668,0
103.4,1.9,0.0,0,17.5,PASSENGER,26.54,22.82,CLEAR,3.3,0.0497,0
123.0,10.7,3.3,0,27.5,EXPRESS,8.57,11.06,CLEAR,13.4,0.128,0
53.1,1.6,0.7,1,6.3,FREIGHT,24.27,2.23,CLEAR,18.6,0.5621,0
148.5,2.5,0.2,0,16.6,EXPRESS,6.31,20.28,FOG,5.8,0.1514,0
63.2,8.6,5.4,1,12.4,FREIGHT,18.38,21.46,RAIN,20.9,0.6489,1
108.6,6.4,5.9,0,29.0,EXPRESS,18.73,17.52,CLEAR,9.3,0.141,0
91.2,5.7,2.8,0,24.1,EXPRESS,27.74,15.11,CLEAR,8.5,0.0973,1
123.6,6.7,5.1,0,23.1,EXPRESS,33.49,22.28,CLEAR,7.5,0.0935,0
150.1,5.6,3.5,1,7.3,EXPRESS,13.16,14.93,CLEAR,9.7,0.6083,1
152.7,9.9,4.5,1,8.3,EXPRESS,2.13,18.99,CLEAR,16.9,0.8186,1
156.9,5.3,4.1,1,2.3,EXPRESS,2.36,11.31,RAIN,10.4,0.823,1
104.0,4.7,4.9,0,19.7,PASSENGER,35.06,17.45,FOG,9.3,0.2135,0
130.6,14.8,1.0,1,12.1,EXPRESS,19.71,23.98,CLEAR,17.2,0.6185,1
82.2,5.5,1.4,1,10.4,PASSENGER,10.3,9.18,CLEAR,14.7,0.5693,1
144.2,7.5,2.6,0,19.7,EXPRESS,1.78,17.28,CLEAR,5.9,0.2235,1
63.3,4.9,2.7,1,25.1,FREIGHT,21.39,3.57,CLEAR,11.6,0.5632,1
54.2,7.3,6.7,1,5.3,FREIGHT,5.92,15.24,RAIN,20.7,0.8192,1
64.4,5.4,2.1,0,27.7,PASSENGER,16.97,7.75,CLEAR,9.6,0.1143,0
154.8,0.9,0.8,1,2.5,EXPRESS,20.89,20.8,RAIN,7.5,0.623,1
121.9,5.5,1.3,1,4.2,EXPRESS,9.55,8.63,CLEAR,13.1,0.5091,0
46.4,3.5,1.1,0,25.4,FREIGHT,8.35,10.68,STORM,17.4,0.169,0
134.1,16.0,5.9,0,15.5,EXPRESS,1.28,23.53,FOG,15.6,0.461,0
137.2,5.1,2.9,0,28.3,EXPRESS,23.63,5.17,CLEAR,7.7,0.0914,0
104.7,6.3,5.5,1,14.7,EXPRESS,8.42,13.55,CLEAR,9.8,0.4778,0
148.6,3.6,2.4,0,27.9,EXPRESS,35.19,20.73,RAIN,1.7,0.0438,0
110.3,8.7,9.9,1,8.3,EXPRESS,24.35,7.56,RAIN,16.8,0.5305,0
69.3,22.6,18.5,0,19.1,PASSENGER,22.48,0.37,CLEAR,28.9,0.3601,0
118.4,8.3,5.0,0,29.8,EXPRESS,20.44,21.51,CLEAR,5.1,0.1794,1
96.5,8.4,9.0,1,12.2,PASSENGER,9.0,14.87,RAIN,22.0,0.7387,1
157.6,12.9,3.2,1,1.5,EXPRESS,38.79,5.53,RAIN,16.0,0.745,1
146.6,22.0,12.3,1,3.3,EXPRESS,38.7,6.63,CLEAR,29.3,0.7602,1
72.3,16.6,8.0,0,26.0,FREIGHT,13.19,19.19,RAIN,20.6,0.1954,0
99.8,23.9,21.6,0,15.5,EXPRESS,31.16,15.41,RAIN,28.6,0.2424,0
33.2,9.6,4.4,0,16.8,FREIGHT,5.21,17.58,CLEAR,12.1,0.2501,0
87.9,17.5,6.8,1,24.3,PASSENGER,31.33,13.85,CLEAR,25.2,0.6976,0
110.3,5.7,3.5,0,24.6,EXPRESS,11.81,18.96,CLEAR,6.4,0.0762,0
67.3,2.0,1.3,1,15.1,FREIGHT,11.92,19.71,CLEAR,13.7,0.4069,0
137.0,7.6,2.0,0,26.0,EXPRESS,20.54,9.29,CLEAR,3.1,0.1205,0
73.7,14.0,10.1,0,14.9,FREIGHT,16.0,21.62,CLEAR,21.1,0.1539,0
107.8,3.9,0.3,0,20.7,EXPRESS,5.15,12.12,CLEAR,1.4,0.0895,1
51.9,4.7,4.0,1,2.5,FREIGHT,23.93,3.84,CLEAR,18.6,0.5276,1
125.1,2.5,2.1,1,5.4,EXPRESS,8.95,5.24,CLEAR,5.4,0.6285,0
72.0,5.8,2.2,0,25.8,PASSENGER,18.06,17.61,CLEAR,13.5,0.1611,0
89.5,13.0,9.7,1,10.4,PASSENGER,9.62,9.06,CLEAR,22.7,0.6758,1
49.9,11.4,8.7,0,11.0,FREIGHT,34.37,6.3,CLEAR,21.1,0.1937,0
50.1,5.3,4.1,0,20.4,FREIGHT,13.85,14.51,CLEAR,10.9,0.1592,0
46.3,1.8,1.4,1,18.4,FREIGHT,35.56,18.77,CLEAR,12.1,0.5704,0
30.8,4.9,2.9,1,3.8,FREIGHT,13.38,2.62,RAIN,20.1,0.7716,1
126.5,3.0,2.4,0,23.3,EXPRESS,7.59,10.78,CLEAR,2.7,0.0802,0
113.5,4.6,2.0,0,19.1,EXPRESS,23.28,18.52,CLEAR,4.6,0.0834,0
90.1,1.8,0.5,0,25.9,EXPRESS,22.43,21.69,CLEAR,4.0,0.0682,1
111.6,7.0,3.5,0,16.8,EXPRESS,24.95,0.33,CLEAR,10.3,0.1112,0
109.5,5.8,1.6,1,13.3,EXPRESS,12.43,15.75,FOG,16.3,0.5053,1
79.7,4.5,4.9,1,12.1,PASSENGER,13.14,14.34,CLEAR,11.0,0.6525,1
99.2,9.8,1.7,1,1.6,EXPRESS,9.88,12.43,CLEAR,21.0,0.8867,1
85.4,7.7,2.5,1,2.6,PASSENGER,37.17,3.84,CLEAR,14.7,0.6241,0
138.5,3.2,0.2,1,5.2,EXPRESS,27.48,17.8,CLEAR,10.5,0.4254,1
134.1,34.4,22.0,0,28.0,EXPRESS,30.37,9.43,RAIN,32.5,0.3747,0
100.2,5.0,3.2,0,26.6,PASSENGER,8.17,5.63,CLEAR,8.4,0.096,0
82.6,1.8,0.1,0,15.7,PASSENGER,26.63,20.4,CLEAR,6.4,0.141,0
86.0,3.8,3.5,1,6.6,PASSENGER,30.63,7.37,RAIN,13.4,0.5255,1
100.5,13.1,9.2,1,5.7,PASSENGER,14.03,4.76,CLEAR,19.9,0.7178,1
119.9,9.1,6.7,1,8.8,EXPRESS,6.73,7.49,CLEAR,14.2,0.612,1
95.1,7.1,5.4,0,27.4,PASSENGER,28.03,4.35,CLEAR,10.4,0.0556,0
120.4,0.8,0.7,0,16.4,EXPRESS,24.64,18.65,CLEAR,3.1,0.0591,0
119.2,4.7,4.8,0,24.4,EXPRESS,23.24,4.37,RAIN,11.3,0.1034,0
98.0,9.8,6.5,0,15.9,PASSENGER,7.71,17.2,RAIN,17.0,0.2751,0
102.2,4.8,3.8,0,18.9,EXPRESS,10.87,3.9,CLEAR,7.9,0.0614,0
113.7,16.5,10.0,0,18.9,EXPRESS,25.18,5.43,CLEAR,17.6,0.2345,0
40.1,5.0,1.5,1,2.4,FREIGHT,24.74,8.22,FOG,20.8,0.8139,1
46.2,2.2,1.2,0,14.2,FREIGHT,22.41,22.8,CLEAR,10.0,0.1105,0
106.1,10.5,9.2,0,26.1,EXPRESS,30.84,21.93,CLEAR,15.0,0.0965,0
130.6,4.2,4.4,0,15.4,EXPRESS,32.68,2.04,CLEAR,6.5,0.1298,0
145.9,3.5,0.0,1,13.9,EXPRESS,11.42,8.06,CLEAR,6.7,0.489,1
145.1,16.2,2.0,0,16.5,EXPRESS,6.73,8.31,CLEAR,11.6,0.1744,0
46.4,10.6,8.8,0,12.4,FREIGHT,8.45,5.08,CLEAR,17.7,0.2266,0
159.2,5.0,0.1,0,16.2,EXPRESS,11.61,10.45,RAIN,4.7,0.1352,0
89.7,6.1,0.0,1,5.4,PASSENGER,37.94,17.95,CLEAR,16.2,0.4752,0
118.0,1.9,1.5,0,29.1,EXPRESS,5.92,2.38,STORM,8.4,0.2389,0
67.6,16.5,11.0,1,2.5,FREIGHT,35.21,16.12,CLEAR,30.2,0.9128,1
141.1,12.6,10.4,0,15.3,EXPRESS,8.53,6.26,CLEAR,13.9,0.1633,0
97.5,13.2,3.3,1,7.5,PASSENGER,14.26,15.42,CLEAR,18.8,0.7473,1
103.7,6.0,3.6,1,3.2,EXPRESS,5.47,16.37,CLEAR,13.2,0.6677,0
83.4,2.2,1.8,0,20.1,PASSENGER,4.58,17.48,CLEAR,9.0,0.0883,0
150.3,12.2,1.3,0,29.6,EXPRESS,4.26,20.68,CLEAR,10.0,0.1375,1
125.3,9.2,7.6,0,22.9,EXPRESS,14.04,21.59,CLEAR,10.5,0.1449,0
60.8,6.9,0.5,1,8.7,FREIGHT,21.19,18.22,CLEAR,15.2,0.5596,1
56.5,3.7,3.0,0,15.6,FREIGHT,8.43,11.55,RAIN,6.8,0.1728,0
67.9,7.9,4.5,1,2.9,FREIGHT,37.34,1.06,FOG,23.2,0.781,1
74.2,2.2,0.5,0,16.7,PASSENGER,23.66,22.49,RAIN,8.7,0.0878,0
55.9,14.9,3.3,1,4.3,FREIGHT,35.46,14.43,RAIN,27.9,0.683,1
98.6,4.2,3.9,0,24.1,EXPRESS,6.38,12.83,CLEAR,6.5,0.1182,0
138.3,7.1,6.1,1,3.1,EXPRESS,6.17,5.75,CLEAR,11.9,0.6077,1
141.2,4.3,1.2,1,1.8,EXPRESS,33.95,16.42,CLEAR,11.6,0.6694,1
62.1,12.6,1.6,0,26.1,PASSENGER,22.94,23.87,RAIN,20.1,0.184,0
137.3,4.4,3.8,0,28.4,EXPRESS,37.57,7.92,CLEAR,4.6,0.0372,0
119.0,16.9,18.4,1,4.0,EXPRESS,6.3,19.19,CLEAR,22.2,0.8924,0
66.2,2.8,1.1,1,9.4,PASSENGER,1.53,6.99,CLEAR,12.1,0.7701,1
48.9,21.7,19.2,0,22.6,FREIGHT,36.7,11.71,CLEAR,27.1,0.3775,0
103.6,10.3,5.6,1,16.9,EXPRESS,28.1,5.12,CLEAR,19.5,0.5115,1
119.1,6.6,7.9,0,28.6,EXPRESS,32.38,12.31,RAIN,8.7,0.1046,0
116.9,4.2,0.4,1,12.6,EXPRESS,12.19,11.02,FOG,15.2,0.6982,0
141.7,4.2,1.6,1,1.6,EXPRESS,0.62,0.93,CLEAR,11.9,0.9391,0
144.2,1.2,0.3,1,2.1,EXPRESS,19.57,9.16,CLEAR,6.7,0.5618,1
90.4,4.0,2.1,1,17.6,PASSENGER,39.61,1.51,RAIN,10.8,0.5088,0
61.1,18.5,17.9,0,22.9,PASSENGER,36.35,10.82,CLEAR,23.7,0.1349,1
106.6,2.2,0.5,0,24.0,PASSENGER,3.34,23.52,CLEAR,3.5,0.0973,0
138.0,3.6,3.7,0,27.5,EXPRESS,7.92,7.03,RAIN,2.0,0.1438,0
31.5,0.1,0.0,1,8.0,FREIGHT,12.79,12.38,CLEAR,14.1,0.5058,0
147.3,11.4,5.6,0,22.5,EXPRESS,33.3,3.12,CLEAR,7.4,0.1232,0
70.0,2.5,1.0,0,25.1,PASSENGER,33.08,3.7,CLEAR,3.8,0.0956,1
56.1,8.7,0.6,0,25.3,FREIGHT,7.81,8.53,CLEAR,10.4,0.1777,0
122.7,4.9,1.8,1,13.2,EXPRESS,21.56,11.75,RAIN,10.1,0.4227,1
119.4,8.7,6.6,0,19.3,EXPRESS,20.32,16.83,CLEAR,10.4,0.1254,0
70.0,3.1,0.5,0,17.2,FREIGHT,16.86,10.96,CLEAR,10.6,0.0667,0
120.6,3.4,1.2,0,18.5,EXPRESS,21.67,0.59,STORM,8.6,0.123,0
63.8,7.1,0.0,1,9.5,PASSENGER,12.07,6.5,FOG,19.7,0.7315,1
156.3,14.1,15.5,0,21.0,EXPRESS,21.5,0.59,CLEAR,12.5,0.1365,0
106.0,3.5,4.0,0,21.7,PASSENGER,27.58,22.03,RAIN,2.6,0.1179,0
137.9,8.7,5.7,0,7.1,EXPRESS,2.97,0.7,RAIN,10.7,0.2563,0
122.8,7.2,4.7,1,14.1,EXPRESS,38.71,1.19,CLEAR,12.0,0.5768,1
64.6,5.2,0.7,1,13.5,PASSENGER,7.03,7.16,CLEAR,11.1,0.4202,1
145.4,12.5,4.1,0,22.8,EXPRESS,14.73,15.18,FOG,16.2,0.2383,0
95.3,2.4,0.6,0,20.5,EXPRESS,19.09,8.59,CLEAR,5.8,0.0451,0
94.8,2.9,2.3,0,15.1,EXPRESS,2.12,1.48,RAIN,3.7,0.1604,0
127.6,5.8,3.8,0,20.1,EXPRESS,22.16,20.07,CLEAR,6.6,0.1347,0
101.2,10.5,3.7,0,9.0,EXPRESS,34.86,16.81,CLEAR,18.3,0.1314,1
90.5,12.4,0.6,1,8.1,EXPRESS,36.09,9.51,CLEAR,18.7,0.5617,1
49.0,10.8,0.2,1,8.3,FREIGHT,13.38,16.25,CLEAR,21.9,0.7387,1
99.6,10.0,7.2,1,2.3,EXPRESS,22.57,6.59,CLEAR,18.5,0.7408,1
68.0,8.5,5.8,0,21.2,PASSENGER,31.18,12.67,CLEAR,12.1,0.0969,0
95.4,1.3,0.4,0,29.6,EXPRESS,10.49,21.13,CLEAR,6.6,0.1225,0
104.4,2.1,0.6,1,10.3,EXPRESS,21.37,2.58,STORM,15.4,0.6211,0
62.2,13.1,10.0,0,28.0,FREIGHT,14.99,20.33,RAIN,21.7,0.1518,0
146.6,5.9,6.6,0,18.8,EXPRESS,15.44,18.93,CLEAR,4.3,0.0819,0
50.4,31.2,25.0,1,7.9,FREIGHT,4.22,22.78,CLEAR,43.7,0.9249,1
125.5,2.4,1.3,1,1.8,EXPRESS,16.57,12.33,CLEAR,10.6,0.5722,1
61.6,3.9,3.0,1,22.1,PASSENGER,6.85,6.6,CLEAR,14.8,0.5714,1
63.5,1.7,1.2,0,21.4,PASSENGER,12.4,8.47,CLEAR,6.4,0.0971,0
41.6,8.9,4.4,1,8.0,FREIGHT,13.55,15.36,FOG,26.9,0.7898,0
87.2,1.6,0.6,1,11.0,PASSENGER,17.51,3.38,RAIN,10.5,0.5568,0
97.0,4.3,0.6,0,27.1,PASSENGER,36.72,8.44,FOG,9.8,0.1417,0
132.4,1.7,0.3,1,6.0,EXPRESS,25.42,17.43,CLEAR,3.0,0.5558,0
117.4,10.5,5.3,0,25.3,EXPRESS,38.99,13.77,CLEAR,13.0,0.1342,1
35.3,3.3,3.1,0,6.3,FREIGHT,23.83,1.51,CLEAR,9.3,0.1898,1
144.7,5.7,4.3,0,15.2,EXPRESS,32.32,11.92,RAIN,4.6,0.1426,0
115.5,13.2,9.5,0,15.7,EXPRESS,33.45,12.58,CLEAR,11.6,0.1744,0
96.8,13.5,6.1,0,15.0,PASSENGER,29.69,16.82,CLEAR,12.3,0.1144,1
125.9,4.1,2.8,0,9.7,EXPRESS,26.96,0.26,CLEAR,6.5,0.0597,0
63.2,16.5,18.7,1,8.7,FREIGHT,17.01,10.28,RAIN,27.8,0.7604,1
105.4,10.9,2.7,0,22.4,PASSENGER,22.91,21.28,CLEAR,8.5,0.1314,0
106.1,0.9,0.5,1,9.4,PASSENGER,8.15,0.6,CLEAR,4.4,0.4685,1
54.1,18.0,22.1,1,18.9,FREIGHT,24.92,16.14,RAIN,33.7,0.8396,1
125.8,8.0,0.1,0,25.6,EXPRESS,20.81,5.36,CLEAR,6.0,0.0858,0
108.6,9.1,3.6,0,25.4,EXPRESS,32.27,9.3,RAIN,11.2,0.092,0
106.8,2.7,1.7,1,6.3,PASSENGER,36.15,21.22,CLEAR,11.5,0.2819,0
122.1,12.5,3.2,0,20.2,EXPRESS,5.75,8.7,CLEAR,12.8,0.1156,0
66.4,6.5,3.7,0,18.7,PASSENGER,27.79,13.09,CLEAR,11.5,0.1979,0
49.5,1.5,1.2,0,9.5,FREIGHT,38.03,2.15,STORM,16.2,0.2338,0
66.4,7.8,3.7,0,12.7,PASSENGER,36.76,7.79,CLEAR,9.8,0.1022,0
125.2,10.0,6.3,1,9.6,EXPRESS,33.46,3.4,RAIN,15.7,0.569,0
55.3,3.9,1.4,0,16.8,FREIGHT,2.41,13.48,STORM,16.7,0.2995,0
76.9,17.9,2.2,0,24.4,PASSENGER,10.47,11.03,CLEAR,23.2,0.2609,0
63.6,2.1,1.4,0,26.5,PASSENGER,6.36,6.35,CLEAR,10.9,0.1557,0
156.0,10.0,7.7,0,22.1,EXPRESS,37.11,23.99,STORM,10.7,0.2431,0
64.8,9.3,5.8,1,15.3,FREIGHT,30.08,3.68,CLEAR,18.8,0.5172,0
101.9,12.2,9.2,0,28.8,PASSENGER,21.51,19.81,RAIN,16.5,0.2751,1
78.3,4.2,0.8,0,17.6,PASSENGER,39.19,0.86,RAIN,8.8,0.0948,0
64.2,3.6,0.3,1,15.1,FREIGHT,8.19,20.32,CLEAR,14.1,0.6233,1
124.0,6.5,0.6,0,25.9,EXPRESS,25.84,11.45,CLEAR,10.2,0.0949,0
70.1,7.1,0.8,1,6.8,PASSENGER,24.57,19.88,RAIN,15.8,0.471,1
35.6,6.6,3.4,1,6.0,FREIGHT,13.95,17.93,CLEAR,16.6,0.6698,1
114.2,18.9,15.9,0,23.8,EXPRESS,19.67,13.74,CLEAR,21.4,0.2265,0
66.9,4.5,2.0,0,26.3,PASSENGER,9.8,8.92,CLEAR,7.9,0.0896,0
74.9,13.2,14.3,1,3.6,FREIGHT,27.25,15.97,CLEAR,26.0,0.6797,0
62.5,1.2,0.2,0,23.3,PASSENGER,17.02,19.98,CLEAR,6.5,0.0774,0
82.1,13.7,11.8,0,13.6,PASSENGER,1.43,12.08,CLEAR,17.4,0.5888,0
50.3,4.2,0.9,0,21.6,FREIGHT,38.06,9.96,CLEAR,8.4,0.1278,1
43.5,14.5,11.0,1,5.3,FREIGHT,20.31,3.43,RAIN,28.6,0.7898,1
130.0,9.5,0.3,0,29.2,EXPRESS,28.37,21.51,CLEAR,6.9,0.1023,0
100.5,12.8,13.3,0,26.6,EXPRESS,8.28,6.42,CLEAR,17.7,0.1342,0
99.2,2.4,1.0,0,13.1,PASSENGER,5.53,2.96,CLEAR,4.8,0.1147,0
76.6,5.1,1.6,0,27.0,PASSENGER,36.15,1.59,CLEAR,5.9,0.0498,0
89.6,6.2,3.0,1,27.0,PASSENGER,23.84,18.02,CLEAR,16.0,0.399,1
95.8,2.2,2.2,1,14.6,PASSENGER,19.99,16.2,CLEAR,9.1,0.5335,1
152.2,5.0,5.0,0,28.5,EXPRESS,21.09,2.89,RAIN,8.7,0.0832,0
101.8,15.4,16.6,0,29.3,PASSENGER,9.83,12.72,CLEAR,17.7,0.2006,0
132.6,9.1,4.2,0,7.7,EXPRESS,36.55,3.66,CLEAR,7.2,0.1195,0
79.4,12.8,5.8,1,3.4,PASSENGER,8.96,9.21,FOG,24.8,0.8873,1
85.2,1.3,0.4,1,10.9,PASSENGER,6.74,18.79,RAIN,10.6,0.2616,0
143.8,4.6,4.4,0,15.4,EXPRESS,37.24,5.47,CLEAR,3.0,0.0643,0
151.4,3.7,2.7,1,4.1,EXPRESS,10.67,0.67,CLEAR,6.6,0.7564,1
65.2,13.1,9.8,1,5.5,PASSENGER,34.57,4.64,RAIN,24.2,0.8213,1
79.2,3.7,2.2,0,29.2,PASSENGER,31.01,9.61,CLEAR,10.5,0.1039,0
144.3,7.3,5.1,1,22.5,EXPRESS,15.59,5.8,FOG,12.7,0.616,1
49.4,3.3,1.2,0,26.4,FREIGHT,10.53,17.33,RAIN,14.9,0.1272,0
76.6,2.8,1.4,0,29.2,PASSENGER,30.48,18.94,CLEAR,8.6,0.0536,0
48.5,4.9,2.1,1,12.3,FREIGHT,24.11,5.77,FOG,18.5,0.6162,1
90.1,3.2,1.6,0,21.1,PASSENGER,10.53,6.45,CLEAR,7.2,0.0932,0
110.0,6.7,1.3,1,6.7,PASSENGER,35.69,13.44,RAIN,13.1,0.6621,1
52.2,9.2,0.2,1,17.2,FREIGHT,28.98,18.06,CLEAR,20.5,0.6124,1
70.4,9.3,8.2,1,7.5,PASSENGER,36.42,23.02,RAIN,23.4,0.6812,1
68.1,0.4,0.3,1,6.1,PASSENGER,17.78,7.21,CLEAR,11.8,0.4585,1
93.0,11.6,9.8,1,4.3,EXPRESS,5.56,21.87,CLEAR,19.6,0.7446,0
87.9,1.0,0.6,1,18.0,PASSENGER,37.0,4.36,CLEAR,9.8,0.2819,0
128.1,1.6,0.3,0,28.6,EXPRESS,24.26,0.99,CLEAR,0.0,0.0723,0
104.4,6.7,3.7,1,5.0,EXPRESS,24.44,19.02,FOG,14.2,0.5616,0
138.7,5.0,3.1,1,15.8,EXPRESS,23.58,11.49,CLEAR,9.0,0.4376,1
141.9,4.7,3.0,0,21.1,EXPRESS,19.16,1.84,CLEAR,0.0,0.1187,0
41.7,7.6,3.8,0,15.6,FREIGHT,10.57,1.71,CLEAR,13.3,0.1912,0
114.1,1.7,1.5,0,27.5,EXPRESS,24.71,0.33,RAIN,4.8,0.0919,0
109.5,6.3,4.9,1,6.2,PASSENGER,28.88,7.35,CLEAR,16.3,0.6646,1
46.8,5.9,3.1,1,2.2,FREIGHT,36.7,17.65,CLEAR,18.4,0.7896,1
98.0,2.4,1.8,0,12.4,PASSENGER,3.35,15.97,CLEAR,2.9,0.1429,0
121.7,10.3,7.9,0,17.3,EXPRESS,10.56,23.99,RAIN,13.8,0.0903,0
99.7,16.0,5.9,1,8.8,PASSENGER,31.18,14.25,CLEAR,22.4,0.6324,0
98.5,7.7,2.3,1,6.3,PASSENGER,31.12,2.65,FOG,17.8,0.6387,1
93.4,8.4,8.5,0,24.4,PASSENGER,8.88,23.48,CLEAR,8.4,0.1485,1
102.7,13.3,11.4,1,6.9,PASSENGER,7.8,16.63,RAIN,24.5,0.6484,1
72.3,4.5,3.5,1,14.1,FREIGHT,15.0,8.98,RAIN,10.8,0.5926,1
89.0,15.6,1.1,0,28.7,PASSENGER,2.99,5.93,STORM,22.2,0.4314,0
106.6,19.9,11.1,0,19.0,EXPRESS,29.35,5.33,FOG,26.2,0.2467,0
79.9,1.2,0.9,1,15.7,PASSENGER,26.96,22.95,RAIN,11.3,0.5214,0
143.1,7.4,0.2,0,11.8,EXPRESS,34.42,10.07,CLEAR,4.8,0.0743,0
59.3,2.4,1.8,0,16.3,FREIGHT,17.49,11.68,STORM,11.3,0.1824,0
102.4,6.8,5.8,0,22.4,EXPRESS,25.65,20.08,CLEAR,7.6,0.1873,0
93.6,13.1,11.6,0,24.9,EXPRESS,38.18,23.13,RAIN,21.8,0.1618,1
60.7,6.9,4.6,0,20.0,FREIGHT,38.37,0.11,CLEAR,10.9,0.0855,0
72.6,22.7,13.6,0,24.0,PASSENGER,3.31,23.77,RAIN,28.6,0.5159,1
125.0,1.6,0.4,1,4.0,EXPRESS,0.57,1.81,RAIN,7.6,0.9312,1
97.3,5.3,0.3,1,1.9,PASSENGER,38.42,20.08,CLEAR,14.4,0.617,1
55.3,20.0,4.2,0,22.4,FREIGHT,21.65,22.81,CLEAR,20.2,0.1827,1
95.8,17.0,15.2,1,9.0,EXPRESS,28.17,13.47,RAIN,26.4,0.7804,1
38.4,4.8,3.1,0,26.5,FREIGHT,36.55,13.24,RAIN,12.4,0.1522,0
105.4,3.9,0.2,1,16.8,EXPRESS,17.61,16.06,RAIN,13.8,0.6073,1
72.9,3.6,1.1,1,15.1,PASSENGER,17.91,8.47,CLEAR,10.5,0.5359,1
55.4,6.3,1.3,0,23.5,FREIGHT,7.1,3.98,CLEAR,10.3,0.1922,1
125.3,2.3,1.9,0,22.6,EXPRESS,36.28,1.59,FOG,7.2,0.0979,0
70.2,3.2,0.2,0,21.6,PASSENGER,26.08,21.15,STORM,12.6,0.17,0
94.7,15.6,10.6,0,21.2,EXPRESS,7.62,13.14,CLEAR,17.5,0.2163,0
68.6,7.0,3.3,0,16.2,PASSENGER,22.61,16.66,FOG,14.0,0.2654,0
109.2,16.2,5.0,0,27.9,PASSENGER,13.46,7.97,CLEAR,14.0,0.1881,0
83.4,0.5,0.3,0,26.9,PASSENGER,6.31,19.37,RAIN,4.4,0.0689,0
150.7,1.5,0.3,1,10.9,EXPRESS,7.68,8.4,CLEAR,4.4,0.4548,0
149.4,6.6,4.0,0,24.4,EXPRESS,22.59,0.71,RAIN,3.6,0.1133,0
125.8,9.3,9.8,0,26.9,EXPRESS,22.79,8.09,CLEAR,7.6,0.1246,0
139.5,3.8,3.4,0,19.1,EXPRESS,31.7,20.41,RAIN,6.8,0.1199,1
69.6,10.4,9.5,0,17.3,PASSENGER,10.3,21.02,RAIN,17.8,0.1794,0
61.0,13.3,7.5,0,20.6,FREIGHT,36.68,22.43,RAIN,20.1,0.1976,1
73.6,7.6,0.4,1,6.1,PASSENGER,20.99,11.99,CLEAR,15.2,0.6664,1
101.6,1.4,1.0,1,4.0,PASSENGER,8.56,22.96,CLEAR,10.0,0.4569,0
33.8,4.2,4.8,0,24.9,FREIGHT,16.82,11.98,RAIN,8.5,0.1343,1
98.7,3.3,2.6,0,17.8,PASSENGER,36.97,3.69,RAIN,4.7,0.1736,0
34.5,3.5,1.5,1,5.0,FREIGHT,19.39,12.05,CLEAR,17.7,0.6414,1
104.1,7.8,2.4,0,13.4,PASSENGER,35.05,20.85,CLEAR,7.8,0.1375,0
111.3,2.2,2.7,1,10.0,EXPRESS,6.81,18.86,CLEAR,8.1,0.6264,0
135.8,12.6,10.9,0,26.5,EXPRESS,36.6,10.42,RAIN,14.2,0.1086,0
84.4,1.1,0.5,1,16.0,PASSENGER,17.51,5.1,FOG,10.5,0.4575,0
115.6,12.6,1.5,0,18.0,EXPRESS,37.48,13.95,RAIN,12.2,0.1365,0
135.2,11.1,3.5,1,8.2,EXPRESS,34.71,22.35,RAIN,15.4,0.5537,1
107.4,13.0,5.4,0,24.3,PASSENGER,26.57,4.26,CLEAR,13.8,0.1542,0
62.1,5.0,4.5,0,28.0,PASSENGER,27.08,19.85,RAIN,8.4,0.1498,0
105.9,14.0,12.8,1,24.1,PASSENGER,8.85,3.54,RAIN,22.6,0.7411,1
132.6,8.9,7.1,0,15.5,EXPRESS,24.31,22.07,CLEAR,8.6,0.1182,1
146.5,5.5,3.7,0,25.3,EXPRESS,22.21,16.64,CLEAR,3.9,0.1056,0
79.2,1.7,1.1,1,6.9,PASSENGER,13.7,2.62,CLEAR,9.3,0.6269,1
51.2,7.1,2.7,1,4.7,FREIGHT,20.47,4.86,CLEAR,18.4,0.7612,1
103.4,7.3,5.3,1,14.0,PASSENGER,37.2,22.25,FOG,18.7,0.6336,0
48.7,11.7,8.2,1,6.7,FREIGHT,0.71,12.18,CLEAR,24.5,0.9462,1
86.7,22.5,14.5,0,8.9,PASSENGER,16.98,10.88,CLEAR,28.2,0.297,0
61.0,6.8,4.2,0,18.2,PASSENGER,13.68,1.4,FOG,13.1,0.2188,0
101.1,4.2,3.4,1,13.0,EXPRESS,38.47,2.02,CLEAR,12.4,0.5778,0
92.1,3.0,0.1,0,26.2,PASSENGER,38.97,16.6,CLEAR,3.9,0.1074,0
95.8,9.7,0.3,1,7.9,PASSENGER,23.63,18.65,CLEAR,11.4,0.5558,1
89.1,3.4,0.8,0,29.9,PASSENGER,22.23,20.81,RAIN,9.2,0.1027,0
67.2,3.3,0.3,1,11.7,PASSENGER,36.18,12.07,CLEAR,14.0,0.5388,0
82.3,9.9,2.3,1,16.2,PASSENGER,0.76,7.89,CLEAR,20.0,0.9469,1
114.9,3.5,1.8,1,5.3,EXPRESS,22.71,15.01,CLEAR,7.0,0.4592,1
84.8,21.2,4.6,1,18.0,PASSENGER,1.47,14.85,CLEAR,27.1,0.9119,1
150.9,5.0,3.5,0,28.9,EXPRESS,38.74,0.83,CLEAR,2.4,0.0679,0
64.9,7.4,4.1,0,22.9,FREIGHT,13.15,22.53,CLEAR,14.2,0.1897,1
95.9,3.6,2.9,1,8.5,EXPRESS,21.07,15.42,CLEAR,8.4,0.5102,1
152.3,3.0,1.5,1,14.1,EXPRESS,16.99,0.16,CLEAR,4.9,0.4641,0
83.6,11.6,13.7,1,13.6,PASSENGER,35.8,23.03,CLEAR,20.9,0.5938,0
97.2,1.1,0.4,1,4.3,PASSENGER,39.99,22.86,CLEAR,10.9,0.4701,1
67.0,11.1,12.6,0,26.7,PASSENGER,3.2,22.7,RAIN,18.9,0.4864,1
137.0,2.4,1.7,1,12.4,EXPRESS,29.42,21.33,CLEAR,6.2,0.4865,1
71.8,4.0,3.2,0,15.6,PASSENGER,15.04,4.43,RAIN,9.4,0.1342,0
120.7,5.5,0.5,1,9.8,EXPRESS,5.99,23.45,RAIN,11.5,0.711,1
30.8,1.0,0.3,1,5.8,FREIGHT,16.51,18.29,RAIN,17.1,0.7823,1
36.8,4.5,2.5,0,27.2,FREIGHT,39.93,15.38,RAIN,11.2,0.1481,0
64.6,7.2,6.1,1,2.6,PASSENGER,14.62,22.62,RAIN,20.5,0.7218,1
106.8,1.7,1.4,1,12.9,EXPRESS,11.46,9.15,CLEAR,7.6,0.4593,0
65.0,9.6,3.7,0,22.3,PASSENGER,33.92,22.35,CLEAR,9.6,0.1181,0
138.4,7.3,1.5,0,10.3,EXPRESS,34.78,14.54,CLEAR,2.0,0.1021,0
61.5,7.9,2.2,0,14.2,PASSENGER,13.89,13.9,CLEAR,9.5,0.1519,0
133.2,10.7,10.7,0,17.6,EXPRESS,12.3,15.5,CLEAR,10.3,0.3047,0
36.3,9.7,8.7,0,29.9,FREIGHT,26.07,18.1,CLEAR,18.0,0.146,1
156.2,3.5,3.3,0,23.1,EXPRESS,8.6,10.68,RAIN,1.4,0.0705,0
106.7,4.1,1.2,0,29.1,PASSENGER,19.61,23.53,RAIN,3.4,0.0796,0
71.3,6.3,1.0,0,21.3,PASSENGER,6.08,2.12,CLEAR,11.8,0.0529,0
90.7,20.7,13.9,1,9.2,PASSENGER,12.54,21.93,CLEAR,28.8,0.6591,0
92.0,2.2,1.0,1,9.7,EXPRESS,12.25,15.78,RAIN,10.8,0.4214,0
71.9,9.1,7.4,0,24.9,FREIGHT,27.95,21.84,CLEAR,13.9,0.1914,1
86.1,1.9,2.1,1,13.7,PASSENGER,11.65,8.85,CLEAR,7.8,0.3793,0
62.2,18.6,19.1,1,12.1,PASSENGER,35.99,19.9,RAIN,33.1,0.7085,0
114.0,2.8,2.1,0,28.4,EXPRESS,39.33,14.78,CLEAR,4.3,0.0566,0
63.8,3.8,1.9,1,1.9,PASSENGER,3.7,19.95,RAIN,18.0,0.8566,0
79.6,11.9,4.6,0,16.5,PASSENGER,16.21,7.8,CLEAR,14.2,0.1318,0
136.9,20.2,14.7,0,23.6,EXPRESS,12.42,22.02,CLEAR,19.3,0.2183,0
122.9,13.9,16.8,0,22.5,EXPRESS,14.4,22.18,CLEAR,16.3,0.1674,0
47.3,6.2,5.5,1,12.0,FREIGHT,10.98,11.4,CLEAR,14.0,0.5383,0
98.3,12.0,6.3,0,16.8,EXPRESS,15.62,9.61,RAIN,13.7,0.1305,0
107.1,5.3,3.7,1,1.7,EXPRESS,6.09,13.8,CLEAR,14.7,0.7296,1
65.0,10.7,6.3,1,16.7,PASSENGER,11.55,4.8,FOG,22.1,0.7662,1
100.4,11.7,8.8,0,18.3,PASSENGER,30.04,11.91,CLEAR,12.4,0.1038,0
99.5,8.6,3.0,0,26.4,EXPRESS,14.09,21.52,CLEAR,11.5,0.1581,0
89.8,9.9,4.4,0,7.5,PASSENGER,8.71,8.76,RAIN,13.1,0.2375,0
114.0,10.4,3.5,0,25.0,EXPRESS,4.78,17.67,RAIN,9.8,0.117,0
105.8,5.2,3.7,0,22.0,EXPRESS,14.25,14.95,CLEAR,5.8,0.1143,0
134.8,8.2,9.9,0,20.5,EXPRESS,25.91,6.27,CLEAR,11.3,0.1221,0
50.6,2.8,2.0,0,12.7,FREIGHT,10.51,12.76,FOG,12.1,0.2516,0
118.0,9.1,1.1,0,12.0,EXPRESS,17.19,20.46,RAIN,9.5,0.1018,0
131.5,3.6,2.7,1,21.5,EXPRESS,38.12,13.32,RAIN,8.5,0.5272,0
84.6,1.6,1.0,0,29.7,PASSENGER,22.32,16.72,CLEAR,1.2,0.1013,0
43.7,3.8,3.1,0,13.1,FREIGHT,21.51,18.61,CLEAR,10.3,0.0779,0
129.1,13.4,10.5,0,27.7,EXPRESS,16.69,1.19,RAIN,15.1,0.2558,0
93.5,10.0,4.3,1,18.2,PASSENGER,22.5,1.23,RAIN,18.9,0.5409,1
91.9,11.9,8.7,0,26.2,EXPRESS,39.39,2.76,RAIN,15.7,0.1864,1
83.3,3.5,0.8,1,7.7,PASSENGER,10.53,3.91,RAIN,11.8,0.5644,0
62.9,23.3,10.4,1,23.2,PASSENGER,37.71,19.47,CLEAR,33.2,0.7572,1
69.3,4.0,4.1,0,25.3,PASSENGER,6.39,10.45,CLEAR,7.9,0.1042,0
129.2,6.1,0.1,0,25.2,EXPRESS,4.89,4.45,CLEAR,2.9,0.1001,0
150.6,7.2,4.5,0,23.9,EXPRESS,26.36,12.76,CLEAR,3.4,0.1099,0
151.8,15.2,13.6,1,10.2,EXPRESS,10.42,18.32,CLEAR,17.9,0.8024,0
94.9,0.9,0.4,0,16.4,EXPRESS,18.05,3.36,RAIN,4.4,0.0607,1
119.3,4.6,3.9,1,10.0,EXPRESS,29.32,8.27,CLEAR,9.1,0.4507,0
89.2,14.6,11.1,1,11.3,PASSENGER,21.63,4.66,RAIN,24.6,0.74,1
36.6,0.6,0.0,1,10.1,FREIGHT,1.04,15.51,CLEAR,12.5,0.8824,1
64.4,5.8,4.5,1,9.6,FREIGHT,12.58,3.28,CLEAR,17.5,0.6456,1
63.5,2.7,2.9,1,21.3,FREIGHT,3.06,18.75,CLEAR,12.5,0.7453,0
105.2,2.3,1.9,0,20.0,PASSENGER,37.08,4.99,CLEAR,3.3,0.0438,0
60.4,11.3,4.4,0,7.3,PASSENGER,31.89,1.41,CLEAR,15.5,0.1509,0
105.2,7.8,0.2,1,21.2,EXPRESS,39.36,21.86,CLEAR,12.0,0.573,0
101.4,14.9,6.3,1,9.8,PASSENGER,35.46,8.0,CLEAR,18.7,0.6344,0
93.5,3.4,0.0,1,7.2,PASSENGER,19.28,12.07,CLEAR,10.3,0.4062,0
104.7,5.8,1.6,0,22.8,PASSENGER,35.36,2.42,RAIN,9.4,0.0678,0
62.9,8.6,3.2,0,11.8,PASSENGER,27.06,11.51,CLEAR,14.9,0.1389,0
131.8,4.8,2.1,0,17.7,EXPRESS,21.22,5.34,FOG,7.5,0.1031,0
129.8,3.1,1.7,1,7.2,EXPRESS,15.14,20.17,CLEAR,14.8,0.6794,1
31.6,8.7,8.0,0,19.0,FREIGHT,27.4,17.13,STORM,22.7,0.3058,0
125.9,14.2,12.3,0,7.4,EXPRESS,23.81,15.92,RAIN,13.4,0.1806,0
90.5,13.6,9.3,1,6.3,PASSENGER,24.76,18.75,CLEAR,22.6,0.7812,1
38.6,6.4,3.3,1,12.5,FREIGHT,16.29,7.05,CLEAR,20.1,0.6396,1
73.7,13.3,9.7,0,24.0,PASSENGER,29.7,10.89,RAIN,18.3,0.2405,1
92.0,13.0,11.4,1,6.5,PASSENGER,3.71,2.08,RAIN,20.1,0.9016,1
122.8,3.4,2.4,1,4.8,EXPRESS,29.18,1.63,CLEAR,5.9,0.6517,1
150.1,5.5,1.5,1,2.4,EXPRESS,29.37,7.9,CLEAR,10.3,0.6584,1
45.4,2.5,0.5,0,13.4,FREIGHT,20.88,19.75,CLEAR,6.9,0.1452,0
73.3,5.2,2.9,1,9.5,PASSENGER,10.9,14.34,CLEAR,13.8,0.6887,1
109.2,16.5,13.2,1,9.8,PASSENGER,21.01,10.19,CLEAR,22.2,0.6445,1
153.8,6.7,3.7,0,29.5,EXPRESS,5.36,23.21,RAIN,8.5,0.0949,0
92.0,16.4,5.0,1,7.0,EXPRESS,11.76,10.61,CLEAR,24.7,0.836,1
64.7,7.3,0.5,1,14.6,FREIGHT,17.14,11.25,RAIN,16.3,0.488,1
97.7,0.9,0.7,0,29.6,EXPRESS,27.09,23.82,CLEAR,2.2,0.1438,0
61.4,5.5,2.8,1,2.4,PASSENGER,7.9,3.15,FOG,22.7,0.7688,1
109.2,13.2,13.6,0,21.4,EXPRESS,6.75,6.13,CLEAR,15.5,0.1663,0
73.5,3.6,2.0,0,12.1,PASSENGER,24.51,10.88,FOG,11.6,0.1732,0
66.9,13.5,9.4,0,27.3,FREIGHT,27.34,13.71,FOG,23.3,0.1462,0
95.5,1.1,0.6,0,27.5,PASSENGER,3.8,3.55,FOG,4.8,0.3149,0
158.7,9.8,4.3,0,12.5,EXPRESS,1.81,7.89,CLEAR,8.8,0.4339,1
95.6,4.9,4.1,1,7.8,PASSENGER,6.31,5.29,RAIN,13.4,0.7592,1
80.9,24.1,8.8,0,13.7,PASSENGER,36.09,20.4,CLEAR,21.6,0.1719,0
94.9,0.1,0.0,0,29.0,PASSENGER,27.07,20.03,CLEAR,0.1,0.1021,0
75.0,1.4,0.9,1,9.5,FREIGHT,36.88,5.76,CLEAR,8.6,0.5766,1
95.5,4.9,1.1,0,29.5,PASSENGER,26.76,10.44,CLEAR,9.4,0.0912,0
64.3,19.1,13.5,0,24.9,FREIGHT,38.63,15.64,CLEAR,23.5,0.3021,0
106.9,3.3,0.8,0,9.1,PASSENGER,17.84,1.16,CLEAR,4.4,0.1151,0
98.0,10.9,0.2,0,24.0,EXPRESS,24.16,21.21,CLEAR,14.5,0.0768,0
139.3,5.5,3.4,1,2.9,EXPRESS,24.25,12.26,RAIN,11.2,0.6202,1
149.6,5.7,3.4,0,17.1,EXPRESS,0.62,5.44,RAIN,4.4,0.531,0
72.9,16.7,8.4,1,11.7,FREIGHT,1.58,9.52,CLEAR,25.0,0.8306,1
70.5,16.8,13.4,0,13.7,PASSENGER,6.24,21.64,CLEAR,21.5,0.353,1
85.2,4.2,3.5,1,15.0,PASSENGER,20.69,0.59,STORM,18.4,0.7299,1
137.6,18.3,12.0,1,15.8,EXPRESS,17.51,3.43,FOG,25.8,0.793,1
107.3,9.6,5.8,0,20.2,EXPRESS,21.82,4.63,CLEAR,9.2,0.2137,1
90.0,2.5,1.4,1,21.4,PASSENGER,32.12,1.44,CLEAR,6.0,0.4723,1
72.9,13.0,11.9,0,29.3,PASSENGER,32.98,5.41,STORM,23.8,0.2757,0
113.3,6.7,5.0,1,23.2,EXPRESS,39.09,19.61,CLEAR,8.4,0.4483,0
82.1,3.1,2.4,0,21.1,PASSENGER,22.52,12.65,CLEAR,7.3,0.0993,0
127.0,14.4,5.1,1,12.7,EXPRESS,14.22,14.53,CLEAR,19.4,0.4016,0
121.5,3.4,2.3,1,4.9,EXPRESS,12.67,3.74,CLEAR,11.8,0.6976,1
84.7,1.1,0.5,1,3.2,PASSENGER,13.96,6.68,RAIN,12.3,0.6568,1
110.9,9.3,5.7,0,15.1,EXPRESS,13.29,22.02,CLEAR,14.4,0.1865,0
37.2,13.3,7.8,1,20.5,FREIGHT,16.02,5.05,CLEAR,21.7,0.8079,1
93.3,9.0,5.9,0,20.0,EXPRESS,3.46,21.76,STORM,19.9,0.3707,1
103.7,2.6,1.2,0,28.7,EXPRESS,25.52,15.92,CLEAR,2.6,0.0549,0
130.7,21.3,14.1,1,12.4,EXPRESS,22.94,12.07,CLEAR,25.4,0.4774,0
99.3,2.5,0.1,0,19.4,PASSENGER,18.75,4.17,RAIN,6.1,0.1793,0
68.5,3.0,1.8,0,26.8,PASSENGER,3.7,16.17,CLEAR,10.1,0.1516,0
65.4,6.1,1.4,0,13.0,PASSENGER,4.18,21.27,FOG,11.4,0.2096,0
142.5,1.0,0.2,0,15.1,EXPRESS,22.03,3.83,RAIN,5.5,0.0731,0
111.4,8.0,2.3,0,27.8,EXPRESS,1.94,0.15,RAIN,5.5,0.2356,0
107.6,6.1,4.4,0,17.2,PASSENGER,29.13,17.76,CLEAR,7.5,0.1004,0
62.1,17.0,9.6,0,24.3,FREIGHT,39.75,14.41,STORM,28.1,0.3115,1
44.7,26.0,20.6,0,28.2,FREIGHT,24.1,12.07,RAIN,36.2,0.4604,1
110.3,16.3,7.4,1,17.8,EXPRESS,29.08,10.95,CLEAR,18.3,0.6261,1
86.2,5.9,2.8,1,4.6,PASSENGER,17.84,11.94,CLEAR,10.8,0.6789,0
33.6,10.0,5.8,0,24.9,FREIGHT,26.86,8.99,CLEAR,19.6,0.2398,0
98.2,10.6,8.3,0,24.8,EXPRESS,26.25,1.98,RAIN,14.8,0.1318,0
37.9,11.7,2.8,1,4.8,FREIGHT,33.05,18.62,CLEAR,19.6,0.7553,1
144.2,8.1,6.9,1,17.1,EXPRESS,28.6,11.23,CLEAR,10.4,0.4261,1
53.1,5.6,3.0,0,15.4,FREIGHT,30.09,19.8,RAIN,11.4,0.1709,0
60.5,7.1,2.2,0,25.6,PASSENGER,22.49,23.57,RAIN,15.4,0.2222,1
60.3,4.6,3.4,0,9.3,FREIGHT,19.64,4.12,RAIN,11.2,0.1907,0
81.2,5.0,5.1,0,13.6,PASSENGER,18.62,19.04,CLEAR,8.7,0.1127,0
125.8,11.3,5.8,0,18.7,EXPRESS,15.98,23.46,CLEAR,10.3,0.0993,0
39.6,2.2,2.0,0,16.2,FREIGHT,11.01,17.39,CLEAR,12.6,0.1693,0
128.6,9.6,3.8,0,28.7,EXPRESS,1.82,5.9,CLEAR,10.4,0.2257,1
158.5,14.7,10.8,0,28.9,EXPRESS,27.01,21.52,RAIN,14.8,0.1741,0
63.7,16.7,16.8,1,3.8,PASSENGER,36.09,19.04,CLEAR,29.3,0.8591,1
74.2,1.8,1.2,0,10.0,PASSENGER,37.25,10.78,CLEAR,6.8,0.0712,0
40.9,5.4,1.0,1,1.7,FREIGHT,23.43,13.74,CLEAR,18.3,0.7983,1
107.4,9.2,5.1,1,13.4,EXPRESS,4.22,17.33,FOG,19.8,0.6668,0
78.9,3.9,2.4,0,20.4,PASSENGER,35.21,2.99,RAIN,8.3,0.0955,0
100.9,1.6,0.1,0,14.9,PASSENGER,30.04,22.25,CLEAR,1.0,0.0655,0
153.9,2.9,1.9,1,3.4,EXPRESS,10.43,23.7,RAIN,8.4,0.7155,1
104.2,12.0,7.4,1,7.1,EXPRESS,32.24,7.93,RAIN,20.3,0.6927,1
128.0,10.9,7.2,1,6.4,EXPRESS,19.14,17.16,CLEAR,18.7,0.5803,1
134.6,4.4,3.1,1,16.1,EXPRESS,35.56,10.11,RAIN,11.5,0.4562,1
53.5,8.4,2.9,0,20.8,FREIGHT,10.28,0.67,FOG,14.5,0.2697,0
81.7,9.7,3.9,1,10.5,PASSENGER,32.14,23.01,CLEAR,19.6,0.4515,0
69.6,1.3,1.1,1,5.2,PASSENGER,28.62,3.42,CLEAR,6.4,0.4636,0
52.0,7.0,3.4,0,24.3,FREIGHT,1.07,1.8,CLEAR,13.3,0.3585,1
118.1,5.7,0.0,0,26.0,EXPRESS,22.75,20.09,CLEAR,4.0,0.089,0
65.8,17.5,2.9,0,9.4,FREIGHT,28.76,0.81,CLEAR,18.0,0.2117,0
98.2,2.6,1.8,0,13.5,PASSENGER,6.68,16.51,CLEAR,2.7,0.1065,0
36.0,7.3,5.1,1,3.8,FREIGHT,21.51,22.32,CLEAR,23.7,0.7449,1
96.2,14.6,4.6,1,8.0,EXPRESS,12.51,9.75,CLEAR,21.8,0.5714,1
70.9,2.0,2.2,0,23.4,FREIGHT,28.0,1.64,CLEAR,7.2,0.0653,0
127.5,2.2,0.0,0,11.9,EXPRESS,21.84,5.24,CLEAR,4.0,0.0941,0
150.0,3.1,1.3,0,18.7,EXPRESS,25.05,22.76,CLEAR,0.5,0.0463,0
62.9,6.5,4.5,0,28.5,PASSENGER,3.37,11.17,CLEAR,14.1,0.1866,0
126.9,1.5,0.3,0,22.1,EXPRESS,5.94,12.99,RAIN,2.3,0.1431,1
87.0,8.5,0.5,0,14.4,PASSENGER,22.31,3.75,CLEAR,4.3,0.1213,0
103.0,5.4,4.7,1,12.0,PASSENGER,7.66,22.03,CLEAR,15.4,0.5179,1
64.9,9.5,6.3,1,6.9,PASSENGER,20.2,12.41,CLEAR,13.7,0.7161,0
106.8,4.0,1.7,0,23.0,EXPRESS,27.76,12.69,FOG,7.7,0.0894,0
118.5,4.2,3.0,0,4.7,EXPRESS,32.49,13.83,CLEAR,7.7,0.119,1
150.6,16.4,13.1,1,3.2,EXPRESS,6.15,18.42,RAIN,18.1,0.8083,1
106.9,22.4,13.1,1,4.5,PASSENGER,29.8,4.87,STORM,34.4,0.8175,1
159.5,4.7,1.7,1,8.4,EXPRESS,14.85,22.62,CLEAR,6.5,0.4863,0
157.1,11.6,7.5,0,19.4,EXPRESS,27.32,4.21,CLEAR,10.7,0.1817,1
90.4,8.4,4.1,0,26.0,EXPRESS,6.24,4.74,RAIN,13.2,0.2318,0
93.3,15.8,16.7,0,29.8,EXPRESS,20.85,0.3,RAIN,18.1,0.2892,0
67.4,7.4,2.9,0,22.3,PASSENGER,33.58,0.47,RAIN,11.7,0.1635,1
45.7,8.0,6.7,1,5.7,FREIGHT,4.7,10.29,CLEAR,18.1,0.8217,1
148.1,11.1,6.6,0,9.4,EXPRESS,33.19,4.39,CLEAR,5.8,0.127,0
104.6,4.0,3.1,1,5.3,PASSENGER,18.38,5.09,RAIN,11.7,0.4841,1
69.3,12.7,7.1,1,4.8,PASSENGER,33.02,23.71,CLEAR,25.6,0.7245,1
91.0,4.5,1.4,1,17.7,PASSENGER,38.36,22.3,CLEAR,12.4,0.5503,0
105.9,2.0,0.6,0,27.3,PASSENGER,6.81,7.74,RAIN,5.7,0.1405,1
83.2,3.9,2.5,0,21.0,PASSENGER,27.15,8.24,STORM,10.3,0.1638,0
65.2,9.7,12.9,1,24.3,PASSENGER,9.79,7.01,RAIN,17.7,0.74,1
122.0,10.0,3.1,1,16.0,EXPRESS,5.85,21.17,FOG,18.2,0.5815,1
78.8,5.6,4.5,0,15.0,PASSENGER,25.31,2.36,CLEAR,11.6,0.1797,1
88.9,5.4,4.4,0,28.2,PASSENGER,4.77,14.02,FOG,11.6,0.1847,1
120.7,1.3,0.6,0,22.1,EXPRESS,18.87,4.47,RAIN,4.6,0.0414,0
91.2,19.5,2.2,1,14.6,EXPRESS,25.62,18.2,CLEAR,23.8,0.6595,0
74.7,8.5,5.5,1,11.0,FREIGHT,20.24,15.15,CLEAR,17.4,0.6089,0
87.2,13.5,16.1,1,4.2,PASSENGER,28.03,9.31,CLEAR,22.5,0.8002,1
83.7,4.3,0.8,0,24.9,PASSENGER,32.16,2.35,CLEAR,7.9,0.0851,0
73.0,17.0,2.4,1,6.3,FREIGHT,34.95,18.42,CLEAR,24.3,0.6567,1
67.8,3.1,0.4,0,16.2,PASSENGER,22.61,1.85,STORM,14.2,0.1343,0
69.5,2.9,1.2,0,19.7,PASSENGER,11.43,6.57,FOG,11.8,0.1386,0
100.4,2.7,2.1,1,22.7,PASSENGER,20.63,6.09,CLEAR,8.5,0.4345,1
41.7,4.5,3.5,1,3.9,FREIGHT,15.81,13.88,STORM,24.1,0.892,1
100.0,2.0,1.2,1,1.8,PASSENGER,9.42,12.33,CLEAR,11.0,0.6801,1
73.6,3.7,1.2,1,21.6,PASSENGER,21.4,6.71,CLEAR,15.6,0.4186,1
92.3,12.6,6.8,0,14.5,EXPRESS,1.39,10.33,FOG,20.8,0.5946,0
53.3,16.8,14.8,1,6.7,FREIGHT,24.42,10.47,FOG,32.1,0.8463,1
69.8,6.1,1.8,0,29.5,PASSENGER,32.95,13.77,RAIN,9.9,0.1539,0
143.0,4.5,5.2,1,24.1,EXPRESS,39.98,21.56,RAIN,9.9,0.4832,1
58.9,5.4,1.3,0,18.0,FREIGHT,36.91,3.41,CLEAR,7.9,0.1359,0
106.2,15.5,11.8,1,21.5,PASSENGER,4.05,13.38,CLEAR,22.4,0.8381,1
144.8,7.3,5.0,1,5.9,EXPRESS,6.92,0.44,STORM,12.5,0.8335,1
69.0,8.6,7.3,0,28.9,PASSENGER,5.98,16.76,CLEAR,11.0,0.2208,1
100.0,0.2,0.2,0,29.9,PASSENGER,22.55,15.37,CLEAR,2.9,0.0341,0
58.9,3.4,4.1,0,20.0,FREIGHT,2.31,16.66,RAIN,13.4,0.1697,1
136.8,6.6,3.4,0,20.5,EXPRESS,37.51,11.4,RAIN,7.7,0.1143,0
67.5,2.4,1.6,0,21.6,FREIGHT,2.94,4.48,CLEAR,6.4,0.1092,0
88.7,3.8,1.4,0,20.5,PASSENGER,15.95,10.75,CLEAR,4.6,0.0658,0
122.6,4.8,3.9,0,14.0,EXPRESS,35.81,0.57,CLEAR,4.3,0.1216,0
58.6,12.4,5.5,0,16.9,FREIGHT,37.96,9.15,CLEAR,13.6,0.1361,0
74.9,9.1,0.2,1,9.6,PASSENGER,18.88,20.13,RAIN,17.6,0.5684,1
102.8,16.6,3.8,0,14.2,EXPRESS,19.79,8.13,CLEAR,21.3,0.1504,0
90.8,7.8,0.8,0,13.9,PASSENGER,25.63,14.2,RAIN,11.6,0.1774,0
40.5,13.5,0.7,1,9.7,FREIGHT,16.6,6.27,CLEAR,24.3,0.7923,0
95.6,8.3,4.4,0,23.9,EXPRESS,13.32,3.22,CLEAR,6.6,0.2403,1
90.0,11.4,1.7,1,13.2,EXPRESS,29.71,12.5,CLEAR,20.5,0.6447,1
132.6,5.3,2.6,0,17.2,EXPRESS,24.02,0.86,CLEAR,7.6,0.1457,0
115.4,6.6,2.0,1,5.9,EXPRESS,19.53,21.71,RAIN,14.4,0.5356,1
97.6,5.3,4.7,1,15.0,PASSENGER,4.48,18.65,CLEAR,13.6,0.5021,0
78.8,5.6,2.9,0,23.2,PASSENGER,3.22,23.95,CLEAR,7.7,0.2121,0
124.0,19.1,14.9,1,14.2,EXPRESS,20.68,23.84,CLEAR,23.5,0.7182,1
118.5,4.4,2.0,0,17.4,EXPRESS,24.97,17.5,RAIN,11.7,0.1645,0
135.5,8.3,6.1,0,21.5,EXPRESS,26.47,18.64,CLEAR,6.6,0.0959,0
46.0,3.9,1.3,0,12.6,FREIGHT,35.85,12.67,CLEAR,13.9,0.0999,0
157.5,5.9,3.2,0,11.6,EXPRESS,32.74,5.25,CLEAR,7.6,0.0845,0
72.1,7.2,3.6,1,3.9,FREIGHT,6.06,19.4,CLEAR,18.3,0.7182,1
102.4,4.1,1.8,1,18.1,PASSENGER,31.88,6.47,CLEAR,10.0,0.4619,0
154.4,4.2,2.9,0,21.6,EXPRESS,27.21,15.6,CLEAR,0.0,0.0837,0
50.2,9.7,1.5,1,18.1,FREIGHT,33.21,17.54,CLEAR,20.2,0.7075,1
86.8,4.5,0.0,0,9.6,PASSENGER,33.81,13.54,RAIN,9.0,0.0769,1
97.1,2.2,1.1,1,9.0,PASSENGER,14.15,15.91,STORM,14.8,0.7007,1
61.3,9.4,5.4,1,6.0,FREIGHT,10.9,7.03,CLEAR,18.8,0.7442,1
152.3,6.2,6.6,1,2.8,EXPRESS,22.33,18.25,RAIN,13.6,0.7102,0
140.1,2.2,1.5,1,13.7,EXPRESS,12.3,22.65,CLEAR,6.7,0.4933,1
109.9,8.5,2.4,1,6.1,PASSENGER,14.31,11.62,CLEAR,14.5,0.5601,0
114.4,6.3,0.2,0,21.2,EXPRESS,3.23,2.9,CLEAR,8.7,0.1017,0
148.3,2.9,1.2,0,28.9,EXPRESS,39.66,14.87,RAIN,2.2,0.0888,0
138.8,7.7,6.8,1,3.6,EXPRESS,12.72,8.19,CLEAR,13.0,0.6254,1
138.4,3.8,4.2,0,26.9,EXPRESS,31.31,10.06,FOG,3.7,0.1299,1
76.3,8.4,1.0,0,20.2,PASSENGER,39.73,3.64,RAIN,12.4,0.1132,0
145.0,8.2,1.3,0,26.0,EXPRESS,38.78,15.02,CLEAR,5.5,0.1162,0
105.0,11.3,7.6,1,5.9,PASSENGER,25.54,18.89,RAIN,15.0,0.7614,1
70.9,2.5,1.1,0,27.3,PASSENGER,21.78,18.39,CLEAR,7.7,0.1183,0
91.3,2.6,1.8,0,28.8,PASSENGER,12.72,23.85,RAIN,8.5,0.1499,0
117.4,11.4,4.9,1,27.3,EXPRESS,34.53,5.09,CLEAR,20.1,0.5489,0
109.5,4.1,3.7,0,23.9,PASSENGER,13.85,21.94,CLEAR,3.6,0.13,0
123.5,5.4,2.8,1,4.1,EXPRESS,4.72,17.58,RAIN,12.8,0.6801,1
71.4,14.3,10.3,0,7.8,PASSENGER,12.12,16.98,RAIN,21.7,0.2311,0
47.2,2.1,1.1,0,27.5,FREIGHT,12.95,16.41,CLEAR,8.1,0.1155,0
92.7,5.9,6.1,1,8.0,PASSENGER,28.88,12.92,CLEAR,12.6,0.6718,1
63.8,2.2,0.8,1,11.4,PASSENGER,7.2,9.09,CLEAR,8.9,0.5446,1
90.2,8.7,4.3,0,2.9,PASSENGER,13.02,22.64,FOG,16.7,0.3434,0
155.2,15.2,9.2,1,19.4,EXPRESS,3.53,3.63,CLEAR,19.4,0.6788,1
68.3,4.4,2.8,0,17.6,FREIGHT,34.01,4.22,CLEAR,9.0,0.0561,0
33.0,6.5,5.8,0,28.9,FREIGHT,29.13,0.4,RAIN,15.4,0.1665,0
159.5,8.0,7.7,0,26.9,EXPRESS,17.78,17.75,CLEAR,6.3,0.1085,0
94.9,0.9,0.7,0,15.9,PASSENGER,17.49,21.46,RAIN,6.5,0.125,0
37.3,5.2,5.5,1,18.9,FREIGHT,7.07,4.47,CLEAR,17.8,0.6656,0
30.6,12.5,11.4,1,13.3,FREIGHT,15.69,0.83,CLEAR,22.8,0.8666,0
68.6,14.0,3.9,1,5.3,PASSENGER,36.32,5.86,RAIN,25.4,0.7611,1
101.9,6.3,0.9,0,26.2,PASSENGER,5.98,21.21,CLEAR,6.1,0.1134,0
91.5,5.2,0.6,0,17.2,EXPRESS,30.72,0.39,RAIN,7.4,0.1125,0
40.5,4.9,1.4,1,13.6,FREIGHT,2.36,2.43,CLEAR,13.9,0.704,1
143.0,7.2,0.5,1,3.5,EXPRESS,12.81,0.6,CLEAR,11.2,0.5969,0
89.3,6.5,3.2,0,20.5,PASSENGER,33.95,22.64,FOG,11.0,0.1292,0
144.8,3.2,0.3,1,12.9,EXPRESS,18.08,3.25,RAIN,7.0,0.4956,0
142.2,2.4,1.1,1,8.7,EXPRESS,28.26,21.61,CLEAR,4.1,0.4213,0
62.5,3.1,2.6,0,26.5,PASSENGER,4.59,11.36,CLEAR,9.9,0.1667,0
70.2,5.6,2.9,1,6.7,FREIGHT,27.5,9.48,CLEAR,14.4,0.4379,1
105.9,11.1,3.7,1,16.2,EXPRESS,32.85,10.24,CLEAR,14.9,0.6528,1
87.7,6.7,5.5,0,24.2,PASSENGER,32.31,10.05,CLEAR,6.4,0.108,0
135.1,0.8,0.2,0,25.7,EXPRESS,17.84,8.2,CLEAR,3.3,0.086,0
101.8,3.6,0.4,0,24.8,EXPRESS,36.21,19.46,CLEAR,1.9,0.1081,0
108.8,2.2,0.3,0,27.1,PASSENGER,23.21,12.19,CLEAR,3.8,0.0779,0
84.4,11.0,2.5,1,5.6,PASSENGER,32.81,23.78,CLEAR,20.2,0.6998,0
94.0,0.7,0.2,0,28.3,EXPRESS,8.93,12.43,CLEAR,2.3,0.0941,0
155.6,8.6,6.2,1,1.8,EXPRESS,8.8,19.64,RAIN,16.9,0.8186,1
131.0,4.3,1.1,1,8.8,EXPRESS,30.3,17.88,CLEAR,9.6,0.4305,1
138.9,27.6,12.6,1,3.9,EXPRESS,26.04,9.63,CLEAR,32.9,0.8931,1
53.6,5.0,3.0,0,28.4,FREIGHT,27.21,18.93,RAIN,13.2,0.1353,0
67.6,9.1,2.7,0,13.6,FREIGHT,9.84,3.72,STORM,18.0,0.3447,0
92.3,6.9,6.8,1,10.5,EXPRESS,16.29,4.88,CLEAR,14.0,0.4859,0
73.4,6.1,5.6,1,6.3,PASSENGER,10.71,14.85,RAIN,21.6,0.6253,1
51.1,4.7,4.2,1,5.9,FREIGHT,3.19,17.08,CLEAR,18.6,0.6855,0
95.4,16.2,12.3,0,19.0,EXPRESS,8.56,15.45,CLEAR,17.3,0.305,1
61.8,3.6,2.5,1,2.8,FREIGHT,39.81,12.23,CLEAR,16.4,0.7002,0
47.7,10.3,7.4,0,18.4,FREIGHT,9.74,3.3,RAIN,18.8,0.1478,0
109.1,4.2,2.2,0,23.6,EXPRESS,6.79,8.95,FOG,8.3,0.1125,0
90.2,8.5,8.2,0,18.6,EXPRESS,28.03,14.52,CLEAR,15.3,0.0913,0
62.4,3.5,1.4,0,25.1,FREIGHT,24.28,5.43,CLEAR,8.0,0.1347,0
101.7,2.1,1.5,1,9.1,PASSENGER,29.97,15.31,CLEAR,8.9,0.5703,0
117.7,12.2,5.1,1,3.7,EXPRESS,26.32,5.62,STORM,25.6,0.7653,1
129.5,3.8,1.1,1,22.0,EXPRESS,9.31,2.35,RAIN,7.2,0.339,1
71.4,1.8,1.2,0,25.1,PASSENGER,20.29,7.78,CLEAR,5.0,0.0455,0
91.1,4.7,1.6,0,15.8,PASSENGER,7.48,6.55,CLEAR,10.2,0.1739,0
60.6,6.6,5.1,0,24.9,PASSENGER,10.51,19.45,CLEAR,11.7,0.2034,0
52.0,10.2,9.9,1,14.6,FREIGHT,39.48,11.61,CLEAR,19.6,0.7743,1
135.1,6.9,5.1,1,7.2,EXPRESS,29.28,1.54,STORM,17.3,0.6723,1
105.9,15.6,7.9,1,15.0,PASSENGER,31.42,19.57,STORM,26.9,0.6133,0
79.1,19.6,3.5,1,7.7,PASSENGER,1.69,6.45,CLEAR,29.0,0.908,1
98.3,0.8,0.3,0,15.0,PASSENGER,15.59,13.63,CLEAR,5.3,0.068,0
131.8,0.6,0.5,1,5.7,EXPRESS,22.43,13.0,CLEAR,6.2,0.6159,1
71.7,5.3,3.6,1,6.8,FREIGHT,6.41,23.32,CLEAR,18.3,0.7006,1
47.9,4.8,1.8,0,26.7,FREIGHT,34.02,6.12,FOG,16.1,0.1622,0
76.0,1.4,1.1,1,4.8,PASSENGER,6.01,3.48,FOG,15.0,0.6596,0
104.4,7.8,2.8,0,7.9,PASSENGER,25.64,6.2,RAIN,9.4,0.2056,0
93.4,7.7,4.9,0,29.9,EXPRESS,22.35,13.84,STORM,19.1,0.1472,0
66.8,4.9,2.2,0,17.9,PASSENGER,34.05,5.22,RAIN,13.4,0.0768,0
64.1,10.6,7.3,0,18.2,PASSENGER,12.82,8.17,CLEAR,13.1,0.1767,0
102.2,13.0,6.0,0,25.6,PASSENGER,11.72,15.79,RAIN,14.4,0.2391,0
30.5,4.7,6.0,0,16.4,FREIGHT,33.93,2.8,CLEAR,10.3,0.2702,1
103.1,18.9,19.0,1,7.8,PASSENGER,9.25,22.69,CLEAR,24.8,0.7121,0
121.6,4.3,1.6,1,13.5,EXPRESS,29.97,12.78,RAIN,13.1,0.6065,1
60.2,7.0,4.7,0,23.0,PASSENGER,8.05,11.61,CLEAR,12.3,0.151,0
118.1,12.4,8.7,0,26.4,EXPRESS,35.09,8.71,CLEAR,11.5,0.1748,0
103.1,4.3,3.9,1,9.3,EXPRESS,33.64,5.9,FOG,15.8,0.4633,1
133.7,11.5,7.0,1,9.0,EXPRESS,31.6,11.6,CLEAR,17.3,0.5694,1
94.0,7.9,2.4,0,10.8,PASSENGER,19.91,11.67,RAIN,14.3,0.1661,0
84.4,4.0,4.0,0,18.5,PASSENGER,1.84,1.35,RAIN,10.3,0.2733,0
62.0,2.0,0.3,0,9.4,PASSENGER,5.73,20.34,CLEAR,8.7,0.1329,0
92.8,24.5,19.1,0,27.0,PASSENGER,18.54,19.7,CLEAR,25.5,0.2904,0
102.1,10.1,7.2,0,29.4,PASSENGER,2.22,10.75,CLEAR,12.0,0.2675,0
140.4,13.6,9.1,1,20.9,EXPRESS,3.01,8.08,FOG,19.7,0.8133,1
67.3,10.2,5.3,0,29.2,FREIGHT,5.46,11.97,RAIN,11.1,0.1537,0
104.0,2.0,0.9,1,9.7,EXPRESS,10.8,5.31,CLEAR,9.4,0.4442,0
152.2,0.6,0.1,0,24.7,EXPRESS,30.1,0.02,FOG,0.0,0.1005,0
76.1,15.7,9.0,0,20.8,PASSENGER,2.4,8.5,CLEAR,20.6,0.3444,0
90.9,3.1,2.3,0,9.0,EXPRESS,39.35,0.43,RAIN,7.2,0.1275,0
149.0,1.1,1.4,1,10.6,EXPRESS,11.32,0.98,CLEAR,3.6,0.4385,1
107.1,7.3,3.7,1,15.4,PASSENGER,13.15,0.71,CLEAR,12.1,0.495,0
92.8,3.2,2.5,0,24.1,PASSENGER,10.29,21.12,RAIN,6.1,0.1536,1
71.6,8.8,4.7,0,26.4,PASSENGER,24.29,3.45,CLEAR,12.2,0.1548,0
41.3,3.5,3.0,0,19.6,FREIGHT,1.27,6.1,CLEAR,12.2,0.3806,0
83.3,7.5,5.4,0,22.1,PASSENGER,4.2,11.77,CLEAR,8.7,0.2216,0
70.4,10.9,8.6,1,9.0,FREIGHT,4.4,12.7,RAIN,22.0,0.8179,1
100.5,4.8,1.0,0,22.6,EXPRESS,26.75,2.93,CLEAR,10.5,0.0719,0
101.3,4.6,1.8,0,18.7,PASSENGER,13.52,21.83,CLEAR,4.9,0.1026,0
43.1,8.0,2.6,1,7.9,FREIGHT,17.78,5.55,CLEAR,19.1,0.693,0
100.4,12.4,14.7,0,28.6,PASSENGER,38.02,22.62,CLEAR,17.1,0.1904,0
106.0,2.3,2.0,0,16.1,PASSENGER,8.4,6.17,CLEAR,8.4,0.1681,0
119.9,2.6,2.2,0,24.1,EXPRESS,3.27,0.06,CLEAR,6.2,0.1644,0
115.6,25.1,4.8,0,16.5,EXPRESS,17.94,23.32,STORM,28.5,0.4053,0
100.1,4.4,2.4,0,28.1,PASSENGER,6.98,11.61,RAIN,8.4,0.0901,0
127.1,15.8,13.6,0,5.5,EXPRESS,6.21,21.09,CLEAR,16.8,0.5131,1
60.8,19.7,10.1,1,17.1,FREIGHT,16.7,17.62,CLEAR,30.8,0.6698,1
133.6,2.4,3.2,1,2.2,EXPRESS,26.95,4.3,RAIN,11.1,0.6175,1
36.9,8.8,4.7,1,7.1,FREIGHT,10.09,20.29,CLEAR,24.3,0.7003,0
68.0,1.3,0.3,1,9.5,FREIGHT,35.1,1.23,CLEAR,7.0,0.4515,0
103.7,5.3,5.4,1,15.0,EXPRESS,14.82,12.18,FOG,16.3,0.5364,0
155.3,6.2,5.5,0,24.9,EXPRESS,37.39,6.1,CLEAR,5.4,0.0533,0
41.3,7.1,2.0,1,14.8,FREIGHT,19.95,8.68,CLEAR,12.8,0.7126,1
63.0,2.5,1.1,0,17.5,FREIGHT,29.21,18.17,CLEAR,4.2,0.0801,0
74.2,14.2,11.1,0,27.8,PASSENGER,34.04,16.4,CLEAR,20.9,0.095,0
112.2,3.0,2.5,0,23.1,EXPRESS,21.42,10.56,CLEAR,5.1,0.0749,0
75.5,4.7,4.8,0,2.9,PASSENGER,34.09,1.1,CLEAR,13.0,0.2008,0
97.4,7.0,0.2,1,6.5,PASSENGER,15.43,0.96,RAIN,18.6,0.4633,1
129.0,4.0,2.4,1,2.6,EXPRESS,14.85,16.85,FOG,13.2,0.7493,1
104.1,14.8,7.6,1,3.5,PASSENGER,31.87,22.77,CLEAR,25.7,0.7578,1
111.5,7.4,2.2,0,11.2,EXPRESS,10.03,20.33,CLEAR,14.1,0.0945,0
138.4,9.1,4.2,1,22.2,EXPRESS,28.82,2.93,STORM,20.1,0.674,0
142.7,2.3,1.1,1,8.5,EXPRESS,3.54,2.91,CLEAR,6.8,0.7211,1
100.6,2.8,2.4,1,12.7,EXPRESS,25.61,14.65,STORM,15.1,0.613,0
118.0,14.7,11.8,1,12.7,EXPRESS,37.71,15.78,CLEAR,20.7,0.62,1
84.1,5.7,3.8,0,18.3,PASSENGER,18.53,14.8,CLEAR,9.4,0.0844,0
114.9,10.7,10.4,0,26.9,EXPRESS,16.93,21.25,RAIN,13.5,0.2698,0
112.5,12.7,10.5,0,29.5,EXPRESS,21.85,5.54,CLEAR,11.6,0.1433,0
138.0,24.6,13.0,0,18.7,EXPRESS,28.92,4.14,CLEAR,23.4,0.2373,0
39.7,11.3,10.2,0,15.9,FREIGHT,14.67,21.94,CLEAR,19.1,0.2934,0
95.5,0.6,0.0,1,20.9,PASSENGER,0.51,17.33,CLEAR,10.2,0.924,1
106.8,18.6,12.2,0,20.5,PASSENGER,20.33,17.08,CLEAR,20.9,0.143,0
88.3,1.3,0.7,0,16.4,PASSENGER,17.06,8.05,CLEAR,2.9,0.0888,0
57.5,0.5,0.2,0,22.5,FREIGHT,21.54,15.07,CLEAR,3.7,0.075,0
94.8,0.8,0.3,1,15.5,EXPRESS,28.75,17.44,CLEAR,7.9,0.5238,1
103.2,1.6,1.9,0,29.9,PASSENGER,11.69,14.41,CLEAR,1.7,0.0573,0
74.3,4.4,4.4,1,2.9,PASSENGER,20.46,17.67,CLEAR,16.0,0.7258,1
90.8,3.9,2.3,0,14.1,PASSENGER,10.51,14.16,CLEAR,5.4,0.0573,0
158.5,2.2,0.1,0,12.8,EXPRESS,18.64,23.57,CLEAR,2.1,0.0921,0
89.8,5.3,2.9,0,23.5,PASSENGER,14.11,11.81,CLEAR,9.1,0.1324,0
140.7,4.0,2.6,1,6.9,EXPRESS,15.08,0.3,CLEAR,10.1,0.4368,1
82.3,9.0,6.4,1,13.9,PASSENGER,23.38,3.92,CLEAR,16.8,0.6614,1
63.0,2.7,1.5,0,21.4,PASSENGER,27.74,23.14,RAIN,9.5,0.1041,0
145.8,1.3,1.1,0,18.7,EXPRESS,1.0,11.27,FOG,4.6,0.2169,0
31.6,7.7,1.3,0,17.0,FREIGHT,35.13,2.89,CLEAR,15.2,0.1841,0
139.0,5.0,1.6,0,13.9,EXPRESS,14.89,3.74,RAIN,6.7,0.0824,1
31.0,5.4,4.1,0,22.9,FREIGHT,25.92,0.69,CLEAR,11.6,0.2154,0
103.1,13.2,2.9,0,19.9,PASSENGER,5.33,5.43,CLEAR,15.4,0.2616,1
101.0,5.7,1.8,0,26.4,EXPRESS,23.07,23.68,CLEAR,5.9,0.0807,0
126.0,2.8,2.1,0,22.4,EXPRESS,27.3,7.89,STORM,12.4,0.0908,0
56.9,12.2,2.1,1,5.5,FREIGHT,6.72,6.01,CLEAR,22.4,0.7439,1
122.0,19.8,16.2,0,19.2,EXPRESS,36.53,16.02,CLEAR,22.6,0.2765,1
113.9,14.0,1.2,1,2.8,EXPRESS,30.42,16.18,CLEAR,19.3,0.6668,1
122.7,8.1,7.7,0,12.5,EXPRESS,21.59,23.23,CLEAR,8.5,0.1439,0
75.6,5.2,5.5,1,13.2,PASSENGER,7.06,17.51,RAIN,15.3,0.7127,1
81.9,3.2,0.0,0,25.9,PASSENGER,34.69,2.64,CLEAR,2.6,0.1154,0
115.1,25.0,22.4,1,6.6,EXPRESS,3.21,23.65,CLEAR,26.8,0.9229,1
129.6,5.3,6.4,0,19.8,EXPRESS,5.05,18.01,FOG,7.9,0.1089,0
106.7,10.6,5.2,1,7.0,EXPRESS,28.08,6.22,CLEAR,13.2,0.5882,1
159.2,3.0,2.3,0,28.5,EXPRESS,10.53,6.27,RAIN,2.3,0.0888,1
85.0,11.4,3.6,0,16.6,PASSENGER,18.64,23.04,STORM,19.0,0.2301,0
69.7,2.8,1.3,0,21.7,PASSENGER,21.79,4.62,RAIN,3.0,0.046,0
123.4,6.4,0.2,0,19.9,EXPRESS,18.6,5.46,CLEAR,4.6,0.0701,0
150.6,10.3,8.1,1,10.2,EXPRESS,3.81,8.61,CLEAR,13.3,0.6956,1
91.5,13.0,10.2,0,27.2,EXPRESS,29.63,16.31,CLEAR,18.6,0.1806,1
60.6,1.9,0.8,0,19.4,FREIGHT,9.98,10.31,RAIN,7.6,0.2348,1
54.7,9.4,7.0,0,16.0,FREIGHT,29.67,7.47,CLEAR,11.9,0.1936,0
37.6,6.7,6.1,0,16.6,FREIGHT,34.68,6.42,CLEAR,10.6,0.1229,0
147.2,1.7,0.9,0,26.9,EXPRESS,21.69,3.0,CLEAR,0.0,0.0518,0
115.8,3.5,2.5,1,3.2,EXPRESS,28.4,13.11,CLEAR,9.0,0.5255,0
110.6,3.1,2.5,1,12.6,EXPRESS,1.96,6.56,CLEAR,8.7,0.68,1
148.0,8.8,6.4,0,25.5,EXPRESS,1.95,7.96,CLEAR,7.2,0.2696,1
91.9,12.2,8.2,1,2.6,PASSENGER,8.29,0.19,CLEAR,23.1,0.7395,1
104.9,1.1,0.4,0,19.7,PASSENGER,14.66,12.75,CLEAR,3.9,0.0722,0
58.3,4.1,3.7,0,13.0,FREIGHT,7.72,16.71,STORM,14.2,0.2189,0
63.3,14.4,6.5,1,7.3,FREIGHT,25.58,22.26,RAIN,26.6,0.7608,1
148.6,9.6,6.9,1,18.9,EXPRESS,11.44,4.73,CLEAR,9.2,0.5399,1
62.7,8.4,0.7,0,25.2,PASSENGER,33.91,22.06,CLEAR,12.5,0.0913,0
144.3,10.5,3.4,1,14.8,EXPRESS,22.64,8.67,FOG,16.2,0.5632,1
133.0,6.9,8.8,1,5.7,EXPRESS,15.43,19.26,RAIN,14.4,0.6803,0
63.5,10.7,1.7,0,10.2,PASSENGER,35.78,21.52,CLEAR,12.8,0.1179,0
125.6,3.1,2.5,0,29.5,EXPRESS,33.22,23.07,RAIN,2.7,0.1078,0
64.1,14.0,7.3,1,4.7,PASSENGER,32.89,7.81,CLEAR,25.5,0.7598,1
141.5,2.7,0.4,1,6.1,EXPRESS,29.27,6.25,CLEAR,5.8,0.3782,0
87.3,13.4,8.8,0,29.7,PASSENGER,24.76,10.55,RAIN,18.8,0.2539,0
107.7,5.6,1.7,0,26.6,PASSENGER,14.99,13.31,CLEAR,5.2,0.0972,0
102.8,6.3,0.0,0,21.7,EXPRESS,17.19,16.58,FOG,15.9,0.1032,0
57.3,3.8,1.2,1,5.8,FREIGHT,26.06,16.61,CLEAR,14.0,0.7237,0
104.8,2.0,0.4,1,8.4,EXPRESS,7.33,2.8,FOG,14.0,0.6046,1
90.7,0.8,0.4,0,6.6,PASSENGER,33.2,14.68,CLEAR,9.3,0.1006,0
96.1,10.8,5.3,1,19.5,PASSENGER,37.58,4.03,CLEAR,19.4,0.5695,0
96.1,1.4,1.1,0,12.9,PASSENGER,4.37,17.07,CLEAR,3.4,0.1894,0
66.7,18.9,12.3,1,2.9,FREIGHT,1.39,23.44,RAIN,31.5,0.9787,1
149.7,4.8,3.3,1,9.8,EXPRESS,6.14,18.5,CLEAR,1.2,0.5853,0
63.9,3.8,2.8,0,26.0,PASSENGER,30.52,16.67,FOG,7.0,0.1364,0
77.2,6.2,2.6,0,24.2,PASSENGER,4.76,1.86,RAIN,11.1,0.224,0
60.9,8.6,5.3,0,19.8,FREIGHT,15.2,4.43,CLEAR,12.4,0.1285,0
124.9,11.8,2.7,1,3.9,EXPRESS,2.99,8.53,CLEAR,14.7,0.806,1
69.5,1.6,0.6,0,26.7,PASSENGER,17.59,22.4,RAIN,7.5,0.0809,1
87.6,15.9,9.5,0,16.7,PASSENGER,24.35,7.94,RAIN,18.9,0.3453,0
118.5,12.2,2.5,1,15.6,EXPRESS,25.33,19.53,RAIN,15.7,0.6878,1
79.5,5.3,0.3,0,28.1,PASSENGER,21.0,2.49,CLEAR,10.2,0.1628,0
146.7,10.7,3.4,1,1.8,EXPRESS,37.56,15.89,RAIN,15.4,0.7371,1
80.4,8.0,4.7,1,17.3,PASSENGER,21.48,18.7,RAIN,18.9,0.6724,1
31.2,1.6,1.5,0,24.1,FREIGHT,34.44,13.03,CLEAR,9.7,0.145,0
62.9,8.2,7.3,1,3.3,PASSENGER,39.72,18.4,STORM,28.4,0.8295,1
102.8,9.5,5.0,1,11.7,PASSENGER,9.57,17.37,CLEAR,14.8,0.7392,0
108.0,12.4,4.7,0,29.4,PASSENGER,10.99,11.45,FOG,13.1,0.1465,0
138.2,4.4,2.5,1,7.5,EXPRESS,21.11,20.77,RAIN,8.8,0.4863,1
115.5,23.8,14.7,1,16.6,EXPRESS,7.7,8.2,CLEAR,28.5,0.7774,1
106.9,4.9,1.4,0,22.8,PASSENGER,22.78,10.21,CLEAR,7.9,0.0548,0
136.4,4.0,3.9,0,12.6,EXPRESS,27.53,12.96,RAIN,6.7,0.0538,0
149.1,2.4,1.7,0,13.1,EXPRESS,2.89,3.14,CLEAR,0.4,0.1386,0
98.3,11.4,6.1,1,3.3,PASSENGER,27.42,12.37,STORM,25.1,0.847,1
116.5,0.9,0.2,1,6.9,EXPRESS,6.8,7.78,CLEAR,8.3,0.5027,0
123.5,1.0,0.2,0,26.6,EXPRESS,12.32,6.16,FOG,6.1,0.0766,0
69.3,8.8,7.5,0,24.8,PASSENGER,29.68,13.84,CLEAR,14.1,0.1956,0
110.4,6.6,2.6,1,10.2,EXPRESS,6.96,7.91,FOG,15.9,0.5701,0
65.0,4.7,1.9,0,12.4,FREIGHT,21.5,20.53,CLEAR,10.0,0.0629,0
70.2,10.9,4.2,0,14.1,FREIGHT,23.77,9.84,CLEAR,15.3,0.0931,0
96.2,6.6,5.4,1,11.4,PASSENGER,6.99,9.91,CLEAR,14.5,0.731,0
122.6,1.9,1.0,0,20.1,EXPRESS,11.35,23.57,STORM,5.6,0.1282,0
64.3,4.1,0.9,1,1.9,PASSENGER,24.46,8.2,STORM,19.1,0.8743,1
32.6,20.0,14.3,0,26.6,FREIGHT,18.72,3.16,CLEAR,25.5,0.4583,1
78.7,7.3,4.0,0,10.1,PASSENGER,26.57,21.04,CLEAR,10.3,0.0691,0
122.5,2.2,2.2,0,26.4,EXPRESS,34.26,22.01,FOG,6.8,0.1,0
90.5,12.0,7.3,1,14.4,PASSENGER,5.83,5.43,CLEAR,18.6,0.7498,0
30.3,8.3,3.4,0,23.6,FREIGHT,3.29,21.17,STORM,21.2,0.342,1
109.5,2.1,1.2,0,25.0,PASSENGER,26.84,11.87,CLEAR,3.4,0.0486,0
78.2,1.4,1.0,0,10.1,PASSENGER,30.94,1.04,CLEAR,6.7,0.1048,0
102.4,3.9,2.3,0,19.7,PASSENGER,18.25,13.17,CLEAR,4.8,0.0615,0
86.7,9.3,8.8,0,18.8,PASSENGER,16.06,20.37,RAIN,12.9,0.1812,0
99.1,2.0,0.3,1,15.1,EXPRESS,24.07,9.52,STORM,10.8,0.6419,1
99.9,1.3,1.1,1,14.9,PASSENGER,22.28,13.22,CLEAR,8.7,0.5145,1
139.7,11.4,10.1,1,10.2,EXPRESS,19.86,3.37,RAIN,11.1,0.7199,1
86.4,2.1,0.6,1,10.3,PASSENGER,32.84,20.21,FOG,13.3,0.6529,0
126.0,4.2,4.5,0,17.1,EXPRESS,7.35,2.57,FOG,9.3,0.1106,0
64.4,1.7,1.1,1,2.4,PASSENGER,27.41,2.27,CLEAR,13.8,0.7701,1
135.9,9.1,4.2,0,28.1,EXPRESS,29.78,22.41,FOG,11.4,0.1177,0
105.6,2.7,2.2,1,20.0,PASSENGER,36.1,20.96,CLEAR,8.0,0.3469,1
64.7,3.9,0.5,1,14.1,PASSENGER,37.83,13.8,RAIN,14.5,0.6262,0
108.4,8.3,3.9,1,3.3,EXPRESS,20.56,2.55,CLEAR,15.6,0.7064,1
153.2,5.1,5.2,0,19.5,EXPRESS,17.63,13.1,RAIN,6.1,0.0623,0
109.9,6.3,5.1,1,2.0,EXPRESS,20.4,22.09,CLEAR,15.1,0.7758,1
59.4,7.2,4.6,0,20.9,FREIGHT,29.44,14.7,RAIN,11.5,0.159,0
86.7,3.4,3.1,1,3.6,PASSENGER,1.18,4.76,RAIN,15.3,0.8923,0
89.8,4.6,3.3,1,20.2,PASSENGER,7.38,21.74,CLEAR,11.7,0.5099,1
119.1,9.3,4.5,1,13.1,EXPRESS,36.35,20.77,CLEAR,12.7,0.652,1
75.0,4.7,5.3,0,20.4,PASSENGER,8.22,13.12,CLEAR,10.4,0.2074,0
32.2,6.8,4.8,1,5.4,FREIGHT,9.53,20.45,STORM,29.5,0.8734,1
63.5,13.2,4.0,1,4.8,FREIGHT,37.61,1.35,STORM,29.4,0.7316,0
97.3,0.9,0.8,1,8.6,PASSENGER,12.12,11.07,CLEAR,9.9,0.38,0
137.0,1.2,1.1,1,13.2,EXPRESS,11.97,4.27,RAIN,6.9,0.4093,0
135.1,4.2,1.4,1,8.7,EXPRESS,36.99,20.1,RAIN,12.6,0.5893,1
107.1,20.6,11.3,1,3.8,EXPRESS,15.32,23.31,FOG,31.9,0.8437,1
91.6,8.8,6.4,1,10.8,EXPRESS,20.01,22.34,CLEAR,15.3,0.6458,0
146.6,4.4,3.6,0,21.6,EXPRESS,22.64,12.08,RAIN,5.5,0.0801,1
124.4,1.5,1.3,0,18.1,EXPRESS,34.8,12.26,CLEAR,2.6,0.1106,0
111.5,1.8,0.5,0,29.0,EXPRESS,3.56,21.8,RAIN,3.4,0.0958,0
34.6,10.7,10.3,1,13.9,FREIGHT,10.8,17.32,FOG,28.7,0.8045,1
63.1,12.0,10.0,1,11.0,PASSENGER,23.69,1.79,CLEAR,19.6,0.6676,0
45.7,2.9,0.5,0,21.3,FREIGHT,17.67,3.08,RAIN,11.2,0.1593,0
100.2,19.5,7.2,0,13.2,PASSENGER,11.49,22.84,CLEAR,19.5,0.249,0
154.3,7.8,2.7,0,19.1,EXPRESS,16.68,8.78,CLEAR,1.7,0.1576,0
104.8,6.4,1.8,0,28.5,PASSENGER,38.67,4.5,CLEAR,7.6,0.134,0
154.4,7.1,6.0,0,15.7,EXPRESS,1.33,17.65,CLEAR,4.3,0.2724,0
105.4,5.3,4.3,1,15.7,PASSENGER,6.31,21.11,FOG,13.5,0.6573,1
126.9,8.6,6.8,0,23.6,EXPRESS,1.24,4.96,RAIN,7.9,0.3981,0
39.9,2.4,0.3,0,23.0,FREIGHT,23.94,6.03,CLEAR,13.0,0.0964,0
145.9,4.2,1.7,0,16.2,EXPRESS,1.01,21.6,CLEAR,0.0,0.2283,1
105.0,2.5,1.7,1,3.3,EXPRESS,18.43,0.32,FOG,9.5,0.6576,1
42.0,3.4,1.8,0,29.5,FREIGHT,34.44,21.79,RAIN,12.4,0.1697,0
106.3,4.4,3.1,1,12.3,EXPRESS,4.34,0.94,CLEAR,11.7,0.6221,1
85.7,3.0,1.5,1,10.5,PASSENGER,14.92,2.29,CLEAR,8.2,0.535,1
76.1,3.5,2.6,0,29.5,PASSENGER,15.43,20.69,CLEAR,6.1,0.1517,0
36.9,8.1,2.1,0,26.4,FREIGHT,14.81,5.96,FOG,18.6,0.171,0
50.4,7.4,6.0,1,10.9,FREIGHT,29.23,5.39,CLEAR,17.9,0.5616,1
69.3,13.3,4.2,0,10.3,FREIGHT,0.67,20.26,CLEAR,18.7,0.6388,1
129.9,9.4,4.8,0,22.0,EXPRESS,31.31,13.01,RAIN,10.0,0.1717,0
69.5,5.0,1.1,1,11.0,FREIGHT,33.64,8.41,RAIN,14.3,0.6339,0
69.8,14.0,1.8,1,8.7,PASSENGER,17.54,17.14,CLEAR,18.9,0.6846,1
68.3,0.2,0.1,0,29.4,PASSENGER,35.54,19.43,CLEAR,4.5,0.1177,0
130.3,3.6,0.5,0,17.6,EXPRESS,15.55,20.71,CLEAR,1.6,0.0611,0
83.2,7.5,1.4,0,23.2,PASSENGER,27.94,2.86,RAIN,13.5,0.1045,1
59.7,0.7,0.3,0,21.8,FREIGHT,15.86,13.98,CLEAR,7.8,0.1023,0
65.8,6.8,4.2,0,23.0,FREIGHT,1.99,16.28,CLEAR,10.9,0.2598,0
97.6,27.8,28.3,0,27.2,PASSENGER,3.8,2.8,CLEAR,31.4,0.6104,1
156.0,2.3,0.5,1,15.8,EXPRESS,17.96,14.64,STORM,9.0,0.7008,0
117.9,13.6,7.7,0,23.0,EXPRESS,39.61,0.77,CLEAR,12.6,0.138,0
39.3,2.8,0.6,0,24.2,FREIGHT,7.51,8.2,CLEAR,7.2,0.163,0
87.5,6.4,5.0,0,28.5,PASSENGER,35.88,4.13,RAIN,11.0,0.1569,0
65.5,13.8,4.6,0,21.8,PASSENGER,36.82,13.47,CLEAR,16.9,0.1998,0
110.2,12.9,10.5,0,26.9,EXPRESS,16.68,4.59,RAIN,18.7,0.2925,0
70.4,7.3,0.5,1,4.2,PASSENGER,18.74,18.94,FOG,19.2,0.7371,1
79.8,12.3,1.7,1,5.1,PASSENGER,20.36,2.91,CLEAR,25.1,0.6706,1
35.0,6.8,0.4,1,6.0,FREIGHT,30.93,18.19,CLEAR,22.3,0.5926,1
61.6,5.6,2.4,1,5.6,PASSENGER,5.39,2.37,CLEAR,14.6,0.7147,1
136.0,12.4,10.9,1,4.0,EXPRESS,13.48,10.62,RAIN,19.5,0.6912,1
90.5,10.0,6.8,1,5.0,PASSENGER,7.24,16.76,RAIN,16.9,0.6754,0
139.6,6.5,5.8,0,29.9,EXPRESS,35.2,3.88,CLEAR,4.6,0.1064,0
59.7,4.1,3.4,1,9.3,FREIGHT,3.29,18.06,FOG,18.3,0.7482,1
98.0,9.5,9.7,0,15.1,EXPRESS,30.03,22.88,RAIN,14.3,0.0752,0
74.6,6.8,2.7,0,24.9,PASSENGER,17.87,8.96,CLEAR,8.7,0.2239,0
99.1,3.6,0.7,1,4.9,EXPRESS,28.73,0.0,CLEAR,11.1,0.4056,1
102.1,11.8,8.2,0,10.5,PASSENGER,35.65,11.44,CLEAR,15.0,0.1429,0
97.3,4.7,1.5,1,6.0,PASSENGER,13.92,21.66,RAIN,13.4,0.4915,0
70.1,4.7,0.2,1,3.3,PASSENGER,9.47,15.96,CLEAR,17.9,0.6433,0
113.9,4.6,0.6,0,28.9,EXPRESS,26.18,16.88,RAIN,6.2,0.0799,0
157.7,5.0,4.2,0,26.0,EXPRESS,39.9,19.02,FOG,2.3,0.0889,0
131.6,6.0,4.2,0,26.6,EXPRESS,29.32,21.8,CLEAR,2.2,0.0879,0
100.1,2.7,1.4,0,26.3,PASSENGER,31.93,3.0,CLEAR,3.8,0.0546,0
108.5,7.7,5.8,1,5.9,EXPRESS,25.38,14.17,RAIN,13.8,0.6755,1
70.5,6.1,6.7,0,23.9,PASSENGER,15.04,21.35,RAIN,9.2,0.1663,0
65.3,13.5,11.4,0,22.2,FREIGHT,26.36,18.62,CLEAR,17.7,0.1955,0
60.9,3.8,4.0,0,27.9,FREIGHT,5.58,5.97,CLEAR,10.7,0.1697,0
94.0,7.8,6.8,1,7.8,PASSENGER,19.81,20.99,CLEAR,14.8,0.6856,0
87.6,12.2,6.3,0,13.3,PASSENGER,23.14,7.06,FOG,18.6,0.1354,0
129.5,1.3,1.3,1,9.9,EXPRESS,36.32,9.86,RAIN,10.4,0.6035,1
96.8,4.6,1.7,1,8.9,PASSENGER,36.83,4.46,STORM,17.9,0.7598,1
42.2,10.3,2.9,1,20.1,FREIGHT,2.87,21.25,CLEAR,18.7,0.8349,1
114.7,3.0,0.1,1,6.2,EXPRESS,25.46,2.23,CLEAR,8.9,0.4602,1
103.6,5.8,1.6,0,14.7,PASSENGER,31.96,23.86,CLEAR,6.3,0.1803,0
43.9,8.3,2.9,1,19.9,FREIGHT,21.69,7.89,CLEAR,19.7,0.7078,1
54.6,1.2,0.5,1,5.2,FREIGHT,4.28,17.06,RAIN,14.5,0.5854,1
139.2,3.1,0.6,1,8.8,EXPRESS,9.69,3.09,CLEAR,6.2,0.4633,0
110.0,4.6,2.8,0,29.1,PASSENGER,12.89,11.71,CLEAR,5.8,0.1143,0
120.5,5.0,5.9,0,24.2,EXPRESS,26.68,0.96,RAIN,6.7,0.072,0
120.0,9.2,8.1,0,20.8,EXPRESS,3.09,21.08,RAIN,8.2,0.3195,0
67.9,7.1,3.6,0,25.9,FREIGHT,22.21,10.71,RAIN,8.9,0.1274,0
66.2,7.7,2.9,1,1.9,FREIGHT,4.8,17.83,RAIN,23.3,0.7976,1
96.6,7.8,2.2,1,1.7,PASSENGER,16.11,21.47,CLEAR,20.0,0.7455,1
122.4,2.5,1.0,1,5.9,EXPRESS,17.31,1.65,CLEAR,8.6,0.4529,1
44.6,2.3,0.7,0,15.6,FREIGHT,18.35,12.27,RAIN,12.1,0.0773,0
90.4,8.5,7.1,1,17.7,PASSENGER,28.58,4.55,FOG,22.5,0.6424,1
151.3,7.2,2.8,1,4.7,EXPRESS,3.71,1.66,CLEAR,9.7,0.6663,1
104.2,9.1,7.0,1,3.6,PASSENGER,11.1,14.93,CLEAR,15.9,0.7124,0
97.6,7.7,5.5,0,25.1,EXPRESS,25.82,2.74,CLEAR,11.3,0.0793,0
81.4,3.3,1.0,0,14.7,PASSENGER,37.77,11.81,CLEAR,9.5,0.0934,0
83.2,4.4,3.2,0,29.8,PASSENGER,25.02,4.73,CLEAR,6.3,0.1951,1
158.4,6.4,2.6,1,8.0,EXPRESS,35.39,4.75,CLEAR,11.5,0.3942,0
137.5,4.3,2.5,0,19.9,EXPRESS,38.75,12.55,CLEAR,2.5,0.0815,0
118.5,3.3,3.5,0,24.4,EXPRESS,35.41,13.33,CLEAR,4.5,0.0888,0
91.8,22.0,18.1,0,26.4,EXPRESS,38.9,0.08,CLEAR,24.2,0.2735,1
88.3,12.9,7.5,1,10.2,PASSENGER,31.19,12.02,CLEAR,20.9,0.6434,1
34.3,8.2,10.5,1,7.0,FREIGHT,35.54,16.07,CLEAR,19.7,0.7439,1
148.4,0.2,0.1,1,7.9,EXPRESS,19.91,16.28,STORM,11.2,0.53,0
142.7,4.6,0.7,0,20.5,EXPRESS,14.14,20.4,RAIN,0.9,0.1626,0
83.0,3.9,0.4,0,16.4,PASSENGER,39.99,21.49,CLEAR,5.1,0.0997,0
49.3,4.4,1.4,0,18.6,FREIGHT,4.36,14.95,CLEAR,12.8,0.145,0
152.8,4.9,2.6,1,2.1,EXPRESS,38.35,11.56,CLEAR,14.9,0.7362,0
110.2,15.4,4.6,0,12.6,EXPRESS,17.52,4.9,RAIN,16.0,0.1523,0
72.5,3.8,3.1,1,10.3,PASSENGER,1.38,3.04,CLEAR,16.1,0.7487,1
155.7,11.2,10.5,0,26.1,EXPRESS,32.22,14.62,CLEAR,11.7,0.1139,0
146.6,14.2,12.6,0,23.6,EXPRESS,18.05,22.72,STORM,19.2,0.3706,0
101.0,0.9,0.8,1,13.7,PASSENGER,32.05,6.68,CLEAR,6.7,0.3319,0
69.8,8.0,8.6,0,19.5,PASSENGER,2.27,2.39,CLEAR,15.8,0.2679,0
67.2,7.2,3.0,1,2.9,PASSENGER,38.98,10.17,CLEAR,18.0,0.6387,1
61.3,4.5,2.7,0,19.7,PASSENGER,27.01,0.01,CLEAR,10.5,0.1409,0
71.9,13.3,6.9,1,4.3,PASSENGER,2.4,13.29,CLEAR,18.8,0.8131,1
144.2,3.5,0.4,0,21.8,EXPRESS,0.68,1.19,STORM,6.3,0.6276,1
106.8,15.2,9.6,1,17.9,EXPRESS,23.96,22.34,CLEAR,19.7,0.5434,0
141.0,9.8,5.0,1,10.1,EXPRESS,39.07,20.88,CLEAR,13.3,0.6443,1
107.6,15.2,9.4,1,12.1,EXPRESS,21.2,2.76,RAIN,22.0,0.7417,0
79.8,25.9,23.4,1,4.1,PASSENGER,14.48,3.53,CLEAR,35.6,0.9191,1
74.2,6.9,3.3,1,10.7,FREIGHT,37.59,22.88,RAIN,17.1,0.6056,1
41.0,2.7,0.4,0,29.1,FREIGHT,39.37,19.53,CLEAR,7.5,0.0768,0
78.8,3.2,0.8,1,15.4,PASSENGER,31.49,22.61,RAIN,9.5,0.5763,1
111.1,2.8,1.8,0,15.0,EXPRESS,28.86,8.03,CLEAR,3.2,0.0986,0
97.7,5.7,0.5,1,19.4,EXPRESS,0.58,2.66,CLEAR,11.3,0.8931,1
52.0,7.6,7.6,0,15.3,FREIGHT,12.89,14.77,CLEAR,15.6,0.1179,0
78.9,3.9,1.6,0,11.6,PASSENGER,37.04,23.2,CLEAR,7.3,0.0996,0
94.7,13.4,16.8,1,5.5,PASSENGER,15.04,3.12,CLEAR,23.7,0.7694,1
100.9,9.2,5.5,0,19.5,PASSENGER,13.72,19.65,RAIN,11.0,0.1844,0
87.2,11.9,0.9,0,22.8,PASSENGER,21.72,8.63,FOG,16.3,0.1392,0
31.4,7.6,2.9,0,27.8,FREIGHT,18.19,2.77,RAIN,12.5,0.2238,0
133.3,6.2,2.8,1,1.6,EXPRESS,34.42,11.02,RAIN,14.3,0.808,1
62.8,5.9,3.1,1,3.4,PASSENGER,3.73,11.73,CLEAR,11.8,0.6255,1
57.7,5.4,3.5,0,27.1,FREIGHT,26.52,0.22,CLEAR,8.3,0.0544,0
138.0,0.8,0.1,1,19.5,EXPRESS,28.04,11.39,RAIN,3.2,0.4375,0
69.9,7.3,5.2,0,28.8,PASSENGER,35.26,15.54,RAIN,14.3,0.1462,0
147.4,5.0,3.0,0,13.8,EXPRESS,16.92,18.35,CLEAR,4.1,0.0765,1
71.0,14.4,7.0,0,13.4,FREIGHT,12.15,2.37,CLEAR,20.4,0.1309,0
146.9,8.4,7.6,1,11.3,EXPRESS,25.25,21.04,FOG,12.2,0.767,0
75.3,3.7,1.2,1,5.6,PASSENGER,29.13,4.03,STORM,20.2,0.6873,1
131.1,7.8,0.2,0,12.3,EXPRESS,7.25,15.8,CLEAR,5.4,0.1273,0
105.7,6.1,5.5,1,1.9,PASSENGER,6.75,13.26,RAIN,21.2,0.7719,1
112.4,14.6,17.1,0,16.0,EXPRESS,10.91,21.12,CLEAR,16.7,0.2165,0
147.4,4.6,2.7,0,25.6,EXPRESS,10.29,0.93,CLEAR,5.9,0.0851,0
60.5,2.9,1.4,1,10.7,PASSENGER,30.15,4.6,RAIN,20.2,0.6681,1
30.2,4.5,0.8,1,4.2,FREIGHT,21.46,2.93,RAIN,20.1,0.8724,0
143.2,2.7,1.5,0,29.3,EXPRESS,22.14,7.86,RAIN,6.1,0.0643,0
143.3,6.0,1.8,1,5.2,EXPRESS,1.08,8.13,RAIN,10.7,0.9135,1
99.4,8.9,2.5,0,16.6,PASSENGER,39.77,2.13,CLEAR,12.9,0.1774,1
106.5,5.9,4.8,0,24.6,PASSENGER,33.28,12.34,FOG,10.3,0.1002,0
35.3,1.5,1.4,0,8.7,FREIGHT,18.02,2.79,CLEAR,10.6,0.122,0
106.2,3.3,0.2,0,25.5,EXPRESS,3.14,1.78,FOG,8.3,0.1292,0
105.2,3.3,2.1,0,17.4,PASSENGER,27.92,0.8,CLEAR,4.6,0.0695,0
102.4,10.6,8.7,1,11.0,EXPRESS,21.63,22.3,RAIN,16.1,0.5835,1
137.8,6.0,3.1,0,26.2,EXPRESS,27.26,9.52,CLEAR,2.0,0.0817,0
86.5,17.9,15.1,1,19.2,PASSENGER,27.26,6.81,RAIN,29.7,0.6668,1
64.2,11.1,3.2,0,19.0,PASSENGER,6.61,11.57,CLEAR,15.4,0.218,1
74.3,3.0,1.5,1,15.9,PASSENGER,13.49,3.78,CLEAR,13.6,0.5786,0
126.4,1.8,1.0,1,9.3,EXPRESS,1.2,9.75,CLEAR,5.7,0.7621,1
102.6,12.2,5.3,1,10.2,PASSENGER,39.3,4.57,CLEAR,17.6,0.5134,0
95.4,4.7,3.5,1,4.0,PASSENGER,32.36,7.31,CLEAR,12.7,0.6061,1
58.0,5.3,4.2,1,8.4,FREIGHT,37.19,22.18,CLEAR,12.6,0.6057,1
124.7,16.4,6.3,1,9.4,EXPRESS,2.24,3.57,CLEAR,19.6,0.7912,1
110.9,5.2,5.8,1,3.2,EXPRESS,20.26,11.37,CLEAR,12.9,0.6057,0
98.3,0.6,0.2,1,4.6,EXPRESS,30.02,15.86,FOG,11.7,0.5386,0
80.5,9.8,7.3,0,9.2,PASSENGER,4.6,22.03,CLEAR,13.5,0.276,0
92.0,3.0,3.4,0,20.8,EXPRESS,31.19,22.15,CLEAR,8.7,0.0927,0
39.5,4.5,2.2,1,6.8,FREIGHT,26.08,5.93,CLEAR,15.4,0.4769,1
120.3,5.1,3.5,0,16.4,EXPRESS,39.41,22.64,FOG,10.3,0.2407,0
48.8,6.8,4.3,0,16.0,FREIGHT,6.06,7.95,CLEAR,13.5,0.1646,0
93.1,1.6,0.7,0,25.3,EXPRESS,25.36,21.48,CLEAR,4.1,0.096,0
89.5,10.1,2.4,0,18.9,PASSENGER,37.91,2.24,CLEAR,13.5,0.1195,0
54.7,2.5,1.8,0,27.6,FREIGHT,29.87,4.76,CLEAR,7.4,0.0834,0
95.5,4.5,1.9,0,19.4,EXPRESS,13.78,1.9,CLEAR,5.6,0.1321,0
72.4,9.0,0.4,1,2.2,FREIGHT,5.21,7.18,RAIN,20.5,0.8953,1
65.0,2.5,0.8,1,12.4,PASSENGER,38.57,20.97,CLEAR,12.4,0.3908,0
68.5,1.4,0.8,0,21.4,FREIGHT,3.34,3.82,CLEAR,2.3,0.1164,0
60.0,1.8,2.1,0,15.0,PASSENGER,39.02,5.4,RAIN,8.6,0.1748,1
151.8,18.3,10.1,0,13.5,EXPRESS,12.49,5.19,RAIN,18.6,0.3854,0
91.4,5.5,1.0,1,20.6,EXPRESS,34.48,6.59,CLEAR,12.1,0.5072,0
143.0,9.6,2.4,0,9.6,EXPRESS,22.4,0.45,RAIN,9.5,0.1987,0
115.3,5.8,1.7,0,27.4,EXPRESS,36.55,10.17,FOG,9.9,0.0989,0
141.7,8.4,7.0,1,13.3,EXPRESS,17.35,23.43,CLEAR,12.2,0.413,0
118.1,0.6,0.2,0,19.5,EXPRESS,34.07,10.75,FOG,1.0,0.0879,1
63.5,9.2,1.0,0,29.5,PASSENGER,9.92,19.52,CLEAR,15.8,0.2119,0
98.4,3.0,1.1,0,23.9,PASSENGER,18.94,13.71,STORM,15.6,0.1107,0
95.0,21.0,22.3,0,16.7,EXPRESS,33.93,0.36,CLEAR,27.9,0.424,0
154.5,6.0,3.8,0,26.0,EXPRESS,5.18,14.05,RAIN,4.5,0.2029,1
62.5,1.2,0.7,0,17.5,PASSENGER,29.28,22.72,CLEAR,4.5,0.0933,0
123.6,2.2,1.4,1,14.1,EXPRESS,17.76,13.28,CLEAR,10.1,0.6859,1
140.6,3.8,0.8,0,26.4,EXPRESS,20.77,12.67,STORM,7.9,0.1214,0
117.5,0.7,0.6,1,2.3,EXPRESS,23.37,16.09,STORM,16.3,0.6205,0
39.8,9.0,7.2,0,13.1,FREIGHT,11.39,20.9,CLEAR,14.3,0.1937,1
64.2,4.9,3.1,1,11.3,FREIGHT,4.31,13.55,CLEAR,15.6,0.6906,0
144.9,6.8,4.5,1,21.9,EXPRESS,1.24,9.75,CLEAR,10.4,0.7722,1
106.1,2.5,1.8,1,1.9,PASSENGER,17.52,0.89,STORM,20.5,0.7408,0
78.8,4.1,3.6,0,20.3,PASSENGER,11.12,2.67,FOG,12.6,0.1712,1
85.3,11.1,1.3,0,11.4,PASSENGER,25.5,15.57,CLEAR,13.6,0.1723,1
78.2,1.6,1.7,1,4.3,PASSENGER,28.78,14.85,CLEAR,15.4,0.5757,0
72.9,5.7,4.8,0,29.4,PASSENGER,20.4,5.74,STORM,14.9,0.1801,0
142.6,1.9,0.7,0,7.5,EXPRESS,24.95,17.25,CLEAR,4.3,0.0692,0
113.8,4.0,4.3,1,11.5,EXPRESS,22.65,6.71,FOG,14.2,0.5154,0
81.4,12.9,8.6,1,7.4,PASSENGER,0.68,7.32,CLEAR,23.0,0.9497,1
48.2,7.4,0.6,0,20.4,FREIGHT,33.75,1.47,CLEAR,18.6,0.086,0
95.6,12.8,10.2,0,23.8,PASSENGER,2.85,13.21,CLEAR,11.0,0.2414,0
71.3,5.0,0.4,0,26.0,FREIGHT,16.71,6.9,RAIN,7.3,0.1266,0
60.0,9.2,1.9,1,10.4,FREIGHT,4.89,19.65,CLEAR,20.8,0.6066,0
123.0,3.6,4.2,0,16.4,EXPRESS,26.66,19.24,CLEAR,6.1,0.0445,0
99.0,6.5,3.7,0,20.4,PASSENGER,13.36,3.08,RAIN,10.2,0.1103,0
92.0,3.5,0.5,0,19.4,PASSENGER,3.31,3.84,RAIN,9.6,0.1165,1
32.7,8.4,7.2,0,21.9,FREIGHT,2.29,7.7,FOG,16.8,0.4091,1
34.3,17.5,16.3,0,23.4,FREIGHT,9.87,13.94,CLEAR,29.3,0.435,0
61.9,4.5,0.9,1,4.3,PASSENGER,26.86,8.22,CLEAR,18.0,0.6739,1
122.0,12.9,10.1,1,6.3,EXPRESS,28.87,8.41,CLEAR,22.2,0.6669,1
101.3,3.8,3.7,0,22.4,PASSENGER,5.57,3.36,RAIN,4.3,0.1656,0
111.9,13.4,12.4,0,15.1,EXPRESS,5.99,8.05,FOG,20.3,0.4454,1
79.2,2.5,0.9,0,13.7,PASSENGER,23.93,11.29,RAIN,7.8,0.0955,0
70.9,6.7,7.1,1,14.5,FREIGHT,38.31,23.63,CLEAR,21.0,0.4855,0
148.6,4.9,0.3,1,12.1,EXPRESS,22.34,20.11,RAIN,9.3,0.5527,1
93.3,12.5,9.7,1,18.3,PASSENGER,28.61,19.03,CLEAR,18.0,0.5881,0
73.3,8.9,5.0,0,10.7,PASSENGER,23.23,13.44,RAIN,15.9,0.1178,0
65.9,3.4,2.1,0,19.6,PASSENGER,4.64,8.64,CLEAR,4.7,0.1349,0
91.1,5.7,1.0,1,7.3,EXPRESS,37.89,20.57,FOG,18.3,0.6392,1
65.4,13.8,7.6,0,23.1,PASSENGER,3.34,8.34,CLEAR,17.2,0.3123,1
43.2,9.5,4.2,0,23.8,FREIGHT,30.51,14.23,CLEAR,15.1,0.1054,0
54.8,3.8,2.0,0,18.0,FREIGHT,39.18,6.17,CLEAR,9.9,0.1218,0
94.5,3.2,2.6,0,12.0,EXPRESS,13.1,18.63,RAIN,7.0,0.0735,0
36.1,7.5,7.9,1,1.9,FREIGHT,7.28,12.35,CLEAR,26.6,0.8068,1
69.1,4.1,1.9,1,5.0,PASSENGER,22.86,21.48,CLEAR,13.7,0.6923,1
134.2,10.1,0.4,1,3.8,EXPRESS,31.91,13.65,RAIN,16.9,0.5025,0
133.1,12.1,10.9,1,1.8,EXPRESS,38.0,3.94,FOG,24.4,0.7025,1
128.6,4.7,2.2,0,22.1,EXPRESS,27.9,23.83,RAIN,5.8,0.1093,0
41.3,6.7,1.9,0,28.7,FREIGHT,13.77,12.05,CLEAR,11.1,0.1238,0
78.6,3.7,1.0,1,1.8,PASSENGER,20.03,6.02,CLEAR,10.9,0.6798,0
64.8,15.8,10.2,1,4.7,PASSENGER,30.57,7.9,CLEAR,28.5,0.8484,0
105.9,1.8,1.1,0,26.0,EXPRESS,31.62,2.91,RAIN,2.7,0.1164,0
104.9,3.6,4.6,1,21.1,PASSENGER,3.44,1.77,CLEAR,14.2,0.6942,1
158.6,15.8,9.6,1,13.0,EXPRESS,24.74,10.81,CLEAR,16.3,0.6505,1
135.3,5.8,0.2,0,29.8,EXPRESS,38.71,22.84,RAIN,8.1,0.1048,0
105.8,10.5,7.9,1,17.8,PASSENGER,31.52,2.95,CLEAR,16.9,0.5404,1
135.0,4.2,2.4,1,20.6,EXPRESS,0.79,21.67,CLEAR,11.0,0.8367,1
31.5,6.7,4.8,0,20.1,FREIGHT,9.39,19.12,STORM,20.5,0.3133,0
159.8,3.4,2.1,1,7.8,EXPRESS,18.08,19.35,CLEAR,6.8,0.5332,0
64.9,6.7,5.4,0,15.4,PASSENGER,28.4,17.04,RAIN,11.0,0.2276,0
94.1,5.6,1.3,1,7.7,PASSENGER,22.43,14.2,RAIN,15.8,0.6583,0
72.6,2.2,0.1,0,16.0,PASSENGER,3.55,2.91,CLEAR,8.1,0.1788,0
117.4,12.0,13.3,1,2.4,EXPRESS,29.66,13.82,STORM,26.9,0.8578,0
135.2,0.2,0.1,0,12.4,EXPRESS,33.63,8.45,RAIN,3.4,0.0706,0
49.6,8.7,7.8,0,12.1,FREIGHT,8.63,2.53,CLEAR,16.2,0.2184,0
107.5,1.7,0.8,1,9.8,EXPRESS,3.16,19.29,RAIN,12.0,0.6613,1
45.1,3.8,2.2,1,3.8,FREIGHT,31.74,13.12,CLEAR,16.7,0.5685,1
45.4,9.6,7.8,1,23.5,FREIGHT,25.8,17.88,CLEAR,22.8,0.626,1
157.2,2.6,1.0,1,13.5,EXPRESS,32.24,11.51,CLEAR,5.2,0.419,0
145.9,9.7,9.0,0,24.7,EXPRESS,22.88,13.24,CLEAR,12.5,0.1488,0
82.9,8.6,3.1,0,25.3,PASSENGER,17.43,17.1,RAIN,12.1,0.134,0
39.0,3.5,2.1,1,7.6,FREIGHT,38.54,5.93,RAIN,16.9,0.7787,1
66.5,8.5,4.9,1,13.5,FREIGHT,31.31,20.33,CLEAR,16.4,0.5369,1
67.9,4.3,1.9,0,22.0,PASSENGER,16.77,10.1,CLEAR,7.9,0.1135,0
70.5,4.9,1.9,1,15.7,PASSENGER,36.35,17.0,CLEAR,12.6,0.4965,1
115.6,9.6,6.0,0,25.9,EXPRESS,39.74,7.83,CLEAR,14.2,0.1287,0
69.6,7.3,1.7,0,17.8,FREIGHT,12.68,16.86,CLEAR,15.3,0.1268,0
35.9,6.2,1.0,0,19.4,FREIGHT,35.75,1.04,CLEAR,12.5,0.1308,1
98.6,8.1,7.4,0,23.9,EXPRESS,2.29,22.3,FOG,16.3,0.3603,0
124.6,10.9,7.4,0,5.0,EXPRESS,8.97,18.89,RAIN,13.4,0.1792,0
109.3,2.8,3.1,0,18.2,EXPRESS,6.86,15.96,STORM,10.8,0.1184,0
129.8,2.9,3.4,0,3.9,EXPRESS,14.59,7.77,CLEAR,7.7,0.1712,0
50.3,7.8,5.4,1,8.9,FREIGHT,22.72,20.22,RAIN,19.9,0.6813,1
120.4,10.8,3.2,1,7.6,EXPRESS,28.94,18.42,CLEAR,13.5,0.7055,0
97.8,4.9,2.4,1,17.7,EXPRESS,36.16,10.87,RAIN,13.9,0.5136,0
99.9,21.4,23.7,0,25.6,EXPRESS,6.76,4.74,CLEAR,23.3,0.2532,0
66.9,1.2,0.7,1,5.3,FREIGHT,23.34,4.21,RAIN,13.2,0.6101,0
104.3,5.1,4.0,0,23.4,PASSENGER,22.41,11.72,RAIN,9.0,0.0615,0
71.7,12.0,9.8,1,5.6,PASSENGER,18.61,18.8,CLEAR,23.5,0.5932,1
97.9,8.9,5.2,1,6.9,EXPRESS,27.94,17.15,CLEAR,17.6,0.6023,1
32.4,7.8,9.6,0,27.6,FREIGHT,20.78,11.85,CLEAR,16.5,0.2163,0
57.4,4.2,1.8,1,1.8,FREIGHT,22.23,4.91,CLEAR,19.5,0.753,1
140.1,9.0,1.4,0,7.1,EXPRESS,36.18,5.74,CLEAR,10.8,0.0909,0
116.1,16.2,8.6,1,7.6,EXPRESS,34.48,1.38,RAIN,24.7,0.6561,1
137.6,8.5,2.3,1,9.5,EXPRESS,23.3,4.24,CLEAR,13.9,0.7459,0
139.9,6.2,5.6,1,11.9,EXPRESS,6.67,0.31,CLEAR,8.3,0.4855,0
106.8,9.4,0.7,1,4.4,PASSENGER,38.37,16.19,RAIN,17.7,0.5707,0
32.9,10.7,6.3,1,14.9,FREIGHT,25.1,14.12,RAIN,24.8,0.8301,1
69.6,10.1,3.6,0,12.9,PASSENGER,32.4,23.71,CLEAR,18.7,0.1096,0
33.1,9.5,1.4,1,19.3,FREIGHT,2.67,18.31,CLEAR,15.9,0.7964,1
103.4,11.0,3.1,0,26.2,PASSENGER,35.92,5.91,CLEAR,13.5,0.1172,0
99.6,5.4,5.4,0,10.0,PASSENGER,27.89,16.99,CLEAR,9.4,0.1009,0
88.7,0.5,0.1,0,17.1,PASSENGER,27.57,0.29,FOG,8.0,0.1427,0
95.9,7.0,4.6,1,12.1,EXPRESS,4.85,23.67,CLEAR,11.4,0.7195,1
109.1,6.9,3.5,1,2.6,EXPRESS,28.66,14.75,FOG,18.6,0.7843,1
74.9,2.1,1.1,0,24.9,PASSENGER,3.53,2.87,CLEAR,9.8,0.2162,1
129.3,9.1,6.3,1,19.6,EXPRESS,2.71,11.96,RAIN,12.5,0.7383,1
108.1,1.5,1.6,1,1.6,EXPRESS,13.35,22.57,CLEAR,13.2,0.7857,0
63.6,1.2,1.5,1,8.6,PASSENGER,1.42,20.39,CLEAR,10.3,0.8243,1
62.9,4.5,2.9,1,10.3,FREIGHT,6.81,7.17,CLEAR,17.8,0.5393,1
75.0,6.0,5.1,1,24.6,PASSENGER,29.18,9.51,RAIN,17.8,0.6084,1
50.4,17.9,11.9,0,23.2,FREIGHT,33.48,20.49,FOG,27.5,0.2847,0
66.4,9.4,0.7,0,12.8,PASSENGER,7.59,21.6,RAIN,13.2,0.1162,0
100.1,6.1,2.3,1,6.0,PASSENGER,33.02,21.95,CLEAR,13.0,0.4201,0
88.3,3.5,0.3,1,12.5,PASSENGER,19.48,22.75,RAIN,11.6,0.4344,0
70.6,8.0,6.4,0,24.6,FREIGHT,38.34,12.01,RAIN,12.2,0.2239,0
84.8,4.2,2.7,0,14.4,PASSENGER,6.0,20.68,RAIN,8.8,0.0635,1
107.1,11.4,5.5,1,4.8,PASSENGER,2.62,8.33,CLEAR,14.3,0.7946,1
104.6,5.1,1.8,1,2.6,PASSENGER,33.88,20.11,CLEAR,15.1,0.6762,1
88.8,8.5,8.4,1,11.0,PASSENGER,14.8,8.34,CLEAR,15.9,0.6062,1
155.4,8.2,3.4,1,5.7,EXPRESS,18.56,14.6,RAIN,11.0,0.5824,1
112.6,23.7,12.9,0,22.7,EXPRESS,20.72,11.24,RAIN,22.4,0.2324,0
115.6,1.3,0.4,1,9.4,EXPRESS,33.09,21.43,CLEAR,7.9,0.5617,0
32.0,3.9,3.2,0,26.5,FREIGHT,3.5,1.6,CLEAR,15.2,0.2105,0
131.2,8.1,6.5,0,19.1,EXPRESS,22.27,22.77,FOG,10.2,0.1029,0
140.5,4.9,4.1,0,12.7,EXPRESS,17.51,11.09,RAIN,8.4,0.0959,0
98.7,6.3,0.1,0,18.9,PASSENGER,13.94,11.55,CLEAR,8.8,0.1093,0
100.5,21.7,16.1,1,9.9,EXPRESS,14.25,19.87,CLEAR,28.4,0.7487,1
82.2,4.4,1.6,1,5.5,PASSENGER,37.25,15.99,STORM,22.6,0.7124,1
102.4,5.5,1.3,0,29.0,EXPRESS,11.09,22.89,CLEAR,3.2,0.0981,0
59.8,6.7,3.0,0,17.6,FREIGHT,18.46,13.12,FOG,15.0,0.1889,0
37.1,5.8,3.5,1,1.7,FREIGHT,19.97,13.41,CLEAR,20.6,0.8817,1
70.7,11.3,6.5,0,10.3,FREIGHT,28.93,23.32,CLEAR,16.4,0.096,0
71.5,8.2,2.2,0,6.0,PASSENGER,21.0,22.23,CLEAR,10.5,0.1342,0
74.6,8.2,2.6,0,8.9,PASSENGER,25.04,5.01,RAIN,15.3,0.1167,0
149.6,4.7,3.4,1,3.1,EXPRESS,16.25,7.37,CLEAR,6.3,0.5487,1
122.1,4.0,2.3,1,8.5,EXPRESS,28.89,15.01,CLEAR,10.6,0.4968,1
91.7,15.6,11.1,1,21.0,EXPRESS,18.9,22.55,RAIN,23.2,0.7131,1
84.7,14.1,8.6,0,24.9,PASSENGER,9.3,13.52,RAIN,19.3,0.133,0
64.2,4.3,2.7,1,11.4,PASSENGER,32.77,17.59,RAIN,14.1,0.4646,0
109.3,1.3,0.0,1,16.4,PASSENGER,30.74,2.26,CLEAR,5.3,0.5065,1
131.2,12.3,10.4,1,2.7,EXPRESS,25.29,12.54,CLEAR,22.4,0.6506,0
72.8,2.6,0.6,1,4.1,PASSENGER,21.12,3.54,CLEAR,16.2,0.633,0
88.2,2.3,1.3,0,17.2,PASSENGER,8.74,6.26,CLEAR,3.0,0.0537,0
63.8,7.2,0.7,0,25.5,PASSENGER,34.8,3.99,CLEAR,11.5,0.0647,0
100.0,1.4,0.9,1,4.0,PASSENGER,4.34,3.98,RAIN,12.7,0.7159,1
154.8,5.8,7.3,0,13.4,EXPRESS,15.64,23.8,CLEAR,4.2,0.1719,0
69.3,5.1,3.9,0,29.2,FREIGHT,34.18,7.16,CLEAR,9.4,0.1393,0
77.1,17.1,14.1,0,22.6,PASSENGER,24.02,13.57,RAIN,24.2,0.2187,0
112.8,3.9,1.2,0,7.1,EXPRESS,17.83,0.48,CLEAR,6.5,0.0813,0
92.5,5.3,3.0,1,9.6,EXPRESS,31.76,19.35,RAIN,13.4,0.5935,0
92.6,23.1,17.1,0,28.5,PASSENGER,39.59,16.33,FOG,29.6,0.2267,0
54.1,7.8,7.9,1,7.8,FREIGHT,7.96,5.49,CLEAR,18.7,0.7385,1
83.0,6.0,5.9,1,14.1,PASSENGER,2.5,0.87,CLEAR,13.7,0.6935,1
153.5,2.9,0.9,1,11.6,EXPRESS,18.79,6.59,CLEAR,3.8,0.5835,0
37.6,9.6,6.6,0,15.5,FREIGHT,11.85,15.09,STORM,20.7,0.3487,1
60.5,3.6,1.9,1,8.2,PASSENGER,26.84,0.36,CLEAR,14.4,0.5332,0
63.7,4.4,3.4,0,20.5,PASSENGER,20.02,1.81,CLEAR,6.3,0.1192,0
71.2,5.5,4.2,0,8.2,PASSENGER,20.21,9.82,CLEAR,7.5,0.1182,0
92.3,3.7,4.2,0,18.7,EXPRESS,14.52,4.22,CLEAR,6.4,0.1184,0
85.1,5.8,5.8,1,11.7,PASSENGER,8.82,15.16,RAIN,15.7,0.5574,1
112.0,9.0,4.9,1,8.7,EXPRESS,8.93,4.19,RAIN,14.3,0.7349,1
38.1,1.5,0.3,0,21.3,FREIGHT,15.79,23.85,RAIN,13.3,0.1219,1
97.5,3.7,2.8,0,29.0,PASSENGER,27.43,10.46,CLEAR,4.4,0.1108,0
70.2,7.7,4.9,0,26.3,PASSENGER,13.82,3.56,RAIN,12.1,0.188,0
94.4,3.9,1.6,1,4.0,PASSENGER,13.38,1.77,FOG,13.9,0.6828,1
45.7,3.6,1.7,0,14.5,FREIGHT,17.29,10.09,STORM,17.4,0.247,0
53.0,0.9,0.6,0,21.3,FREIGHT,39.64,19.42,RAIN,11.6,0.0892,0
106.7,5.9,2.4,0,17.5,PASSENGER,4.1,10.53,CLEAR,5.2,0.1799,0
61.9,23.5,19.5,0,22.2,PASSENGER,12.14,3.39,CLEAR,30.6,0.2473,1
85.0,3.1,1.5,0,29.3,PASSENGER,12.03,11.73,CLEAR,6.6,0.0666,0
102.7,5.8,3.4,1,11.3,PASSENGER,38.99,8.1,CLEAR,10.8,0.4917,0
131.2,4.9,6.1,0,23.5,EXPRESS,16.58,12.04,RAIN,6.9,0.0611,1
73.8,4.3,0.1,1,4.2,PASSENGER,22.9,9.39,CLEAR,11.4,0.5933,0
117.8,10.6,10.4,0,26.3,EXPRESS,8.33,15.55,CLEAR,11.1,0.2906,0
60.6,2.0,2.2,0,23.7,FREIGHT,1.0,19.29,CLEAR,5.3,0.3216,1
152.4,11.2,9.2,1,16.3,EXPRESS,13.9,21.27,RAIN,14.7,0.6436,1
31.8,7.2,0.2,0,24.9,FREIGHT,25.74,17.79,CLEAR,13.7,0.1184,0
63.6,2.6,0.7,0,20.5,PASSENGER,27.82,8.52,CLEAR,10.3,0.129,0
76.3,3.0,1.8,0,17.2,PASSENGER,30.28,10.76,CLEAR,7.1,0.0848,1
71.6,4.7,1.9,0,28.5,PASSENGER,34.5,15.4,CLEAR,6.6,0.0948,0
108.5,9.1,8.5,1,5.2,EXPRESS,5.07,5.28,CLEAR,16.6,0.714,1
105.5,2.3,0.1,0,29.8,EXPRESS,3.77,16.84,CLEAR,0.0,0.1103,1
103.7,8.9,4.6,1,5.9,EXPRESS,31.61,15.59,CLEAR,17.6,0.4955,0
66.5,6.2,0.6,0,15.2,PASSENGER,17.71,15.76,CLEAR,8.7,0.1221,0
106.7,9.0,7.8,1,8.1,PASSENGER,37.91,8.0,CLEAR,19.7,0.5743,1
67.2,8.7,6.8,1,9.2,PASSENGER,37.77,14.44,FOG,23.3,0.5738,1
104.3,8.4,3.1,1,19.5,EXPRESS,6.1,4.75,FOG,17.2,0.5246,1
107.2,8.2,1.1,1,2.5,EXPRESS,27.8,4.55,CLEAR,15.5,0.6588,1
106.7,5.8,4.5,0,28.3,PASSENGER,3.15,18.44,CLEAR,6.4,0.1565,0
64.0,0.7,0.8,1,9.5,FREIGHT,16.43,9.11,FOG,13.0,0.4709,1
99.5,7.4,0.9,1,9.3,PASSENGER,33.75,13.07,CLEAR,13.6,0.596,1
65.2,5.8,4.4,0,26.1,PASSENGER,18.71,7.03,CLEAR,9.8,0.1007,0
101.8,19.9,21.3,0,23.3,PASSENGER,1.83,5.66,FOG,27.2,0.651,0
118.6,10.7,10.0,0,20.6,EXPRESS,9.99,18.72,FOG,17.6,0.1635,1
41.8,4.5,4.0,1,5.7,FREIGHT,3.91,19.06,CLEAR,17.2,0.7357,1
88.8,7.6,3.5,0,23.4,PASSENGER,16.63,20.07,CLEAR,12.3,0.095,0
147.6,31.6,28.9,0,11.8,EXPRESS,28.02,20.51,RAIN,30.1,0.4547,1
98.9,2.9,3.6,0,29.8,PASSENGER,26.58,9.87,CLEAR,5.9,0.0898,0
152.3,5.1,2.5,0,20.6,EXPRESS,28.9,19.42,RAIN,4.4,0.0866,0
71.8,12.4,10.8,0,25.3,FREIGHT,15.66,8.3,CLEAR,14.2,0.2179,0
106.7,6.2,1.2,0,22.4,EXPRESS,10.98,1.26,RAIN,8.0,0.0821,0
81.2,1.9,0.5,0,18.4,PASSENGER,2.75,16.54,CLEAR,7.1,0.1288,0
91.0,4.8,4.5,0,21.9,EXPRESS,37.69,4.78,CLEAR,2.4,0.1066,0
104.0,3.0,0.5,1,18.5,PASSENGER,5.17,10.84,RAIN,10.1,0.647,1
67.7,1.9,2.1,1,3.0,PASSENGER,7.54,3.93,CLEAR,12.7,0.6826,1
103.1,2.7,2.5,1,11.3,PASSENGER,1.49,9.4,CLEAR,10.0,0.8089,1
76.5,8.8,3.6,1,10.5,PASSENGER,13.03,21.24,CLEAR,18.9,0.5331,0
46.6,20.6,21.5,0,21.8,FREIGHT,32.84,14.72,CLEAR,29.5,0.3117,0
92.7,3.1,1.1,0,17.9,EXPRESS,13.62,3.56,CLEAR,7.5,0.1103,0
112.9,4.8,2.1,0,18.9,EXPRESS,26.81,17.41,CLEAR,7.9,0.0782,1
152.2,2.2,0.6,0,25.6,EXPRESS,38.64,20.35,CLEAR,0.0,0.0563,0
31.1,4.5,4.2,0,16.5,FREIGHT,35.75,3.99,RAIN,9.0,0.1631,0
118.4,5.8,5.9,1,7.7,EXPRESS,7.61,17.86,RAIN,14.8,0.5388,1
61.6,4.2,3.0,1,1.9,PASSENGER,14.69,13.18,CLEAR,15.5,0.6718,1
78.5,12.9,1.3,0,6.0,PASSENGER,30.17,14.5,RAIN,18.1,0.1572,1
102.1,7.8,4.4,1,2.4,EXPRESS,39.12,22.54,CLEAR,14.1,0.7878,1
107.7,5.8,3.5,1,8.3,EXPRESS,28.78,0.88,RAIN,12.3,0.529,0
151.4,0.9,0.8,0,19.6,EXPRESS,10.46,15.33,CLEAR,0.1,0.0674,0
81.8,2.9,2.3,1,5.8,PASSENGER,5.75,1.96,STORM,16.7,0.7854,1
109.2,7.0,2.6,1,3.8,EXPRESS,20.06,18.95,FOG,13.8,0.6919,1
131.3,29.0,18.2,0,29.2,EXPRESS,8.12,21.51,CLEAR,25.0,0.3362,0
36.4,7.3,8.5,0,29.9,FREIGHT,9.49,2.08,CLEAR,17.2,0.2,0
41.7,13.5,6.0,0,19.7,FREIGHT,25.56,0.62,CLEAR,18.7,0.16,0
128.2,9.4,9.9,0,4.6,EXPRESS,20.84,22.94,RAIN,12.1,0.1429,0
106.6,7.5,6.0,0,24.9,EXPRESS,5.27,22.24,CLEAR,7.8,0.2009,0
137.5,8.1,10.5,0,16.9,EXPRESS,6.57,22.17,RAIN,6.6,0.1963,0
84.6,4.7,0.3,1,6.7,PASSENGER,1.27,22.55,RAIN,13.7,0.7442,1
64.7,4.1,2.7,0,17.9,FREIGHT,9.18,12.0,CLEAR,11.5,0.1579,0
156.4,9.9,6.2,1,2.6,EXPRESS,35.55,23.45,RAIN,14.4,0.7072,1
98.1,5.2,3.9,0,29.2,EXPRESS,31.82,21.42,RAIN,5.0,0.0976,0
76.7,4.6,0.9,0,25.0,PASSENGER,16.88,2.34,RAIN,11.0,0.1481,0
76.0,2.6,1.9,1,8.9,PASSENGER,29.81,19.51,CLEAR,11.8,0.4173,1
100.6,2.3,1.7,0,13.4,EXPRESS,16.58,17.1,CLEAR,4.9,0.0903,0
100.5,1.4,1.4,1,12.8,PASSENGER,31.79,3.22,CLEAR,9.0,0.5621,1
143.2,6.4,1.9,1,26.1,EXPRESS,7.69,17.71,CLEAR,5.4,0.4928,1
123.9,6.6,3.3,1,11.6,EXPRESS,6.52,11.64,CLEAR,11.1,0.5463,0
86.9,11.7,8.7,1,2.9,PASSENGER,3.58,20.49,FOG,25.3,0.9299,1
32.7,8.1,6.1,1,7.6,FREIGHT,10.05,19.65,CLEAR,20.7,0.7127,1
87.8,11.8,8.1,1,7.6,PASSENGER,6.28,22.62,CLEAR,19.9,0.7695,1
65.6,8.6,9.7,0,28.6,FREIGHT,32.05,1.81,RAIN,17.8,0.1114,0
88.7,9.5,2.4,0,27.8,PASSENGER,9.98,17.05,CLEAR,12.3,0.166,1
73.3,9.1,1.9,1,10.1,PASSENGER,20.89,9.05,CLEAR,18.6,0.5412,1
93.4,2.8,0.3,1,1.6,PASSENGER,30.37,18.62,RAIN,15.0,0.7835,1
46.3,11.6,12.0,0,16.2,FREIGHT,27.24,14.46,STORM,19.1,0.2847,1
54.5,3.5,0.3,0,24.2,FREIGHT,8.58,11.89,CLEAR,8.0,0.1415,0
124.1,8.6,6.1,1,9.2,EXPRESS,3.54,0.1,CLEAR,13.7,0.5469,1
47.2,4.0,2.1,1,14.0,FREIGHT,36.51,14.57,CLEAR,14.4,0.5428,0
62.3,17.2,13.4,0,6.4,FREIGHT,25.07,10.09,CLEAR,23.2,0.2921,0
104.2,9.5,2.4,1,10.8,PASSENGER,28.41,7.98,RAIN,17.1,0.5049,1
90.4,13.6,7.6,0,23.1,EXPRESS,15.75,23.73,CLEAR,17.8,0.1676,0
72.0,1.5,1.5,0,13.7,FREIGHT,10.04,16.81,CLEAR,4.4,0.2288,0
53.0,4.3,1.6,1,14.2,FREIGHT,21.46,12.96,FOG,17.1,0.5422,0
139.1,4.6,4.1,0,24.0,EXPRESS,3.58,20.85,CLEAR,6.7,0.1636,0
68.5,32.1,27.9,0,23.2,FREIGHT,32.1,5.45,CLEAR,34.2,0.4344,1
122.7,3.7,3.3,0,6.8,EXPRESS,26.35,14.88,CLEAR,4.4,0.1486,0
148.4,12.1,12.4,1,13.3,EXPRESS,30.58,20.66,CLEAR,11.4,0.6441,0
68.9,9.3,6.9,0,25.7,PASSENGER,22.99,2.97,CLEAR,13.2,0.1212,1
68.0,11.0,7.2,0,14.5,PASSENGER,23.33,5.67,CLEAR,15.8,0.169,0
92.9,3.7,2.6,0,20.4,PASSENGER,24.21,1.98,CLEAR,2.7,0.1515,0
150.9,2.8,2.2,0,10.2,EXPRESS,31.47,23.82,CLEAR,1.7,0.0697,0
70.2,4.0,1.0,1,3.2,FREIGHT,9.4,13.94,CLEAR,13.4,0.7309,1
135.1,16.6,15.0,1,6.2,EXPRESS,27.42,11.75,FOG,27.1,0.7278,1
126.8,28.9,14.4,0,12.9,EXPRESS,22.33,8.12,RAIN,30.1,0.395,0
113.2,9.5,6.2,1,11.6,EXPRESS,20.06,10.79,CLEAR,14.1,0.5733,1
109.0,3.9,1.6,1,27.0,PASSENGER,21.87,18.62,RAIN,10.5,0.5897,1
44.4,9.0,1.3,1,17.1,FREIGHT,11.25,22.0,RAIN,23.6,0.676,1
97.2,25.0,20.1,0,19.4,PASSENGER,1.96,2.52,FOG,30.4,0.7438,1
53.9,2.7,0.3,0,21.1,FREIGHT,30.49,7.19,RAIN,6.9,0.0866,0
132.6,12.5,8.3,0,16.7,EXPRESS,36.69,4.54,FOG,12.6,0.1285,0
79.7,11.0,2.0,0,23.4,PASSENGER,19.49,10.45,RAIN,14.5,0.1103,0
108.2,6.0,2.4,0,23.8,PASSENGER,33.6,12.73,CLEAR,9.2,0.1052,0
88.6,12.0,8.0,1,11.5,PASSENGER,22.43,17.31,RAIN,20.2,0.5861,0
155.6,0.6,0.4,1,3.9,EXPRESS,37.25,21.02,CLEAR,2.3,0.2988,0
60.4,5.5,2.0,0,29.6,PASSENGER,20.58,13.01,RAIN,11.7,0.1141,0
88.6,10.8,13.7,0,19.8,PASSENGER,8.59,11.73,FOG,18.6,0.2639,0
95.9,6.5,5.4,0,21.7,PASSENGER,34.87,13.82,CLEAR,10.0,0.091,0
97.3,11.0,6.3,0,23.1,PASSENGER,32.11,21.32,CLEAR,9.4,0.0918,0
153.3,10.3,6.4,0,19.0,EXPRESS,16.22,15.57,CLEAR,8.5,0.1759,0
60.2,1.9,0.3,1,14.9,PASSENGER,33.76,18.9,CLEAR,12.1,0.5502,1
90.0,3.0,1.0,0,29.6,EXPRESS,0.86,17.27,CLEAR,4.6,0.4111,1
51.3,2.8,3.0,0,22.2,FREIGHT,32.09,22.16,CLEAR,11.2,0.1589,0
61.5,1.9,2.1,1,25.6,PASSENGER,27.68,19.61,RAIN,14.0,0.4371,0
158.2,4.2,2.4,1,14.0,EXPRESS,15.5,8.19,CLEAR,4.5,0.4485,0
40.0,7.4,6.8,0,27.3,FREIGHT,31.77,20.5,CLEAR,15.3,0.2245,0
83.6,1.8,0.1,0,22.4,PASSENGER,5.5,11.22,CLEAR,1.1,0.1143,0
94.3,11.3,4.9,0,22.8,EXPRESS,8.53,20.33,CLEAR,12.1,0.2513,1
86.1,0.4,0.0,1,4.0,PASSENGER,21.58,21.74,CLEAR,9.0,0.379,0
116.6,0.6,0.3,0,19.1,EXPRESS,35.3,16.45,RAIN,4.2,0.0421,0
32.0,9.3,2.4,1,11.1,FREIGHT,5.64,17.25,CLEAR,26.9,0.7285,1
45.1,13.2,8.3,0,20.6,FREIGHT,22.79,3.39,CLEAR,18.8,0.2456,0
47.6,0.8,0.7,0,17.7,FREIGHT,30.25,7.77,CLEAR,10.1,0.1227,1
109.5,4.4,3.6,1,4.7,PASSENGER,29.86,13.39,CLEAR,14.4,0.538,1
70.4,9.8,5.1,0,16.6,PASSENGER,25.3,0.08,RAIN,12.7,0.2152,0
87.2,2.4,1.2,0,14.4,PASSENGER,37.67,20.33,STORM,13.8,0.1576,0
159.1,8.0,3.2,0,23.6,EXPRESS,19.54,8.87,CLEAR,3.3,0.0997,0
99.6,13.3,10.9,0,15.8,PASSENGER,35.27,17.36,RAIN,17.2,0.2698,0
109.7,14.2,3.2,1,15.2,PASSENGER,24.97,18.46,CLEAR,23.3,0.6064,1
157.8,4.2,0.8,0,22.0,EXPRESS,29.63,13.15,CLEAR,2.2,0.0585,0
84.5,3.9,4.4,0,20.6,PASSENGER,18.86,18.97,CLEAR,6.2,0.0942,0
61.3,4.8,4.0,0,29.8,FREIGHT,7.12,16.38,FOG,13.8,0.1351,0
35.0,2.6,0.1,1,11.5,FREIGHT,4.81,8.64,CLEAR,11.3,0.6656,1
120.9,0.8,0.4,0,21.1,EXPRESS,27.45,19.59,CLEAR,3.3,0.0515,0
146.6,1.0,0.8,1,6.3,EXPRESS,15.37,15.27,CLEAR,3.6,0.356,0
125.4,0.9,0.7,0,24.4,EXPRESS,22.92,3.84,FOG,0.0,0.079,0
61.6,4.0,1.4,0,23.9,FREIGHT,29.97,18.55,RAIN,9.5,0.0703,0
142.2,5.8,2.7,0,22.2,EXPRESS,31.57,16.23,CLEAR,3.1,0.1085,0
72.7,1.9,2.1,1,4.9,PASSENGER,20.63,6.83,RAIN,14.7,0.6479,0
151.3,13.6,10.0,0,29.6,EXPRESS,12.92,20.21,CLEAR,9.1,0.2101,0
83.0,8.5,4.3,0,28.4,PASSENGER,31.15,8.98,CLEAR,12.1,0.0974,0
104.7,18.2,9.4,1,12.0,EXPRESS,16.91,13.27,RAIN,24.0,0.7703,1
103.3,7.9,3.4,0,18.0,PASSENGER,37.5,8.24,CLEAR,9.1,0.0731,0
119.2,9.1,0.4,1,26.8,EXPRESS,33.07,17.38,CLEAR,14.9,0.4383,0
97.5,12.5,2.8,1,15.6,PASSENGER,30.0,13.95,CLEAR,20.3,0.6653,1
128.4,10.4,7.8,0,18.6,EXPRESS,10.03,11.29,FOG,15.8,0.2652,0
79.1,3.0,1.0,0,18.7,PASSENGER,14.83,0.49,CLEAR,5.0,0.0984,0
66.4,1.4,0.4,1,20.0,FREIGHT,34.03,14.57,FOG,14.1,0.5929,1
130.9,3.7,1.8,1,17.9,EXPRESS,1.41,14.94,CLEAR,8.4,0.7395,1
47.6,3.3,2.2,1,13.1,FREIGHT,31.37,4.35,RAIN,18.3,0.668,0
65.5,5.3,1.6,0,16.9,PASSENGER,16.46,7.98,RAIN,10.6,0.0982,0
152.7,0.8,0.7,0,26.3,EXPRESS,32.07,21.09,CLEAR,0.0,0.0647,0
61.8,1.9,1.3,0,26.1,PASSENGER,22.32,13.18,CLEAR,8.6,0.1326,0
150.4,4.7,5.2,0,23.5,EXPRESS,21.31,10.44,RAIN,7.2,0.0867,0
78.0,10.1,2.2,1,13.3,PASSENGER,28.21,22.46,CLEAR,18.2,0.5743,0
92.0,5.0,4.5,0,23.9,PASSENGER,32.35,19.49,CLEAR,5.6,0.1107,0
154.6,9.7,3.5,1,12.6,EXPRESS,27.89,2.34,CLEAR,15.8,0.6109,1
67.6,3.0,3.6,1,20.4,PASSENGER,18.3,20.61,CLEAR,12.7,0.4459,1
55.5,4.4,1.3,0,17.7,FREIGHT,13.17,3.59,CLEAR,8.4,0.1351,0
64.4,4.9,3.3,0,10.1,FREIGHT,33.9,4.2,CLEAR,12.4,0.16,0
97.9,1.3,0.1,0,14.4,PASSENGER,21.07,1.81,RAIN,8.4,0.1222,0
53.7,21.7,2.5,0,25.2,FREIGHT,31.45,11.55,FOG,24.4,0.2865,0
91.2,5.1,3.8,0,27.5,PASSENGER,39.83,15.47,CLEAR,8.8,0.0833,0
143.0,1.5,0.9,1,7.4,EXPRESS,25.93,18.09,CLEAR,8.0,0.4456,0
67.8,4.0,1.3,0,14.5,FREIGHT,11.49,0.64,CLEAR,8.3,0.0916,0
98.1,5.3,1.1,1,13.9,PASSENGER,34.69,4.27,CLEAR,12.0,0.5272,0
77.7,12.5,0.3,1,15.4,PASSENGER,11.31,14.91,CLEAR,18.9,0.6298,1
109.8,5.4,1.9,0,29.3,PASSENGER,10.79,12.61,CLEAR,9.2,0.0447,0
49.6,20.3,17.4,1,16.3,FREIGHT,3.42,1.23,FOG,32.3,0.9261,1
31.1,4.1,2.0,0,25.2,FREIGHT,3.6,22.45,CLEAR,10.9,0.2054,0
78.1,5.7,2.8,0,20.4,PASSENGER,34.56,18.2,CLEAR,13.5,0.1072,0
98.9,8.0,4.8,1,4.6,EXPRESS,9.61,8.61,RAIN,16.2,0.7957,1
66.1,6.2,4.7,1,21.3,PASSENGER,4.79,12.87,RAIN,13.9,0.6111,0
74.1,13.7,13.5,0,19.9,PASSENGER,14.43,8.98,CLEAR,18.5,0.1881,0
93.7,9.6,8.8,0,23.1,EXPRESS,28.68,10.93,CLEAR,14.6,0.1246,0
94.4,11.1,7.1,1,3.6,PASSENGER,13.92,14.31,CLEAR,19.8,0.6223,1
63.7,13.4,13.6,1,8.4,PASSENGER,12.72,9.56,CLEAR,23.3,0.7592,1
104.2,2.2,1.2,0,23.4,EXPRESS,19.78,14.9,CLEAR,4.8,0.0904,0
96.5,7.4,4.3,1,12.1,EXPRESS,1.34,11.16,CLEAR,19.3,0.8115,1
94.4,8.4,9.8,0,27.5,EXPRESS,19.9,15.77,CLEAR,11.0,0.1566,0
42.0,4.6,4.4,0,16.3,FREIGHT,39.61,6.29,CLEAR,15.8,0.2093,0
130.0,14.0,17.1,1,1.5,EXPRESS,32.07,4.11,CLEAR,24.8,0.8311,1
157.5,1.1,0.5,0,21.4,EXPRESS,3.28,0.33,RAIN,0.0,0.1257,0
103.8,3.4,2.6,1,16.1,PASSENGER,26.37,14.45,STORM,18.6,0.5797,1
151.3,20.6,17.0,1,10.5,EXPRESS,18.71,23.54,CLEAR,23.1,0.8559,0
102.3,3.7,2.1,1,2.1,EXPRESS,33.14,10.09,CLEAR,10.2,0.7004,1
108.5,7.1,6.1,1,7.2,EXPRESS,4.39,5.1,CLEAR,14.6,0.7591,1
63.8,3.2,0.1,1,6.1,PASSENGER,9.69,0.31,RAIN,13.8,0.609,0
98.9,9.2,5.3,0,18.1,PASSENGER,31.75,12.31,CLEAR,14.7,0.2037,0
94.9,10.4,12.3,0,23.4,EXPRESS,34.04,23.82,CLEAR,14.5,0.199,0
87.8,8.4,2.2,1,8.2,PASSENGER,21.41,23.61,RAIN,16.2,0.5367,0
41.2,13.5,0.1,0,21.4,FREIGHT,1.28,2.43,CLEAR,20.0,0.3844,0
107.0,0.5,0.1,0,27.1,EXPRESS,35.8,19.59,CLEAR,1.9,0.0665,0
159.4,10.7,10.0,0,19.2,EXPRESS,15.62,4.16,STORM,14.6,0.2545,0
143.0,4.1,5.8,0,23.6,EXPRESS,2.07,19.42,CLEAR,0.0,0.1833,0
101.8,0.7,0.5,1,7.3,PASSENGER,32.84,20.49,CLEAR,5.6,0.3907,1
88.6,1.3,0.3,1,3.6,PASSENGER,17.01,0.19,STORM,16.6,0.761,0
151.0,10.9,7.4,1,11.9,EXPRESS,8.0,5.69,RAIN,12.5,0.695,0
92.3,10.0,7.5,0,21.7,PASSENGER,32.16,1.36,CLEAR,11.5,0.1287,0
156.2,2.5,0.6,0,21.1,EXPRESS,18.58,11.97,CLEAR,1.7,0.0568,0
74.1,3.5,1.6,0,28.7,PASSENGER,24.51,0.64,STORM,13.8,0.1472,0
89.8,10.1,6.8,1,19.5,PASSENGER,33.01,15.03,CLEAR,19.7,0.5135,0
138.3,3.8,3.4,0,13.2,EXPRESS,21.14,13.4,CLEAR,3.2,0.1187,0
79.6,16.8,14.1,0,24.2,PASSENGER,4.86,9.11,FOG,22.4,0.4314,0
151.6,4.6,3.0,0,5.9,EXPRESS,38.57,11.08,CLEAR,6.4,0.0758,0
109.0,8.5,5.1,0,24.7,PASSENGER,11.82,23.76,CLEAR,9.6,0.0928,0
124.6,4.7,3.2,0,11.9,EXPRESS,39.77,4.02,RAIN,4.4,0.1554,0
47.6,20.8,12.9,1,5.9,FREIGHT,0.74,17.54,CLEAR,35.4,0.9829,1
123.0,6.0,2.3,1,6.1,EXPRESS,19.61,15.49,CLEAR,11.5,0.606,0
68.4,1.8,1.2,0,29.5,FREIGHT,28.34,15.93,CLEAR,8.2,0.1209,0
135.2,3.3,1.8,0,19.3,EXPRESS,36.3,8.3,FOG,6.0,0.075,0
62.2,9.8,8.6,1,6.5,PASSENGER,31.32,5.2,CLEAR,22.6,0.6619,1
128.0,17.0,3.1,1,9.2,EXPRESS,10.6,15.62,FOG,24.3,0.8503,1
30.8,3.5,2.0,1,12.1,FREIGHT,10.11,21.91,CLEAR,15.2,0.7702,1
144.5,3.8,3.5,1,3.1,EXPRESS,14.59,23.42,RAIN,10.0,0.6876,1
113.0,2.2,0.6,1,4.6,EXPRESS,4.87,11.54,CLEAR,10.4,0.6313,0
83.6,1.2,0.0,0,23.2,PASSENGER,26.95,10.21,CLEAR,4.6,0.0902,0
145.9,4.0,1.5,1,23.9,EXPRESS,37.68,8.37,CLEAR,6.5,0.4138,1
93.3,4.1,4.2,0,29.7,EXPRESS,25.86,19.44,CLEAR,5.9,0.0733,0
37.1,6.6,5.6,1,3.4,FREIGHT,21.57,6.13,CLEAR,19.9,0.6968,1
47.9,7.8,7.9,0,26.8,FREIGHT,20.38,12.31,CLEAR,11.3,0.2907,0
106.1,15.7,11.8,1,10.5,EXPRESS,23.91,8.28,CLEAR,23.2,0.6504,1
45.2,3.9,2.4,1,10.8,FREIGHT,28.57,21.02,RAIN,15.4,0.6954,1
109.9,11.7,6.1,1,5.1,PASSENGER,31.9,6.78,CLEAR,18.5,0.4701,1
147.8,1.2,0.3,0,29.6,EXPRESS,28.08,16.48,CLEAR,0.0,0.0532,0
104.2,0.4,0.3,0,29.5,PASSENGER,28.35,14.13,CLEAR,2.4,0.0642,0
106.9,5.2,0.6,0,26.1,PASSENGER,38.09,7.88,CLEAR,6.0,0.0688,0
45.3,9.0,2.7,1,4.1,FREIGHT,36.02,6.11,CLEAR,21.8,0.6468,0
110.8,3.0,1.1,0,25.5,EXPRESS,33.04,19.29,CLEAR,2.1,0.1018,0
71.7,2.9,1.5,0,19.6,PASSENGER,2.21,12.25,CLEAR,7.0,0.2242,0
148.1,8.6,4.7,1,5.2,EXPRESS,26.92,14.68,CLEAR,12.3,0.5433,0
137.6,1.6,2.0,1,9.0,EXPRESS,18.47,23.09,RAIN,5.7,0.4378,0
106.5,12.5,3.7,0,21.1,EXPRESS,24.9,9.55,RAIN,12.4,0.098,0
47.0,8.8,2.4,0,24.4,FREIGHT,27.61,19.54,FOG,16.1,0.1366,0
52.8,3.1,0.8,0,25.7,FREIGHT,28.73,15.33,RAIN,10.4,0.082,0
86.4,1.4,0.3,1,17.0,PASSENGER,34.84,14.24,CLEAR,6.8,0.3915,0
104.4,1.0,1.2,0,16.7,PASSENGER,36.44,1.31,CLEAR,4.8,0.187,0
116.6,26.2,0.3,1,21.0,EXPRESS,24.47,21.9,CLEAR,26.3,0.6619,1
153.6,9.1,4.3,0,23.7,EXPRESS,35.82,5.49,CLEAR,6.3,0.0872,0
120.9,7.0,7.1,1,6.4,EXPRESS,30.7,11.36,RAIN,16.1,0.5686,1
142.2,2.4,1.9,0,22.6,EXPRESS,8.51,18.05,RAIN,0.0,0.1158,0
106.5,5.7,2.2,1,11.2,PASSENGER,1.89,12.54,CLEAR,14.4,0.6532,1
105.4,19.7,7.6,0,12.4,PASSENGER,0.89,0.1,RAIN,19.9,0.5903,1
94.0,5.0,1.1,1,3.7,EXPRESS,23.67,22.78,FOG,19.1,0.7488,1
104.4,0.7,0.6,1,18.3,EXPRESS,21.1,0.49,CLEAR,8.0,0.4398,1
123.4,4.7,3.1,1,4.2,EXPRESS,28.01,2.16,CLEAR,7.4,0.5789,1
81.6,6.3,4.7,0,27.5,PASSENGER,33.79,5.38,CLEAR,9.4,0.1388,0
58.8,12.3,4.1,0,19.2,FREIGHT,7.0,14.38,CLEAR,15.1,0.2032,0
107.2,6.3,5.6,0,29.7,PASSENGER,34.33,23.31,CLEAR,11.1,0.0672,0
35.1,4.2,0.3,1,8.5,FREIGHT,4.37,22.14,CLEAR,16.5,0.7562,1
82.6,2.3,2.5,0,20.9,PASSENGER,35.39,15.63,FOG,5.0,0.1352,0
103.5,1.6,1.2,0,29.0,EXPRESS,34.09,17.8,FOG,8.8,0.0591,0
152.6,10.2,6.4,1,10.0,EXPRESS,28.03,17.09,RAIN,15.4,0.6321,0
73.4,12.3,9.3,1,4.2,FREIGHT,12.35,16.49,RAIN,25.0,0.8178,1
83.9,2.1,1.5,0,19.6,PASSENGER,4.19,19.5,FOG,8.5,0.2093,1
97.3,2.2,0.5,0,11.9,EXPRESS,31.23,8.16,FOG,4.8,0.1431,0
99.3,4.2,1.3,0,9.3,PASSENGER,9.11,5.31,RAIN,11.2,0.1488,0
94.9,5.2,0.5,0,29.8,PASSENGER,17.92,8.34,CLEAR,6.4,0.1234,1
77.7,5.3,1.8,0,23.0,PASSENGER,21.47,1.17,CLEAR,11.6,0.0731,0
69.9,3.3,3.5,1,15.3,FREIGHT,27.57,23.21,CLEAR,12.7,0.6388,0
108.8,21.7,16.4,1,2.9,PASSENGER,19.75,17.75,RAIN,31.2,0.7818,1
87.9,8.4,2.3,0,7.0,PASSENGER,27.93,5.12,CLEAR,8.0,0.1722,0
129.6,7.1,1.1,0,10.0,EXPRESS,32.65,6.14,CLEAR,5.0,0.0733,1
110.8,3.4,0.8,0,15.4,EXPRESS,28.67,23.82,CLEAR,7.1,0.1207,1
130.9,17.2,0.9,1,15.7,EXPRESS,12.33,18.43,CLEAR,20.5,0.6891,1
120.8,1.3,1.0,1,2.2,EXPRESS,35.82,10.22,RAIN,12.0,0.5893,1
75.1,7.4,6.5,0,28.4,PASSENGER,22.25,4.96,CLEAR,12.7,0.114,0
63.4,4.8,0.3,1,17.0,PASSENGER,18.88,0.97,RAIN,15.2,0.5189,1
107.7,27.0,26.8,1,2.1,EXPRESS,23.21,16.06,CLEAR,36.7,0.9443,1
38.9,13.5,3.3,0,21.5,FREIGHT,19.59,18.72,STORM,23.0,0.2179,0
127.9,5.8,3.5,1,3.5,EXPRESS,30.33,2.59,STORM,16.6,0.7086,1
132.1,3.7,2.0,0,22.1,EXPRESS,17.12,0.06,CLEAR,3.3,0.0967,0
132.6,7.3,5.3,0,21.5,EXPRESS,31.18,8.58,RAIN,6.7,0.0624,0
117.2,4.2,2.9,0,29.6,EXPRESS,30.53,16.02,RAIN,6.2,0.0619,0
119.5,4.0,1.8,1,11.2,EXPRESS,11.44,22.17,STORM,14.8,0.7317,1
101.7,3.1,1.4,1,5.6,PASSENGER,4.29,21.11,CLEAR,10.2,0.4718,1
83.8,14.6,11.7,1,4.1,PASSENGER,34.11,16.52,RAIN,22.5,0.7197,1
74.4,6.1,1.5,1,3.5,FREIGHT,7.17,19.54,CLEAR,14.0,0.8005,0
120.8,2.8,2.6,0,24.6,EXPRESS,1.73,8.54,CLEAR,2.9,0.233,0
135.5,7.2,1.9,0,22.0,EXPRESS,16.39,5.88,RAIN,2.9,0.1638,0
93.5,1.3,0.4,0,29.3,EXPRESS,10.54,2.98,FOG,8.7,0.0875,0
92.7,2.9,0.9,0,10.3,PASSENGER,9.2,4.36,CLEAR,8.4,0.0686,0
149.6,2.6,0.9,0,24.4,EXPRESS,7.31,23.11,CLEAR,2.1,0.0912,0
72.4,8.5,5.3,1,4.2,FREIGHT,30.09,22.32,CLEAR,19.3,0.7001,1
109.9,6.8,2.3,0,27.3,PASSENGER,31.45,1.13,FOG,7.9,0.0739,0
74.1,21.0,6.9,1,3.0,PASSENGER,2.33,11.28,RAIN,32.4,0.9301,1
88.8,5.8,5.6,0,24.0,PASSENGER,22.1,8.96,RAIN,13.3,0.0951,0
121.6,3.5,1.0,1,10.3,EXPRESS,5.84,15.64,CLEAR,6.2,0.5511,1
129.5,6.5,3.7,1,6.7,EXPRESS,20.23,7.88,RAIN,18.0,0.6702,1
101.0,26.8,6.1,0,21.6,EXPRESS,14.24,6.73,RAIN,29.1,0.2769,0
102.8,10.1,4.5,0,27.0,PASSENGER,8.47,19.42,CLEAR,9.1,0.1994,0
153.7,5.5,4.1,0,23.3,EXPRESS,37.95,22.73,CLEAR,1.2,0.0786,0
121.5,8.1,6.1,0,10.4,EXPRESS,38.29,4.87,CLEAR,7.9,0.1558,0
42.6,1.2,0.3,0,11.6,FREIGHT,22.78,5.65,CLEAR,8.0,0.1492,0
99.9,11.2,5.9,1,6.9,EXPRESS,7.93,10.06,RAIN,18.9,0.7586,1
60.8,7.1,1.4,0,25.0,FREIGHT,23.54,16.95,CLEAR,5.8,0.125,1
75.6,14.9,3.8,1,4.6,PASSENGER,37.18,4.01,CLEAR,20.8,0.8184,1
153.7,3.9,1.2,0,27.2,EXPRESS,15.42,11.23,RAIN,2.7,0.0968,0
137.0,12.9,8.2,0,18.6,EXPRESS,5.94,20.18,RAIN,13.6,0.2565,1
135.2,5.3,2.9,0,18.3,EXPRESS,27.9,5.62,CLEAR,6.2,0.0545,0
88.0,6.8,4.6,0,25.4,PASSENGER,26.42,1.14,FOG,11.3,0.1786,0
62.3,8.1,7.1,0,20.5,PASSENGER,0.55,21.76,RAIN,15.2,0.7795,0
106.6,14.6,10.2,1,10.2,PASSENGER,34.22,18.9,RAIN,22.5,0.6693,1
58.3,5.8,5.9,1,11.5,FREIGHT,26.6,16.77,CLEAR,14.7,0.691,0
109.7,0.9,0.7,1,6.4,PASSENGER,8.23,2.1,FOG,11.9,0.5171,1
127.6,10.0,8.7,1,14.7,EXPRESS,0.63,21.58,CLEAR,15.8,0.9137,1
139.7,11.6,4.3,1,4.6,EXPRESS,38.91,7.33,CLEAR,20.2,0.6631,1
32.5,8.2,4.2,0,20.1,FREIGHT,30.31,5.08,CLEAR,17.4,0.1993,0
134.2,12.3,11.4,1,6.3,EXPRESS,14.92,11.7,CLEAR,14.5,0.6444,0
143.5,6.3,1.3,0,26.1,EXPRESS,17.6,22.15,RAIN,7.5,0.0681,0
98.9,2.4,1.2,0,21.5,PASSENGER,21.78,23.87,CLEAR,1.6,0.1165,1
98.5,4.0,3.2,0,26.9,PASSENGER,28.89,14.74,CLEAR,9.1,0.0521,0
40.2,14.6,6.3,1,4.0,FREIGHT,7.33,22.93,RAIN,27.7,0.8737,1
108.8,11.8,2.7,0,24.3,PASSENGER,8.23,10.88,CLEAR,12.5,0.1125,0
159.7,5.5,4.5,0,26.6,EXPRESS,2.41,0.71,CLEAR,5.4,0.197,0
33.4,4.0,2.7,1,2.8,FREIGHT,39.44,6.62,CLEAR,19.3,0.7283,1
155.6,10.3,4.2,0,30.0,EXPRESS,35.09,7.24,CLEAR,8.7,0.1708,0
110.3,10.3,7.8,1,10.1,EXPRESS,22.34,18.78,CLEAR,15.2,0.7166,1
94.5,0.9,0.9,1,7.5,PASSENGER,17.5,2.98,CLEAR,6.9,0.4657,0
113.7,4.3,5.3,0,13.3,EXPRESS,9.88,4.2,RAIN,7.5,0.1834,0
108.4,18.8,7.0,1,1.7,PASSENGER,24.0,14.74,CLEAR,28.7,0.7481,1
97.1,2.6,2.7,0,26.7,EXPRESS,27.78,3.13,RAIN,6.2,0.0893,0
84.9,2.4,1.8,1,9.2,PASSENGER,27.72,11.89,FOG,17.0,0.5467,1
120.0,2.5,0.1,0,16.4,EXPRESS,0.75,0.84,CLEAR,3.9,0.2512,0
76.3,7.3,7.2,0,19.3,PASSENGER,28.23,16.05,CLEAR,11.0,0.1102,0
59.0,3.1,1.8,0,24.0,FREIGHT,34.72,21.8,CLEAR,8.0,0.139,0
99.2,3.8,2.0,1,8.6,EXPRESS,5.04,21.0,CLEAR,9.8,0.6131,0
140.2,2.4,1.8,0,21.9,EXPRESS,30.34,1.77,STORM,7.7,0.1417,0
158.6,8.0,3.1,0,4.9,EXPRESS,33.02,14.18,CLEAR,5.4,0.0906,0
146.3,7.9,5.5,0,21.6,EXPRESS,11.41,2.49,CLEAR,6.6,0.087,0
103.0,9.0,6.7,0,27.7,PASSENGER,28.63,1.28,RAIN,15.3,0.1297,0
78.0,3.8,2.2,1,3.9,PASSENGER,4.32,14.65,FOG,17.7,0.7879,1
112.7,5.4,4.9,1,4.8,EXPRESS,26.14,13.74,FOG,15.4,0.7032,0
126.2,4.3,5.7,1,17.4,EXPRESS,20.66,2.25,CLEAR,8.9,0.491,0
93.2,5.4,1.6,1,2.8,EXPRESS,34.07,8.64,RAIN,18.7,0.6219,1
107.3,1.0,0.5,1,6.8,PASSENGER,18.35,7.6,CLEAR,8.6,0.4294,1
100.1,13.3,10.1,1,6.9,EXPRESS,17.41,8.22,RAIN,23.8,0.6761,0
70.6,11.8,5.1,0,15.2,FREIGHT,37.38,8.0,RAIN,16.0,0.1376,1
64.2,6.6,4.7,0,8.6,PASSENGER,37.4,19.79,CLEAR,9.5,0.105,0
147.6,1.5,0.3,1,15.1,EXPRESS,1.91,8.49,CLEAR,6.8,0.7002,1
67.6,16.1,7.7,0,16.4,PASSENGER,19.68,7.93,RAIN,23.6,0.2326,0
31.7,10.8,3.8,0,22.3,FREIGHT,6.86,0.71,RAIN,16.8,0.3184,0
96.0,13.0,8.5,0,28.5,PASSENGER,11.31,18.97,CLEAR,16.7,0.1549,1
109.6,15.2,16.5,0,15.9,EXPRESS,26.81,15.84,CLEAR,20.4,0.2001,0
140.0,23.7,14.2,1,11.6,EXPRESS,5.61,8.19,FOG,28.9,0.7736,1
55.0,15.2,8.7,1,8.9,FREIGHT,0.95,10.84,RAIN,26.8,0.9626,1
65.4,1.6,0.0,0,19.6,PASSENGER,29.22,19.06,CLEAR,10.1,0.0966,0
106.6,10.6,9.8,0,28.4,PASSENGER,25.83,8.26,CLEAR,14.9,0.1424,0
50.4,0.8,0.4,0,23.3,FREIGHT,36.16,11.36,CLEAR,5.3,0.1209,0
63.1,10.2,8.6,1,7.4,FREIGHT,21.92,0.47,RAIN,20.9,0.8179,1
52.5,2.3,1.5,0,27.0,FREIGHT,37.84,22.04,RAIN,9.1,0.0862,0
132.3,5.6,4.2,0,22.5,EXPRESS,24.57,8.91,RAIN,7.1,0.1615,0
75.1,0.6,0.2,1,5.1,PASSENGER,15.79,7.11,CLEAR,11.5,0.638,1
70.0,8.2,6.6,0,21.8,PASSENGER,24.53,14.62,CLEAR,10.2,0.1179,1
87.1,2.5,0.5,1,9.7,PASSENGER,30.09,12.64,CLEAR,9.1,0.3791,0
82.0,5.4,2.4,1,15.5,PASSENGER,14.23,9.62,RAIN,11.0,0.5918,1
117.3,9.0,7.7,1,10.1,EXPRESS,15.21,22.14,RAIN,17.9,0.7222,1
93.6,9.4,5.3,1,3.9,PASSENGER,25.38,8.71,CLEAR,18.0,0.5624,1
94.5,2.2,0.0,0,23.4,PASSENGER,18.5,23.96,CLEAR,3.9,0.0526,0
93.2,5.1,2.3,0,25.1,EXPRESS,21.32,18.94,RAIN,8.0,0.1293,1
76.9,1.2,0.2,0,8.1,PASSENGER,39.29,21.68,CLEAR,5.4,0.0941,0
118.8,11.0,5.0,1,8.3,EXPRESS,2.23,6.79,CLEAR,16.9,0.8347,1
96.8,19.3,15.6,1,13.8,EXPRESS,26.09,1.69,CLEAR,24.2,0.7667,0
106.5,11.9,4.8,0,24.6,EXPRESS,36.95,10.06,RAIN,12.6,0.1592,0
62.6,1.9,1.1,0,3.7,PASSENGER,9.83,7.52,RAIN,8.3,0.1903,1
109.8,4.0,2.0,0,24.5,PASSENGER,8.88,1.46,CLEAR,0.0,0.1003,1
96.8,14.4,16.9,0,27.8,PASSENGER,14.84,1.72,CLEAR,21.4,0.2501,0
64.4,2.0,1.1,0,17.5,PASSENGER,3.43,4.18,RAIN,9.8,0.1191,1
30.9,5.4,3.7,1,3.2,FREIGHT,22.63,9.07,CLEAR,18.0,0.7576,1
140.4,9.4,2.3,0,9.2,EXPRESS,26.0,22.45,RAIN,9.8,0.1155,0
120.7,8.1,6.6,1,4.7,EXPRESS,32.89,15.79,FOG,15.2,0.6524,0
65.4,11.4,9.1,1,8.9,FREIGHT,3.11,9.56,CLEAR,22.4,0.8368,1
154.6,5.9,1.9,0,24.6,EXPRESS,17.73,19.19,RAIN,9.3,0.1283,1
57.0,5.9,4.9,1,3.1,FREIGHT,31.48,13.64,CLEAR,20.2,0.7495,1
38.4,5.6,3.6,1,9.6,FREIGHT,30.85,10.02,CLEAR,13.5,0.6975,1
99.1,4.0,1.5,0,16.2,PASSENGER,3.41,3.46,CLEAR,2.9,0.1645,0
73.0,3.8,1.4,0,26.4,FREIGHT,0.95,22.25,CLEAR,4.7,0.2765,0
130.6,6.8,3.5,1,8.6,EXPRESS,31.44,14.97,RAIN,11.9,0.5386,1
137.7,1.5,0.8,0,23.7,EXPRESS,5.95,10.54,RAIN,1.8,0.1204,0
76.9,9.0,7.5,0,18.1,PASSENGER,23.32,10.52,FOG,19.0,0.193,1
116.7,8.4,0.3,0,20.8,EXPRESS,4.22,18.36,FOG,8.2,0.2492,0
63.1,11.4,0.4,1,26.1,FREIGHT,12.17,4.31,CLEAR,19.2,0.6345,0
154.9,2.7,1.9,1,2.3,EXPRESS,6.74,10.02,RAIN,4.2,0.7107,1
91.4,3.7,0.6,1,16.6,PASSENGER,29.59,1.51,CLEAR,8.6,0.3913,0
99.5,4.3,2.9,1,22.8,PASSENGER,27.07,1.92,FOG,11.1,0.5222,1
68.6,4.2,2.3,0,26.7,PASSENGER,5.84,12.63,CLEAR,4.2,0.1794,0
104.8,9.8,5.8,1,5.3,EXPRESS,2.84,9.14,RAIN,19.9,0.79,1
127.2,12.6,13.8,0,11.2,EXPRESS,18.92,17.27,CLEAR,12.4,0.2269,0
37.9,11.0,6.3,1,3.7,FREIGHT,8.22,23.68,CLEAR,24.4,0.706,1
134.4,4.1,0.9,0,25.3,EXPRESS,0.82,20.63,RAIN,1.6,0.3514,0
43.1,15.0,12.3,0,25.9,FREIGHT,10.94,10.61,CLEAR,24.1,0.1747,0
99.6,2.2,2.2,0,15.3,PASSENGER,9.0,9.07,CLEAR,2.7,0.0473,1
100.4,6.2,2.9,1,2.1,PASSENGER,27.56,14.04,RAIN,19.5,0.5819,0
83.2,13.3,2.5,1,4.4,PASSENGER,34.5,2.2,CLEAR,23.4,0.6686,0
102.7,3.6,1.5,0,19.3,EXPRESS,9.89,23.7,CLEAR,5.8,0.1524,0
92.3,11.2,10.1,0,29.5,PASSENGER,9.31,23.54,CLEAR,14.8,0.1054,0
74.7,13.2,1.8,0,25.4,FREIGHT,15.82,22.15,RAIN,15.1,0.1697,0
91.1,4.0,3.9,0,24.2,PASSENGER,7.32,15.89,STORM,9.2,0.177,0
31.6,2.7,1.2,0,13.4,FREIGHT,37.9,12.07,CLEAR,10.7,0.1422,0
60.9,8.8,7.2,0,29.6,PASSENGER,10.12,16.96,RAIN,15.9,0.1735,0
112.4,5.7,6.7,0,25.0,EXPRESS,4.19,7.55,CLEAR,6.4,0.1269,0
103.7,2.7,1.6,1,11.1,EXPRESS,22.5,20.45,FOG,10.6,0.3583,1
66.6,6.3,5.1,0,22.8,FREIGHT,21.74,3.23,FOG,12.4,0.1903,1
149.1,6.9,5.5,0,13.8,EXPRESS,25.46,19.28,CLEAR,2.4,0.1421,0
41.6,6.4,3.7,0,20.3,FREIGHT,38.68,20.82,RAIN,16.3,0.1594,1
44.7,7.8,4.1,0,29.1,FREIGHT,13.28,4.08,FOG,15.4,0.2108,0
106.5,5.5,3.8,0,8.5,EXPRESS,14.7,11.49,CLEAR,5.7,0.0772,1
153.6,5.3,0.4,0,24.2,EXPRESS,13.81,21.4,CLEAR,3.6,0.072,1
85.1,13.4,5.0,0,18.3,PASSENGER,25.33,23.02,FOG,17.7,0.231,0
135.9,3.2,2.9,0,28.6,EXPRESS,24.36,19.47,CLEAR,1.2,0.0555,0
80.8,2.6,2.6,1,5.3,PASSENGER,21.39,22.58,CLEAR,14.4,0.5421,0
91.6,12.7,8.8,0,22.0,PASSENGER,14.89,22.49,FOG,16.0,0.3699,0
79.3,0.2,0.1,1,2.6,PASSENGER,17.39,23.51,RAIN,10.5,0.6568,0
77.0,7.9,1.3,1,8.5,PASSENGER,31.8,9.92,CLEAR,12.2,0.466,1
134.4,1.6,0.6,1,10.6,EXPRESS,24.57,6.89,RAIN,7.2,0.6979,1
89.6,2.5,0.2,0,13.8,PASSENGER,28.79,15.19,FOG,7.1,0.126,1
110.5,1.8,1.5,0,29.0,EXPRESS,11.43,4.53,CLEAR,6.7,0.0629,1
100.5,19.2,20.1,1,3.4,EXPRESS,36.5,13.37,CLEAR,27.8,0.8329,1
78.4,1.3,1.4,0,6.3,PASSENGER,1.89,13.9,RAIN,9.0,0.1756,0
48.7,8.2,4.9,1,7.3,FREIGHT,24.03,19.35,CLEAR,17.7,0.5953,0
134.0,10.0,0.6,0,13.6,EXPRESS,32.59,8.68,FOG,12.8,0.1814,0
105.7,5.8,4.1,1,3.2,PASSENGER,34.72,14.44,CLEAR,17.0,0.5203,0
61.8,21.6,18.7,0,29.0,PASSENGER,13.12,21.68,CLEAR,26.0,0.2303,0
107.1,3.8,1.6,0,17.5,EXPRESS,18.66,10.12,CLEAR,4.8,0.1186,0
103.6,9.6,8.5,0,24.7,EXPRESS,1.88,13.72,CLEAR,11.1,0.4829,0
52.6,24.8,27.1,0,23.5,FREIGHT,31.7,18.9,CLEAR,32.8,0.469,0
81.5,8.5,4.0,0,20.3,PASSENGER,5.42,5.99,RAIN,15.1,0.2983,0
96.5,2.1,1.7,0,27.3,PASSENGER,17.41,2.48,CLEAR,3.1,0.056,0
72.1,3.9,5.0,0,27.2,PASSENGER,39.64,16.36,CLEAR,10.6,0.1145,0
131.6,10.6,8.4,1,5.1,EXPRESS,36.75,8.89,RAIN,18.0,0.7561,1
104.2,1.3,0.8,0,27.2,PASSENGER,13.54,9.16,RAIN,7.5,0.0759,0
105.5,7.0,2.7,1,16.4,PASSENGER,9.34,22.32,RAIN,14.9,0.5067,1
107.9,1.9,1.7,1,9.1,PASSENGER,10.44,9.79,CLEAR,5.7,0.4912,0
144.1,6.9,1.5,0,18.8,EXPRESS,27.55,22.89,CLEAR,6.2,0.0999,0
153.4,12.5,8.9,1,9.5,EXPRESS,29.17,2.55,CLEAR,15.3,0.5991,1
106.4,4.8,2.5,1,15.2,EXPRESS,9.05,8.23,FOG,13.2,0.6258,1
38.9,2.1,1.9,0,24.8,FREIGHT,9.98,16.63,CLEAR,10.1,0.0918,0
60.3,5.9,4.2,1,2.4,PASSENGER,13.27,3.02,CLEAR,17.0,0.7613,1
95.3,4.2,1.1,1,6.7,PASSENGER,17.61,9.29,CLEAR,11.3,0.5963,0
155.6,2.4,1.2,0,28.8,EXPRESS,36.74,20.44,CLEAR,0.0,0.0727,1
103.1,4.7,3.3,0,14.2,EXPRESS,1.55,18.28,RAIN,9.6,0.2499,0
91.8,4.2,2.4,0,10.1,PASSENGER,25.71,6.77,CLEAR,6.6,0.0603,0
97.3,2.1,1.6,0,27.8,PASSENGER,34.54,8.55,CLEAR,4.6,0.0778,0
106.4,5.0,0.2,0,27.5,PASSENGER,29.07,12.12,FOG,9.1,0.0922,0
135.3,11.2,3.3,1,2.8,EXPRESS,9.06,17.55,CLEAR,17.5,0.8252,1
108.5,7.1,7.6,1,11.8,PASSENGER,19.33,3.65,CLEAR,12.8,0.6817,1
114.1,16.2,8.6,0,27.5,EXPRESS,36.46,12.66,CLEAR,18.7,0.0913,0
114.5,7.5,1.2,1,6.6,EXPRESS,5.07,1.76,STORM,20.5,0.7436,1
87.2,4.1,4.1,1,18.0,PASSENGER,39.51,9.55,FOG,18.7,0.5023,0
116.8,10.0,8.7,0,10.6,EXPRESS,6.17,4.58,CLEAR,9.6,0.1308,0
90.1,4.2,2.4,0,22.5,EXPRESS,6.13,7.42,RAIN,8.7,0.1305,0
96.6,13.6,12.1,1,6.0,PASSENGER,32.61,7.96,CLEAR,18.7,0.6481,1
97.6,8.7,10.5,0,18.5,PASSENGER,33.22,18.48,CLEAR,9.6,0.1013,0
63.6,2.3,1.1,1,1.5,FREIGHT,2.0,6.36,CLEAR,17.7,0.8462,0
77.3,2.7,1.3,0,8.7,PASSENGER,7.15,15.93,CLEAR,6.8,0.1876,1
126.6,4.3,0.9,1,6.1,EXPRESS,37.97,12.8,RAIN,8.9,0.5167,1
115.2,1.4,1.0,0,7.5,EXPRESS,11.53,19.3,RAIN,6.1,0.1084,0
30.7,13.2,10.7,0,26.0,FREIGHT,0.98,7.72,CLEAR,21.6,0.767,1
88.1,17.4,12.0,0,27.6,PASSENGER,10.53,23.87,FOG,18.3,0.2689,0
66.2,4.5,0.2,0,23.0,PASSENGER,29.55,7.1,RAIN,12.3,0.1211,0
95.6,4.0,4.1,0,18.3,EXPRESS,36.7,13.91,RAIN,8.3,0.0837,0
97.8,3.5,3.7,1,8.1,PASSENGER,6.63,15.17,RAIN,11.6,0.5785,0
90.7,4.4,2.2,0,9.3,EXPRESS,9.36,12.92,RAIN,6.4,0.1437,0
108.0,14.5,4.5,1,10.3,PASSENGER,17.94,20.61,CLEAR,20.5,0.6575,0
53.2,20.2,13.2,0,23.6,FREIGHT,30.06,2.71,FOG,27.6,0.4074,1
74.2,3.3,0.8,1,8.7,FREIGHT,26.52,14.33,FOG,14.9,0.6779,1
62.9,1.0,0.6,0,29.2,PASSENGER,13.44,12.15,RAIN,7.5,0.1028,0
89.2,4.0,0.2,1,24.2,PASSENGER,3.12,10.01,RAIN,13.4,0.7334,1
45.7,6.7,2.0,0,30.0,FREIGHT,10.49,8.31,RAIN,14.4,0.1315,0
102.2,9.7,1.9,1,14.6,PASSENGER,9.17,3.67,CLEAR,18.2,0.6459,1
115.3,5.6,2.5,0,18.3,EXPRESS,1.33,15.6,CLEAR,2.6,0.246,0
73.0,5.1,3.1,1,9.5,PASSENGER,39.01,2.83,CLEAR,13.1,0.4764,0
150.0,10.1,6.4,0,18.7,EXPRESS,10.59,19.9,CLEAR,10.1,0.181,0
78.7,10.5,2.2,0,29.3,PASSENGER,33.54,10.75,CLEAR,17.1,0.0588,0
60.8,4.6,1.8,1,2.4,PASSENGER,19.65,14.53,FOG,22.3,0.8041,1
79.5,10.7,7.9,1,9.7,PASSENGER,38.91,1.87,STORM,25.9,0.764,1
135.8,11.1,8.5,1,9.5,EXPRESS,6.41,2.24,RAIN,18.6,0.7208,1
107.8,7.6,1.2,0,29.5,EXPRESS,4.87,5.66,CLEAR,9.7,0.2187,0
81.6,3.8,1.7,1,5.3,PASSENGER,0.6,18.71,CLEAR,11.7,0.9071,1
32.6,8.4,7.8,0,24.7,FREIGHT,28.88,11.66,FOG,20.3,0.1833,1
89.4,4.3,0.4,0,9.3,PASSENGER,12.6,7.46,RAIN,6.8,0.1732,0
142.9,5.0,1.8,0,26.0,EXPRESS,34.88,20.39,CLEAR,3.4,0.0735,0
48.6,3.7,2.7,0,15.4,FREIGHT,25.54,4.61,CLEAR,9.1,0.1734,0
48.9,5.0,0.9,0,8.4,FREIGHT,23.31,6.23,FOG,15.2,0.2167,1
96.2,2.5,0.9,0,21.7,EXPRESS,19.73,18.64,RAIN,5.1,0.1039,0
104.1,11.5,2.5,0,25.5,EXPRESS,10.7,0.65,FOG,15.1,0.1685,0
67.7,17.3,6.3,0,14.9,PASSENGER,3.06,5.29,CLEAR,18.8,0.3163,1
51.7,9.4,8.3,1,21.8,FREIGHT,18.02,12.51,RAIN,20.8,0.8139,1
53.8,24.4,17.4,1,6.7,FREIGHT,4.42,21.96,FOG,40.7,0.9169,1
72.7,1.4,0.3,0,28.2,FREIGHT,36.28,6.38,CLEAR,1.7,0.1081,0
63.7,4.3,1.1,1,4.2,PASSENGER,33.26,5.11,CLEAR,15.1,0.5206,1
90.0,6.3,6.4,1,7.8,PASSENGER,24.98,23.4,CLEAR,17.5,0.5015,0
126.9,4.7,3.5,1,9.7,EXPRESS,18.37,12.59,CLEAR,11.4,0.5224,0
126.1,7.4,1.8,1,5.9,EXPRESS,18.44,1.5,RAIN,13.9,0.5873,1
103.7,7.5,1.0,1,13.1,PASSENGER,18.85,6.64,FOG,17.6,0.6795,1
70.3,3.5,1.5,1,14.5,PASSENGER,29.95,12.81,CLEAR,10.9,0.4699,0
62.0,3.8,2.5,0,16.3,PASSENGER,5.49,1.73,RAIN,11.9,0.1425,0
93.6,2.6,0.9,1,2.7,PASSENGER,21.49,16.62,CLEAR,14.6,0.5016,1
114.2,21.1,15.0,1,7.7,EXPRESS,32.6,12.54,CLEAR,27.6,0.8844,1
60.9,1.2,0.5,0,24.5,PASSENGER,20.65,17.03,CLEAR,8.3,0.0548,0
107.6,20.2,19.1,0,24.6,EXPRESS,1.04,8.2,CLEAR,20.3,0.8496,1
75.5,11.8,8.3,1,10.9,PASSENGER,10.17,10.08,CLEAR,18.3,0.7356,1
90.8,11.4,2.5,0,14.6,PASSENGER,26.91,22.28,RAIN,16.3,0.1704,0
68.6,6.4,6.1,1,6.7,PASSENGER,37.4,5.06,CLEAR,21.6,0.4764,1
48.6,10.6,5.0,0,24.9,FREIGHT,35.8,0.95,CLEAR,16.3,0.1868,0
123.8,4.3,1.1,0,28.8,EXPRESS,33.0,23.57,RAIN,7.2,0.0533,0
83.0,2.7,1.9,1,9.8,PASSENGER,38.03,0.18,FOG,8.2,0.5523,1
158.2,6.9,3.2,0,23.8,EXPRESS,11.56,21.32,CLEAR,5.1,0.1417,0
62.3,8.5,4.6,1,11.5,PASSENGER,0.99,19.82,RAIN,18.6,0.864,0
72.8,4.3,3.5,1,1.6,FREIGHT,14.5,11.7,STORM,26.9,0.8786,0
89.1,4.9,2.9,1,18.6,PASSENGER,23.29,16.93,RAIN,15.3,0.5019,0
65.8,6.2,2.6,1,13.2,FREIGHT,13.0,2.52,CLEAR,15.5,0.6232,0
120.1,2.8,3.1,0,23.1,EXPRESS,2.25,18.33,FOG,5.3,0.1577,1
50.4,4.2,2.6,0,22.8,FREIGHT,20.53,18.81,RAIN,14.2,0.1986,0
151.6,3.2,3.5,0,28.5,EXPRESS,8.39,1.23,FOG,6.8,0.1527,1
70.3,13.4,9.9,0,14.0,FREIGHT,29.24,11.93,CLEAR,16.4,0.1464,0
106.7,4.4,4.5,1,15.3,EXPRESS,4.02,22.76,RAIN,14.7,0.5875,1
103.9,7.5,5.8,1,12.9,EXPRESS,38.35,22.83,CLEAR,16.1,0.6464,0
84.8,5.1,4.1,1,10.0,PASSENGER,35.13,23.63,CLEAR,14.0,0.4918,1
70.5,6.9,4.6,0,19.7,FREIGHT,35.02,15.76,CLEAR,12.9,0.0901,0
112.6,4.8,3.9,0,25.1,EXPRESS,31.7,3.39,FOG,10.0,0.1395,0
135.6,4.2,0.1,1,6.0,EXPRESS,25.53,9.91,FOG,9.3,0.6307,1
61.9,34.0,35.2,0,29.5,FREIGHT,2.61,17.45,RAIN,43.1,0.7411,1
144.5,0.5,0.2,0,21.0,EXPRESS,26.67,6.81,CLEAR,0.0,0.1007,0
129.5,11.3,2.3,0,23.7,EXPRESS,30.0,19.44,RAIN,9.0,0.1262,0
80.1,4.6,0.5,0,30.0,PASSENGER,5.67,20.67,RAIN,7.5,0.1816,0
157.7,3.3,0.5,1,15.9,EXPRESS,24.82,18.33,RAIN,3.2,0.5374,0
57.5,10.8,7.1,1,3.5,FREIGHT,19.42,8.21,FOG,22.1,0.7267,1
96.4,2.4,2.5,0,24.0,PASSENGER,19.16,17.8,CLEAR,3.7,0.1214,0
77.2,16.8,7.3,0,26.3,PASSENGER,8.38,1.73,RAIN,23.3,0.3174,0
60.1,1.8,1.4,1,6.1,FREIGHT,29.71,8.05,STORM,15.5,0.7029,0
72.9,5.0,1.3,1,2.2,PASSENGER,37.04,18.37,CLEAR,14.1,0.482,1
107.2,3.3,1.3,1,5.4,EXPRESS,31.62,19.08,RAIN,15.6,0.5716,0
140.0,10.4,4.3,1,10.7,EXPRESS,15.08,7.65,CLEAR,11.6,0.5001,0
86.1,11.2,7.6,0,27.8,PASSENGER,39.38,23.05,CLEAR,14.2,0.0899,0
137.8,4.1,2.7,1,1.6,EXPRESS,14.88,6.56,RAIN,14.4,0.7358,1
42.1,6.4,2.1,1,24.4,FREIGHT,9.76,15.84,STORM,22.1,0.582,1
89.9,20.3,16.4,0,25.9,PASSENGER,38.74,21.1,CLEAR,23.2,0.2381,1
121.1,0.6,0.6,0,24.6,EXPRESS,31.7,13.23,RAIN,0.8,0.1064,0
89.8,4.1,3.0,1,3.8,PASSENGER,30.57,9.9,RAIN,13.5,0.6703,0
74.5,3.6,2.4,0,20.9,PASSENGER,3.56,5.07,RAIN,9.8,0.2483,0
62.2,0.6,0.5,0,28.7,FREIGHT,8.08,4.71,CLEAR,3.2,0.0911,0
66.3,4.3,1.4,1,4.9,FREIGHT,1.23,3.81,CLEAR,17.4,0.883,1
73.0,4.9,0.1,1,2.4,PASSENGER,31.18,10.63,CLEAR,12.3,0.5743,0
75.0,19.2,9.4,0,26.4,PASSENGER,11.49,13.15,CLEAR,22.6,0.1368,0
93.1,6.6,4.2,0,19.9,PASSENGER,5.72,20.14,FOG,10.0,0.1368,0
94.8,9.0,7.6,1,19.9,PASSENGER,7.68,5.22,RAIN,18.6,0.6024,0
139.3,8.4,3.3,0,29.0,EXPRESS,25.82,18.12,CLEAR,4.7,0.0762,0
137.8,9.0,4.1,0,23.4,EXPRESS,17.61,16.66,RAIN,10.1,0.1799,0
79.6,7.0,5.4,0,12.8,PASSENGER,37.69,15.23,RAIN,14.1,0.132,0
117.6,9.1,10.7,0,13.9,EXPRESS,14.95,8.14,RAIN,14.1,0.2982,0
107.8,7.5,0.4,1,5.6,EXPRESS,33.44,7.63,CLEAR,12.6,0.6798,1
67.8,2.3,1.8,0,10.2,PASSENGER,22.09,18.21,RAIN,11.9,0.0861,0
138.5,4.7,5.6,0,14.2,EXPRESS,28.36,6.59,CLEAR,4.4,0.13,0
64.7,22.1,14.3,1,8.9,PASSENGER,7.16,7.91,CLEAR,31.5,0.8877,1
106.9,23.0,17.8,0,27.6,PASSENGER,30.08,23.16,RAIN,27.1,0.275,0
67.2,5.7,4.6,1,1.8,FREIGHT,3.88,23.96,FOG,18.6,0.8812,1
102.9,4.3,1.0,0,18.2,PASSENGER,27.8,0.04,CLEAR,5.3,0.0692,0
153.5,4.9,0.6,0,23.5,EXPRESS,18.89,16.48,CLEAR,2.7,0.1667,0
80.4,18.5,13.1,0,22.4,PASSENGER,9.53,12.85,RAIN,22.3,0.4169,1
68.1,3.8,2.6,0,19.8,FREIGHT,19.48,11.04,CLEAR,8.3,0.0946,0
37.1,1.2,1.0,1,13.2,FREIGHT,34.3,6.62,RAIN,17.9,0.7107,1
61.1,11.3,12.2,0,27.7,PASSENGER,6.61,12.17,CLEAR,15.5,0.201,0
144.9,6.4,0.5,1,10.9,EXPRESS,7.2,10.96,CLEAR,10.5,0.6246,0
33.4,7.5,5.9,0,22.9,FREIGHT,21.59,9.63,RAIN,15.2,0.2222,0
159.2,6.2,4.4,0,27.9,EXPRESS,25.2,20.4,CLEAR,3.5,0.0866,0
93.7,1.2,0.4,1,5.2,PASSENGER,17.1,6.5,CLEAR,10.5,0.4252,0
97.7,2.0,1.9,0,28.5,PASSENGER,11.02,14.34,CLEAR,5.9,0.0727,0
107.2,7.6,0.7,0,23.6,EXPRESS,3.15,20.74,RAIN,10.3,0.2273,0
137.2,4.6,4.2,0,19.1,EXPRESS,2.47,23.5,CLEAR,5.4,0.1858,0
93.0,7.2,2.9,0,12.1,EXPRESS,2.11,14.47,CLEAR,9.3,0.2297,0
101.9,1.3,0.0,0,27.3,PASSENGER,36.1,12.48,CLEAR,2.1,0.1089,0
37.6,14.5,16.7,1,2.8,FREIGHT,5.69,20.17,CLEAR,31.9,0.9106,1
138.8,9.9,1.9,1,13.8,EXPRESS,12.16,4.52,CLEAR,8.8,0.5541,0
40.1,4.3,1.3,0,23.1,FREIGHT,39.44,15.12,RAIN,11.4,0.1182,1
94.8,4.4,1.1,0,24.6,EXPRESS,37.14,1.54,CLEAR,5.9,0.0921,0
84.1,5.0,0.8,1,7.3,PASSENGER,2.19,15.84,FOG,16.4,0.8317,0
101.9,27.5,31.7,1,2.9,EXPRESS,22.27,19.1,CLEAR,40.4,0.9304,1
62.8,4.3,1.6,0,24.4,FREIGHT,25.52,1.51,RAIN,10.9,0.139,0
71.9,3.7,2.3,0,13.5,PASSENGER,2.64,20.36,CLEAR,7.7,0.1654,0
77.1,13.6,9.2,1,5.6,PASSENGER,29.26,2.96,CLEAR,24.6,0.6318,0
55.5,6.8,4.6,1,3.9,FREIGHT,39.52,4.22,CLEAR,19.2,0.6539,0
74.2,3.4,2.1,0,19.8,PASSENGER,17.46,20.07,CLEAR,7.7,0.1127,0
47.0,18.0,10.3,1,18.1,FREIGHT,18.25,2.99,CLEAR,31.4,0.8258,0
100.8,8.0,6.2,0,25.8,PASSENGER,26.54,16.17,CLEAR,11.9,0.2189,0
38.1,3.4,1.2,1,2.4,FREIGHT,29.59,7.08,CLEAR,22.9,0.7718,1
64.1,4.3,4.6,0,26.3,PASSENGER,31.7,5.96,CLEAR,5.5,0.0553,0
113.0,19.3,11.5,0,26.8,EXPRESS,3.56,15.6,CLEAR,22.2,0.4077,0
81.2,13.1,3.1,1,14.2,PASSENGER,32.13,2.56,CLEAR,23.0,0.643,0
128.0,7.8,6.0,1,3.7,EXPRESS,34.63,13.79,RAIN,14.2,0.6089,0
78.6,21.8,15.9,0,28.5,PASSENGER,2.29,22.19,RAIN,26.6,0.5858,0
99.5,6.1,5.3,1,3.6,PASSENGER,2.05,20.43,CLEAR,15.0,0.8435,1
62.0,1.4,0.5,1,18.3,PASSENGER,22.26,20.43,CLEAR,10.1,0.4323,0
120.2,3.8,1.3,1,15.6,EXPRESS,20.12,7.27,CLEAR,7.9,0.4675,1
116.8,5.2,4.1,0,25.3,EXPRESS,39.21,16.83,STORM,18.0,0.1113,1
92.4,8.7,1.5,1,15.8,PASSENGER,12.13,18.72,CLEAR,15.0,0.5439,1
73.5,15.9,14.2,0,14.9,FREIGHT,23.81,21.63,RAIN,23.4,0.1781,1
125.7,6.8,2.3,0,26.6,EXPRESS,20.51,6.34,FOG,9.9,0.1429,0
109.3,3.8,2.7,0,29.0,PASSENGER,21.66,18.26,RAIN,6.7,0.1088,0
75.1,4.9,5.4,0,17.2,PASSENGER,26.56,5.57,CLEAR,7.2,0.1569,0
61.5,5.2,3.3,1,14.5,PASSENGER,21.74,0.67,RAIN,18.4,0.6709,1
101.6,6.8,2.2,0,25.2,EXPRESS,0.77,11.56,CLEAR,8.0,0.4099,1
79.8,4.4,0.4,0,25.2,PASSENGER,33.83,18.38,STORM,9.8,0.1627,0
112.1,4.7,4.1,1,10.6,EXPRESS,8.45,5.14,CLEAR,11.2,0.5917,0
34.4,10.6,9.1,0,17.9,FREIGHT,9.63,1.17,FOG,21.8,0.2624,0
120.3,10.4,5.2,1,5.9,EXPRESS,26.09,8.97,RAIN,19.7,0.7204,1
113.7,5.9,2.2,1,19.6,EXPRESS,19.37,4.87,CLEAR,8.3,0.4598,1
98.6,4.3,0.6,0,25.3,EXPRESS,23.19,9.17,CLEAR,5.6,0.0685,0
110.7,9.2,7.6,0,6.8,EXPRESS,20.15,22.1,CLEAR,10.1,0.1466,0
104.3,21.2,12.8,0,10.7,PASSENGER,17.01,17.85,CLEAR,21.1,0.1662,0
111.1,3.9,2.2,1,14.3,EXPRESS,19.59,8.95,CLEAR,10.1,0.3274,0
140.0,6.3,5.9,0,25.6,EXPRESS,6.07,7.8,FOG,7.4,0.2001,0
90.6,3.5,2.4,0,22.3,PASSENGER,38.79,22.11,CLEAR,7.3,0.0687,0
119.9,2.7,3.1,1,10.5,EXPRESS,23.2,21.33,RAIN,8.0,0.4021,0
106.7,8.5,8.1,0,8.4,EXPRESS,11.83,14.5,CLEAR,10.7,0.0953,0
46.6,0.4,0.4,0,21.3,FREIGHT,28.66,8.58,CLEAR,7.3,0.0632,0
89.6,4.9,3.4,1,15.2,PASSENGER,35.26,19.02,CLEAR,13.3,0.4297,1
45.8,5.1,1.1,0,18.4,FREIGHT,12.21,15.93,FOG,14.4,0.0988,0
39.7,11.6,1.9,1,20.0,FREIGHT,13.32,13.55,CLEAR,21.6,0.7304,0
65.8,6.2,4.7,0,17.4,PASSENGER,17.82,17.73,CLEAR,9.9,0.1439,0
151.6,1.1,0.1,0,19.0,EXPRESS,9.08,3.23,RAIN,3.6,0.069,0
82.0,5.8,4.1,0,26.8,PASSENGER,32.49,22.32,CLEAR,9.6,0.152,0
58.1,1.9,1.5,0,26.2,FREIGHT,23.57,23.35,RAIN,6.5,0.0861,0
84.5,4.6,5.0,1,5.7,PASSENGER,2.75,8.51,CLEAR,9.9,0.7417,1
103.6,2.7,0.7,0,18.2,PASSENGER,39.87,22.72,RAIN,8.2,0.1332,0
128.3,8.2,6.0,1,14.0,EXPRESS,23.21,19.1,STORM,15.6,0.6499,0
51.6,11.1,4.7,1,9.6,FREIGHT,35.65,22.58,STORM,27.2,0.8206,1
106.2,33.3,16.0,0,19.5,PASSENGER,20.31,22.02,CLEAR,30.7,0.4483,1
62.4,13.4,10.9,1,16.1,FREIGHT,23.51,4.82,CLEAR,23.6,0.6562,1
97.8,1.9,1.5,0,23.6,EXPRESS,18.45,6.24,CLEAR,4.7,0.0734,0
102.4,4.3,0.1,1,4.2,EXPRESS,17.2,6.25,CLEAR,13.3,0.4467,1
145.1,5.8,4.8,0,10.1,EXPRESS,9.12,2.26,RAIN,6.1,0.0568,0
101.8,7.2,4.2,1,2.2,PASSENGER,38.5,9.54,STORM,21.9,0.7578,0
128.2,8.3,0.1,0,22.8,EXPRESS,7.68,8.7,CLEAR,4.7,0.1235,0
128.8,4.1,0.6,0,27.5,EXPRESS,21.29,8.26,CLEAR,2.7,0.0522,1
58.4,7.7,4.0,0,18.2,FREIGHT,3.94,8.37,FOG,15.9,0.3098,0
120.7,8.5,10.9,0,19.1,EXPRESS,39.74,1.49,CLEAR,9.9,0.109,0
60.6,14.0,10.7,1,2.8,FREIGHT,22.45,4.46,CLEAR,26.0,0.8599,0
97.6,5.6,0.7,0,15.9,EXPRESS,32.68,7.1,RAIN,6.7,0.0747,0
73.3,3.2,2.2,0,16.5,FREIGHT,22.74,21.34,CLEAR,4.9,0.0956,0
97.5,1.2,0.2,1,2.6,PASSENGER,32.3,22.24,CLEAR,13.6,0.4768,0
58.4,2.5,2.9,0,23.8,FREIGHT,21.61,6.85,CLEAR,9.2,0.0551,0
44.2,4.8,6.3,0,9.4,FREIGHT,18.08,16.66,CLEAR,17.1,0.1517,0
101.3,9.8,7.0,0,22.1,EXPRESS,18.51,20.41,CLEAR,12.5,0.0909,0
118.7,3.7,3.1,0,13.0,EXPRESS,0.59,12.15,RAIN,7.4,0.5676,1
136.3,8.3,0.5,0,29.9,EXPRESS,15.14,18.13,CLEAR,4.4,0.1102,1
91.7,7.7,2.2,1,7.5,PASSENGER,38.1,23.42,RAIN,19.4,0.4676,1
47.2,15.4,12.1,1,3.2,FREIGHT,27.19,3.89,CLEAR,24.8,0.8699,0
90.7,2.4,1.2,0,29.4,PASSENGER,36.81,1.69,RAIN,7.7,0.0595,0
100.7,2.4,1.7,1,8.4,PASSENGER,8.41,15.36,FOG,12.8,0.5517,1
91.8,5.2,6.2,0,19.6,EXPRESS,19.9,12.2,CLEAR,11.3,0.0885,1
50.3,7.1,6.0,0,12.2,FREIGHT,1.86,7.12,RAIN,14.8,0.403,0
64.1,14.4,10.9,1,19.7,FREIGHT,27.24,22.0,RAIN,25.5,0.7613,0
128.2,10.3,2.2,0,18.5,EXPRESS,31.47,20.3,RAIN,6.7,0.1445,0
92.6,9.8,3.3,0,21.7,PASSENGER,30.04,6.35,CLEAR,7.8,0.0945,1
126.2,8.1,2.8,1,2.0,EXPRESS,3.93,18.58,STORM,21.7,0.8976,1
109.6,17.3,11.8,0,25.3,PASSENGER,10.28,19.88,CLEAR,20.6,0.2709,0
62.7,13.4,6.6,0,15.1,PASSENGER,26.41,7.81,CLEAR,18.5,0.1511,0
124.4,8.7,8.0,0,16.3,EXPRESS,30.48,2.38,RAIN,10.5,0.0843,0
64.6,1.2,0.6,1,13.2,PASSENGER,11.33,20.41,CLEAR,11.4,0.4785,1
101.2,11.7,7.1,0,29.7,EXPRESS,16.55,2.32,CLEAR,13.6,0.1985,0
79.2,9.8,2.6,1,24.3,PASSENGER,14.38,11.49,CLEAR,18.3,0.7135,0
67.8,0.2,0.1,1,10.4,PASSENGER,0.68,4.66,FOG,10.9,0.8471,1
157.5,1.1,0.3,0,23.8,EXPRESS,23.27,22.26,FOG,1.9,0.095,0
107.3,5.2,5.1,0,14.0,PASSENGER,26.93,2.57,STORM,10.6,0.1865,0
76.8,3.0,2.1,0,26.3,PASSENGER,11.42,2.81,CLEAR,9.0,0.1563,0
134.8,12.1,9.1,1,2.4,EXPRESS,27.67,16.84,CLEAR,16.7,0.7639,1
127.4,7.3,6.0,1,11.6,EXPRESS,10.09,4.93,CLEAR,11.7,0.5919,0
100.8,8.5,0.1,1,13.7,PASSENGER,28.76,3.18,CLEAR,15.2,0.4841,1
58.2,11.8,5.2,0,22.7,FREIGHT,18.56,4.04,RAIN,15.3,0.1422,0
90.0,9.6,1.0,1,6.7,EXPRESS,34.94,14.3,RAIN,16.5,0.5715,0
143.4,2.4,2.5,1,9.7,EXPRESS,22.02,5.34,CLEAR,10.6,0.4906,1
142.3,4.2,4.4,0,22.1,EXPRESS,7.79,9.05,CLEAR,5.0,0.0719,0
85.5,9.8,9.3,1,3.7,PASSENGER,32.97,20.39,STORM,26.0,0.8652,1
153.2,9.4,2.7,1,7.2,EXPRESS,31.22,4.22,CLEAR,13.0,0.5749,0
153.6,8.2,7.4,0,23.0,EXPRESS,3.83,19.83,CLEAR,2.8,0.1076,0
86.2,7.4,6.9,0,26.5,PASSENGER,2.4,18.61,CLEAR,12.0,0.2581,0
90.4,3.7,2.4,0,22.3,PASSENGER,5.88,19.95,RAIN,11.8,0.1147,0
159.8,3.9,3.1,1,16.5,EXPRESS,33.89,8.33,RAIN,6.4,0.6184,1
74.9,6.4,5.4,1,4.3,PASSENGER,13.16,11.34,CLEAR,20.4,0.5315,0
76.2,3.8,0.1,0,25.1,PASSENGER,20.44,16.97,RAIN,7.7,0.0993,0
102.8,9.1,10.0,0,5.0,EXPRESS,24.32,0.9,CLEAR,13.2,0.1398,0
152.7,8.3,6.6,1,12.5,EXPRESS,29.87,15.93,RAIN,9.8,0.6313,1
63.5,3.1,1.3,1,2.9,FREIGHT,33.28,2.88,STORM,21.2,0.8112,0
97.4,17.4,17.9,0,21.7,EXPRESS,20.88,6.91,STORM,26.4,0.2522,1
109.1,2.8,0.9,0,15.8,PASSENGER,16.92,19.43,RAIN,5.1,0.1022,0
62.9,18.5,11.0,0,27.4,FREIGHT,8.24,15.25,CLEAR,21.1,0.4047,0
149.5,3.4,1.8,1,5.5,EXPRESS,24.5,14.92,CLEAR,7.5,0.5764,1
93.4,6.8,6.5,0,24.8,EXPRESS,22.22,5.45,CLEAR,8.3,0.1811,0
85.2,5.7,2.7,1,16.1,PASSENGER,12.0,16.03,FOG,18.5,0.6498,0
61.4,6.9,6.0,0,11.9,FREIGHT,18.13,3.16,RAIN,14.6,0.1099,0
54.4,5.4,0.8,0,19.8,FREIGHT,29.72,23.16,CLEAR,9.5,0.0669,0
93.3,10.0,1.4,0,24.0,PASSENGER,25.27,6.06,RAIN,14.8,0.1084,0
147.3,5.9,0.5,1,14.0,EXPRESS,19.53,19.84,CLEAR,7.3,0.4085,0
78.7,12.4,9.0,0,8.1,PASSENGER,11.26,22.08,FOG,21.8,0.4011,0
102.4,1.9,1.6,0,27.6,PASSENGER,26.89,4.12,CLEAR,3.9,0.1403,1
68.1,14.1,5.3,1,10.4,PASSENGER,25.29,0.23,CLEAR,18.8,0.7215,1
109.0,7.7,7.7,1,29.9,EXPRESS,18.6,20.98,CLEAR,15.0,0.5987,1
93.0,17.8,10.4,0,23.4,EXPRESS,9.92,18.34,RAIN,21.2,0.1983,0
78.2,14.1,0.5,0,21.1,PASSENGER,7.41,3.7,STORM,22.5,0.3083,0
79.0,12.3,10.1,1,1.9,PASSENGER,13.91,19.93,CLEAR,24.9,0.7511,1
146.4,2.8,1.0,1,14.3,EXPRESS,36.39,19.45,CLEAR,6.1,0.3274,1
135.7,9.4,6.0,0,15.8,EXPRESS,30.28,11.07,CLEAR,8.6,0.1818,0
49.7,5.7,5.9,0,12.2,FREIGHT,35.7,22.72,CLEAR,18.2,0.1561,0
92.6,2.0,0.0,1,5.8,PASSENGER,33.78,13.97,RAIN,12.5,0.5908,0
93.7,2.1,1.1,1,12.0,EXPRESS,18.63,10.63,CLEAR,5.9,0.2706,0
102.6,3.8,3.0,1,3.6,EXPRESS,21.45,0.32,FOG,12.1,0.6326,1
133.9,4.8,2.5,1,9.8,EXPRESS,7.2,22.87,CLEAR,9.8,0.5043,1
58.9,16.1,11.3,1,3.9,FREIGHT,28.97,3.08,RAIN,28.0,0.8719,1
98.7,6.3,2.0,0,22.9,PASSENGER,17.17,7.11,FOG,13.0,0.178,0
80.1,22.2,12.4,0,20.6,PASSENGER,6.87,17.51,CLEAR,25.7,0.3855,0
96.1,3.4,2.8,0,28.3,PASSENGER,4.27,0.13,RAIN,8.0,0.1544,0
137.9,16.8,15.0,0,12.3,EXPRESS,28.0,13.02,RAIN,16.3,0.3313,0
73.4,6.8,6.0,0,23.9,FREIGHT,19.55,3.81,CLEAR,12.3,0.0965,0
70.8,12.1,8.0,0,18.2,PASSENGER,0.86,0.54,STORM,22.2,0.6904,1
128.6,6.2,0.5,0,19.9,EXPRESS,33.07,15.4,CLEAR,3.3,0.1457,0
132.1,5.6,4.0,0,17.1,EXPRESS,24.97,14.47,CLEAR,3.3,0.097,0
109.9,3.3,0.7,0,23.7,PASSENGER,2.02,17.62,STORM,13.0,0.3905,0
39.1,3.6,1.6,1,2.7,FREIGHT,12.54,14.84,RAIN,20.1,0.737,1
126.6,10.2,4.4,1,3.8,EXPRESS,29.04,10.61,RAIN,16.6,0.691,1
45.6,8.0,5.8,1,4.2,FREIGHT,2.83,11.49,FOG,22.4,0.9142,1
86.3,4.6,0.2,1,9.7,PASSENGER,29.58,5.28,CLEAR,12.1,0.6119,1
106.2,4.9,3.4,1,18.3,EXPRESS,20.44,2.01,CLEAR,11.6,0.4821,1
93.3,6.9,3.7,0,19.9,EXPRESS,31.42,20.66,CLEAR,6.5,0.0673,0
130.1,3.2,0.4,0,21.8,EXPRESS,34.28,16.59,RAIN,3.7,0.0619,0
76.8,5.0,3.1,1,9.5,PASSENGER,30.83,2.95,CLEAR,9.7,0.5019,1
102.7,8.7,5.6,0,20.0,EXPRESS,3.58,6.34,CLEAR,10.3,0.2196,0
112.7,1.5,0.2,1,4.9,EXPRESS,18.68,20.72,CLEAR,11.2,0.4373,0
62.5,7.1,6.4,1,1.8,PASSENGER,13.09,23.04,RAIN,19.7,0.846,1
107.5,3.9,3.9,0,21.3,PASSENGER,20.59,18.99,RAIN,6.8,0.1143,0
130.7,7.1,8.1,0,21.9,EXPRESS,38.65,13.68,CLEAR,6.8,0.0914,0
100.7,7.0,1.1,1,19.2,PASSENGER,5.41,20.86,CLEAR,10.5,0.422,0
81.2,14.4,8.1,0,8.9,PASSENGER,34.69,15.04,CLEAR,17.1,0.218,0
105.2,6.1,0.4,0,27.9,PASSENGER,39.64,16.79,CLEAR,4.2,0.0488,0
51.7,7.3,2.3,0,26.5,FREIGHT,39.61,19.85,RAIN,12.1,0.1811,0
130.2,1.5,1.0,0,16.2,EXPRESS,31.97,8.5,CLEAR,1.6,0.1397,0
52.1,10.5,9.4,0,29.7,FREIGHT,18.89,18.83,CLEAR,17.3,0.1804,0
96.7,11.5,5.5,1,10.0,PASSENGER,7.53,4.97,CLEAR,17.5,0.6276,0
88.3,4.4,0.1,0,15.5,PASSENGER,24.52,4.66,STORM,15.1,0.2314,0
73.6,0.0,0.0,0,27.9,PASSENGER,24.61,19.47,CLEAR,5.5,0.068,0
67.3,3.0,1.5,0,14.7,PASSENGER,13.0,13.53,CLEAR,11.7,0.1169,0
132.4,0.8,0.7,1,14.9,EXPRESS,24.86,9.93,RAIN,6.2,0.4994,1
84.5,6.5,4.5,1,3.8,PASSENGER,5.1,12.56,STORM,19.5,0.7779,0
64.8,7.2,4.9,0,7.5,PASSENGER,25.54,23.47,CLEAR,12.4,0.2302,0
79.8,19.6,12.8,1,6.0,PASSENGER,35.92,21.46,CLEAR,32.5,0.8414,1
126.0,15.3,13.7,0,17.6,EXPRESS,19.15,12.18,CLEAR,13.8,0.3399,0
67.2,7.3,4.8,0,10.6,FREIGHT,30.7,13.13,CLEAR,14.0,0.1604,0
63.8,2.0,0.0,1,3.7,PASSENGER,25.61,14.74,CLEAR,11.0,0.5566,1
114.4,7.5,2.0,0,16.0,EXPRESS,0.62,18.98,CLEAR,7.1,0.4455,0
101.1,4.8,3.2,0,20.6,PASSENGER,5.32,20.97,CLEAR,5.7,0.1348,0
92.4,6.6,3.1,0,22.5,PASSENGER,31.11,3.52,CLEAR,7.0,0.104,0
74.5,6.3,4.2,0,25.4,PASSENGER,2.1,15.08,RAIN,13.3,0.3728,0
102.3,18.6,14.5,1,15.2,PASSENGER,38.27,5.45,CLEAR,28.1,0.7083,0
52.2,7.1,9.7,1,12.6,FREIGHT,35.82,14.92,RAIN,22.0,0.6115,1
124.9,6.1,0.5,1,21.0,EXPRESS,14.81,4.11,RAIN,11.4,0.3632,0
108.8,1.2,1.4,1,1.9,PASSENGER,12.76,19.39,RAIN,9.4,0.6914,0
72.6,7.4,8.1,1,19.6,FREIGHT,24.71,15.86,STORM,22.5,0.6579,1
46.1,7.0,7.8,1,13.1,FREIGHT,24.67,20.78,CLEAR,19.9,0.6114,1
67.0,4.3,1.4,0,14.4,PASSENGER,4.02,22.67,STORM,14.2,0.2428,1
44.7,8.0,5.9,0,9.9,FREIGHT,9.01,22.41,CLEAR,17.6,0.2103,0
92.1,5.2,5.0,1,5.1,EXPRESS,25.64,3.48,RAIN,15.0,0.5465,1
30.9,3.7,2.9,0,12.9,FREIGHT,32.13,9.04,RAIN,11.9,0.1458,0
117.7,6.0,1.0,0,10.3,EXPRESS,8.08,11.59,RAIN,9.9,0.2073,0
155.9,16.3,9.9,0,28.9,EXPRESS,28.23,18.93,RAIN,16.5,0.1672,1
151.0,9.6,5.1,0,28.4,EXPRESS,34.88,0.36,RAIN,11.5,0.1477,0
85.6,4.2,0.8,1,19.9,PASSENGER,5.15,22.21,CLEAR,12.5,0.5338,1
129.6,9.1,5.5,0,27.3,EXPRESS,17.84,9.77,CLEAR,6.8,0.1052,0
90.4,7.5,6.1,0,22.9,EXPRESS,34.1,15.15,CLEAR,5.2,0.1548,0
105.1,12.8,9.8,1,11.4,EXPRESS,15.14,23.53,CLEAR,15.9,0.6189,0
91.7,5.7,1.1,0,18.7,EXPRESS,11.14,21.18,CLEAR,6.7,0.1403,0
97.7,17.5,20.2,1,7.8,PASSENGER,29.95,8.69,CLEAR,29.1,0.8104,1
67.3,2.4,0.7,0,21.1,PASSENGER,16.33,11.63,RAIN,10.8,0.0958,0
150.8,8.8,4.1,1,2.8,EXPRESS,28.4,18.48,CLEAR,12.6,0.566,1
92.2,7.3,4.8,0,25.2,PASSENGER,5.49,17.85,STORM,16.9,0.2906,0
40.3,5.5,2.4,0,18.1,FREIGHT,22.36,16.92,CLEAR,9.3,0.1173,0
67.9,3.8,2.9,1,3.2,PASSENGER,15.49,0.26,CLEAR,17.7,0.6317,1
133.9,7.7,10.0,1,26.3,EXPRESS,39.89,4.78,CLEAR,11.7,0.484,1
105.0,6.1,4.7,0,26.5,PASSENGER,23.86,5.32,CLEAR,9.0,0.0573,0
140.3,12.4,3.1,0,25.8,EXPRESS,27.45,6.01,RAIN,12.5,0.1337,0
114.4,9.1,0.6,0,23.6,EXPRESS,5.68,2.31,CLEAR,9.6,0.0703,0
131.1,0.7,0.0,0,20.8,EXPRESS,39.68,19.36,CLEAR,0.0,0.0775,0
44.0,1.1,0.6,1,12.8,FREIGHT,2.53,8.19,FOG,14.2,0.8151,1
159.9,11.9,14.1,1,5.4,EXPRESS,3.3,18.61,CLEAR,18.0,0.7981,0
142.4,9.0,6.5,1,9.7,EXPRESS,3.49,22.36,CLEAR,13.7,0.6042,0
133.0,19.0,15.4,0,11.4,EXPRESS,34.89,7.51,CLEAR,16.9,0.2635,0
49.0,1.0,0.2,1,11.7,FREIGHT,29.28,10.89,RAIN,14.1,0.2471,0
90.9,8.4,5.1,1,17.6,PASSENGER,38.94,2.1,CLEAR,13.4,0.5436,1
113.9,4.4,0.2,1,7.4,EXPRESS,3.13,7.08,STORM,13.0,0.8401,1
61.4,6.8,6.9,0,6.9,PASSENGER,27.82,13.11,CLEAR,12.0,0.1751,0
79.8,6.0,2.2,1,21.9,PASSENGER,21.56,4.32,CLEAR,13.5,0.457,0
106.5,2.6,0.5,1,1.7,PASSENGER,25.75,12.89,CLEAR,10.0,0.5776,0
133.8,3.4,3.8,1,5.8,EXPRESS,20.76,7.51,CLEAR,10.4,0.7224,1
33.8,5.7,1.5,1,13.9,FREIGHT,27.18,23.76,CLEAR,15.8,0.5921,1
151.9,4.9,4.8,1,5.7,EXPRESS,36.33,9.02,CLEAR,8.6,0.5106,0
73.4,4.6,4.8,0,28.9,PASSENGER,23.71,0.94,CLEAR,9.8,0.0888,0
107.1,4.8,5.5,0,20.6,EXPRESS,35.91,11.35,STORM,15.9,0.1169,0
110.8,31.5,22.0,1,13.8,EXPRESS,31.4,8.02,CLEAR,38.3,0.7221,1
130.4,6.1,2.2,1,4.7,EXPRESS,34.66,8.88,CLEAR,10.6,0.5018,1
87.2,4.0,2.8,1,12.5,PASSENGER,26.54,8.89,CLEAR,9.9,0.4893,0
124.4,13.5,7.3,0,20.0,EXPRESS,20.98,21.15,CLEAR,10.6,0.1071,0
95.9,3.9,3.9,0,29.1,PASSENGER,3.25,11.96,RAIN,5.9,0.0804,0
112.2,8.2,0.2,1,15.0,EXPRESS,33.48,6.07,CLEAR,12.5,0.5185,1
99.1,13.1,8.3,0,21.2,PASSENGER,10.06,19.02,CLEAR,17.3,0.1737,0
37.9,2.7,0.2,1,7.1,FREIGHT,1.95,10.64,STORM,20.0,0.9267,1
99.1,5.4,0.8,0,19.3,PASSENGER,21.0,3.49,CLEAR,5.8,0.0886,0
93.2,3.5,0.5,1,8.3,PASSENGER,25.48,23.96,RAIN,12.6,0.3639,1
94.2,6.8,0.4,1,7.1,PASSENGER,26.64,0.66,CLEAR,17.0,0.6489,1
123.7,5.4,0.1,0,16.0,EXPRESS,26.95,17.02,CLEAR,3.4,0.1284,0
60.0,0.9,0.3,1,7.5,FREIGHT,26.32,20.34,STORM,17.8,0.5321,0
95.6,2.8,2.6,0,22.1,EXPRESS,32.42,8.49,RAIN,6.1,0.1116,0
102.6,1.3,1.3,0,28.2,PASSENGER,30.89,3.78,CLEAR,3.5,0.1125,0
62.8,1.3,0.6,1,12.7,PASSENGER,32.61,10.48,CLEAR,12.3,0.6181,1
100.4,6.9,4.8,1,10.7,EXPRESS,18.68,11.58,CLEAR,16.5,0.6655,0
130.4,1.1,1.2,1,6.5,EXPRESS,2.98,23.99,CLEAR,6.2,0.6554,1
97.0,1.2,0.1,1,12.6,PASSENGER,25.76,0.47,CLEAR,10.4,0.4291,0
33.4,6.2,2.4,0,17.4,FREIGHT,8.8,15.74,RAIN,15.5,0.1801,0
71.4,7.2,1.7,0,12.1,FREIGHT,34.45,19.31,RAIN,10.0,0.1096,0
108.7,1.4,1.7,0,19.3,PASSENGER,29.01,14.83,STORM,8.0,0.0832,0
90.3,2.3,2.7,0,20.4,PASSENGER,30.75,15.12,RAIN,11.5,0.1107,0
51.7,5.1,5.0,1,4.3,FREIGHT,11.81,21.01,FOG,20.2,0.7441,1
141.9,11.2,4.3,0,21.4,EXPRESS,25.51,13.56,CLEAR,8.5,0.1024,1
113.0,16.2,12.5,0,27.2,EXPRESS,21.36,21.16,RAIN,18.1,0.202,0
84.7,15.3,3.3,1,2.2,PASSENGER,11.1,5.04,CLEAR,23.8,0.863,1
71.2,8.8,2.9,1,17.2,FREIGHT,32.58,12.39,RAIN,15.8,0.6548,1
73.0,7.6,1.1,0,18.7,FREIGHT,22.22,0.81,RAIN,7.9,0.0693,0
106.4,6.7,6.3,0,21.7,PASSENGER,8.04,19.28,CLEAR,6.9,0.2617,1
108.4,2.8,0.7,1,12.5,EXPRESS,12.56,18.65,CLEAR,8.0,0.5743,1
71.6,19.0,3.0,1,24.8,PASSENGER,9.47,12.94,CLEAR,26.6,0.6762,0
110.8,3.2,2.5,0,16.9,EXPRESS,12.84,9.5,RAIN,5.3,0.1063,1
120.9,6.9,4.8,1,13.2,EXPRESS,7.93,8.88,CLEAR,12.2,0.5672,0
75.7,13.8,11.2,0,22.0,PASSENGER,15.16,4.83,CLEAR,15.6,0.1442,0
116.2,13.4,13.2,0,27.9,EXPRESS,27.91,10.27,CLEAR,11.3,0.1464,0
57.9,7.5,0.8,0,24.6,FREIGHT,38.39,7.29,CLEAR,12.6,0.0837,0
98.1,3.8,1.4,0,28.0,PASSENGER,8.82,13.86,FOG,9.9,0.174,0
96.8,10.7,7.5,1,9.1,PASSENGER,12.34,18.88,CLEAR,20.0,0.5079,0
147.0,5.8,3.3,1,4.9,EXPRESS,0.59,16.66,CLEAR,12.2,0.9204,1
92.3,4.8,2.7,0,16.7,EXPRESS,9.4,12.33,STORM,15.6,0.1375,0
93.3,10.7,5.6,1,2.8,EXPRESS,17.03,22.77,CLEAR,21.3,0.8359,1
65.5,15.4,4.1,0,20.7,FREIGHT,18.74,4.74,CLEAR,17.6,0.2252,0
54.0,29.1,15.9,0,8.3,FREIGHT,11.02,15.36,CLEAR,34.9,0.515,1
88.9,9.7,3.9,0,14.4,PASSENGER,6.44,2.11,RAIN,13.0,0.2521,0
93.7,4.1,2.8,1,20.2,EXPRESS,22.74,16.15,CLEAR,10.7,0.4827,0
41.5,4.0,3.5,1,15.3,FREIGHT,16.66,17.41,CLEAR,16.3,0.5867,1
134.7,7.6,7.4,1,8.2,EXPRESS,17.34,18.78,CLEAR,14.9,0.5691,0
150.1,5.9,4.3,0,26.6,EXPRESS,35.85,15.93,RAIN,6.9,0.0854,1
105.8,5.3,4.7,0,23.3,PASSENGER,22.68,2.94,CLEAR,7.0,0.1214,0
52.5,12.3,16.0,0,18.6,FREIGHT,15.84,1.06,FOG,22.8,0.3783,0
128.2,4.6,4.3,1,21.4,EXPRESS,10.52,17.14,CLEAR,9.8,0.5634,1
148.3,3.1,2.2,1,13.3,EXPRESS,17.43,19.16,STORM,13.9,0.5561,0
54.2,8.8,5.3,0,12.2,FREIGHT,34.54,0.78,CLEAR,18.3,0.1302,0
126.2,4.9,4.8,1,6.1,EXPRESS,38.62,3.6,STORM,16.4,0.8155,1
153.4,4.2,0.1,0,24.4,EXPRESS,15.4,18.97,STORM,6.4,0.1168,0
99.5,3.2,2.8,1,12.4,PASSENGER,8.75,23.23,CLEAR,10.5,0.6451,1
70.9,8.8,6.1,0,21.2,FREIGHT,36.62,12.49,CLEAR,15.2,0.1161,1
70.9,9.9,3.1,1,10.0,PASSENGER,6.21,3.68,CLEAR,19.5,0.6477,1
53.6,5.9,6.8,0,24.2,FREIGHT,12.25,7.71,CLEAR,11.1,0.1681,0
102.1,15.7,2.7,1,4.5,PASSENGER,8.56,18.75,RAIN,23.3,0.8478,1
97.8,25.5,18.4,0,19.3,EXPRESS,22.85,13.04,CLEAR,27.7,0.3497,0
65.8,1.9,1.6,0,24.5,FREIGHT,16.64,1.39,RAIN,6.9,0.0891,0
69.1,1.6,0.4,1,20.3,PASSENGER,11.84,7.4,CLEAR,9.2,0.687,1
146.6,8.5,2.5,0,21.3,EXPRESS,30.83,18.07,CLEAR,3.6,0.1035,0
90.6,5.9,3.5,0,16.5,PASSENGER,26.73,7.82,RAIN,9.9,0.1106,0
103.5,2.7,1.9,0,17.4,EXPRESS,39.82,10.38,CLEAR,6.8,0.0972,0
123.1,9.9,1.2,1,3.4,EXPRESS,12.82,21.72,RAIN,19.0,0.6152,1
137.7,8.9,5.0,1,8.6,EXPRESS,33.89,23.63,CLEAR,12.7,0.6238,0
91.7,5.9,2.1,0,22.1,PASSENGER,12.45,18.17,RAIN,13.2,0.0881,0
49.2,10.1,4.5,0,28.4,FREIGHT,0.86,5.76,RAIN,16.9,0.6552,1
105.0,12.3,6.8,1,16.9,PASSENGER,6.46,5.84,CLEAR,17.4,0.7809,1
53.4,6.4,6.4,0,22.2,FREIGHT,20.58,7.3,CLEAR,8.5,0.1069,1
125.4,4.2,2.1,0,21.0,EXPRESS,32.5,3.85,CLEAR,4.4,0.0841,0
94.4,9.2,3.8,0,30.0,EXPRESS,2.77,4.29,RAIN,10.7,0.263,1
154.5,3.1,2.7,0,24.2,EXPRESS,33.36,6.14,CLEAR,3.7,0.0995,0
102.4,8.0,9.2,0,19.4,EXPRESS,28.78,15.84,STORM,13.6,0.2322,0
127.0,7.9,9.5,1,4.8,EXPRESS,1.86,14.7,RAIN,18.5,0.8594,0
100.2,3.0,1.9,1,11.8,PASSENGER,4.7,8.18,RAIN,11.7,0.7183,0
39.7,0.6,0.4,1,8.6,FREIGHT,3.49,4.72,STORM,15.8,0.8134,1
53.7,6.1,0.8,0,25.8,FREIGHT,27.32,14.98,RAIN,9.2,0.1065,0
106.8,6.9,2.1,1,14.2,EXPRESS,22.66,3.14,CLEAR,13.3,0.4152,1
64.2,5.2,3.7,0,16.8,FREIGHT,14.67,3.51,CLEAR,8.4,0.1756,0
129.5,7.3,4.8,0,29.0,EXPRESS,3.99,9.2,CLEAR,2.8,0.2343,1
149.9,5.1,1.8,1,25.3,EXPRESS,16.02,13.62,CLEAR,11.1,0.4717,0
70.3,7.1,5.0,0,24.0,FREIGHT,27.45,17.48,CLEAR,13.2,0.0751,0
92.4,12.4,12.5,1,5.6,PASSENGER,4.19,16.49,CLEAR,19.1,0.7687,1
140.8,5.1,4.8,1,2.1,EXPRESS,34.34,9.08,RAIN,9.8,0.7904,1
87.5,4.8,0.8,1,5.1,PASSENGER,2.98,15.71,RAIN,17.0,0.7803,1
116.9,5.5,3.9,1,22.6,EXPRESS,24.52,5.07,FOG,10.9,0.4336,0
92.4,5.1,3.5,0,13.2,PASSENGER,7.97,11.85,STORM,13.7,0.2332,0
105.4,11.1,9.2,1,4.8,PASSENGER,4.12,14.77,FOG,22.7,0.8274,0
48.8,8.8,1.9,0,22.6,FREIGHT,14.52,17.87,CLEAR,13.0,0.195,0
112.0,7.0,2.5,1,7.0,EXPRESS,26.84,1.91,CLEAR,11.0,0.5088,0
117.2,5.1,4.1,0,18.3,EXPRESS,5.28,2.43,CLEAR,2.1,0.1939,0
81.8,11.9,3.3,1,22.6,PASSENGER,19.29,1.77,FOG,22.7,0.6508,1
63.7,7.1,5.7,1,18.8,PASSENGER,16.54,13.12,RAIN,23.0,0.3721,0
124.9,3.5,0.2,0,29.8,EXPRESS,17.38,13.68,RAIN,2.2,0.0724,0
84.7,3.9,3.7,0,13.9,PASSENGER,37.76,0.26,RAIN,7.1,0.1206,0
56.5,1.6,0.6,1,10.4,FREIGHT,14.29,15.76,RAIN,15.0,0.5783,1
46.3,7.2,1.7,1,7.2,FREIGHT,39.67,18.32,FOG,16.3,0.6629,1
57.6,10.7,4.9,1,15.9,FREIGHT,21.77,2.8,RAIN,20.1,0.5391,1
69.5,1.9,0.8,0,25.8,FREIGHT,33.78,8.1,RAIN,8.1,0.1361,0
107.8,2.2,1.7,0,28.5,PASSENGER,14.28,20.4,RAIN,3.4,0.1541,0
56.3,5.8,5.5,0,29.2,FREIGHT,3.85,16.49,CLEAR,12.5,0.1487,0
93.0,7.9,4.7,0,16.6,EXPRESS,3.83,7.31,CLEAR,11.2,0.2354,0
157.8,0.7,0.4,0,18.7,EXPRESS,23.18,17.81,CLEAR,0.0,0.0796,0
139.4,6.8,3.9,0,18.1,EXPRESS,37.23,21.29,RAIN,5.5,0.0721,0
76.8,7.3,0.7,1,14.8,PASSENGER,3.31,7.42,CLEAR,14.1,0.7059,1
100.3,2.2,1.3,1,5.8,EXPRESS,27.72,16.42,CLEAR,9.9,0.7318,1
36.5,8.6,2.8,1,3.4,FREIGHT,22.75,2.24,CLEAR,22.0,0.662,1
101.7,0.7,0.5,0,13.9,EXPRESS,26.26,1.41,STORM,11.2,0.1869,0
93.2,19.3,22.8,1,6.8,EXPRESS,9.01,14.07,CLEAR,30.4,0.8402,1
105.1,5.3,0.8,0,26.8,PASSENGER,3.29,11.82,CLEAR,5.5,0.1382,0
127.9,6.9,6.8,0,23.2,EXPRESS,3.45,19.44,RAIN,9.6,0.2786,0
139.0,9.6,8.0,0,19.1,EXPRESS,10.25,18.73,RAIN,11.5,0.131,0
148.0,31.0,23.4,1,2.9,EXPRESS,8.94,6.88,RAIN,36.4,0.9381,1
99.6,2.1,2.5,0,19.2,PASSENGER,5.49,12.29,FOG,8.6,0.1448,1
104.1,12.2,9.3,0,19.2,PASSENGER,10.95,18.14,CLEAR,13.5,0.1267,0
108.4,16.0,14.2,1,14.0,PASSENGER,21.59,6.5,CLEAR,23.1,0.7854,1
82.0,2.5,0.9,0,20.2,PASSENGER,38.01,8.69,RAIN,9.3,0.1087,0
107.5,5.5,2.9,0,26.0,PASSENGER,36.93,1.44,RAIN,10.2,0.2004,0
140.6,2.6,0.3,0,23.1,EXPRESS,11.23,3.13,CLEAR,0.0,0.0834,0
94.9,4.5,4.4,0,15.0,EXPRESS,3.12,14.65,STORM,10.6,0.27,1
94.1,7.8,3.9,0,9.0,PASSENGER,39.83,11.92,FOG,17.1,0.1465,0
138.1,0.9,1.0,0,15.1,EXPRESS,19.32,4.05,RAIN,5.2,0.0757,0
153.4,8.4,7.2,0,28.5,EXPRESS,39.14,0.17,CLEAR,7.7,0.1638,0
78.6,2.2,0.2,0,24.9,PASSENGER,21.74,4.06,CLEAR,5.0,0.0688,0
89.2,9.5,7.4,1,2.3,PASSENGER,35.51,17.99,CLEAR,19.5,0.7739,1
90.9,1.0,0.1,0,23.8,EXPRESS,18.17,2.25,CLEAR,1.7,0.0679,0
113.2,6.9,4.8,1,6.4,EXPRESS,25.07,9.66,RAIN,15.3,0.4953,1
32.8,2.5,0.4,0,17.8,FREIGHT,21.66,5.73,CLEAR,9.5,0.1479,0
53.5,2.2,1.3,0,24.5,FREIGHT,9.19,13.19,CLEAR,7.7,0.0709,0
100.9,9.5,5.8,0,17.5,PASSENGER,30.67,12.28,CLEAR,9.0,0.133,1
70.3,10.6,1.5,1,13.0,PASSENGER,2.66,23.59,CLEAR,20.4,0.7281,0
86.4,4.7,3.2,1,10.7,PASSENGER,14.82,18.55,CLEAR,13.6,0.5037,0
39.2,17.2,11.1,1,10.2,FREIGHT,34.86,22.52,STORM,35.2,0.8635,1
35.4,1.1,0.2,0,25.4,FREIGHT,20.36,13.87,STORM,10.1,0.1901,1
125.8,9.9,7.5,0,25.0,EXPRESS,3.57,17.71,RAIN,8.3,0.2106,1
33.6,3.5,0.3,0,25.0,FREIGHT,8.7,21.48,CLEAR,8.1,0.1806,0
131.1,3.8,0.6,0,9.6,EXPRESS,4.83,0.99,RAIN,6.5,0.1439,0
92.2,7.2,0.6,0,24.3,EXPRESS,11.47,21.97,STORM,13.4,0.3671,1
65.3,22.7,23.1,0,2.5,PASSENGER,7.03,5.08,STORM,35.1,0.6339,1
87.5,2.4,0.9,1,7.4,PASSENGER,28.62,16.92,RAIN,13.4,0.4319,1
56.6,11.5,10.2,0,16.2,FREIGHT,26.55,18.56,CLEAR,16.8,0.168,0
92.0,21.6,21.2,0,13.1,EXPRESS,5.84,2.62,RAIN,27.8,0.35,0
88.7,7.3,2.2,1,4.7,PASSENGER,18.08,22.87,RAIN,15.0,0.7384,0
67.7,6.8,4.5,1,2.7,FREIGHT,12.19,22.24,CLEAR,18.4,0.8326,1
62.5,10.0,6.8,0,18.9,FREIGHT,13.82,15.71,CLEAR,17.6,0.1468,0
99.2,5.8,2.2,0,10.4,EXPRESS,23.25,3.73,CLEAR,10.4,0.1245,0
131.5,1.3,0.8,1,2.0,EXPRESS,36.0,13.59,CLEAR,7.3,0.6438,1
93.6,3.8,2.6,1,13.8,PASSENGER,35.94,8.26,CLEAR,10.5,0.4369,0
92.6,9.8,6.7,0,10.2,EXPRESS,16.81,22.34,CLEAR,14.4,0.1813,0
68.5,9.8,6.8,0,17.9,FREIGHT,16.03,9.76,RAIN,16.0,0.2226,0
70.8,3.4,1.2,0,28.0,FREIGHT,20.96,16.65,STORM,13.6,0.0916,0
149.5,1.4,0.9,1,10.3,EXPRESS,19.23,15.29,CLEAR,7.2,0.3336,0
147.7,15.9,11.4,0,29.9,EXPRESS,2.94,6.5,RAIN,15.8,0.2962,1
142.1,8.0,0.2,1,4.0,EXPRESS,23.36,12.85,CLEAR,10.6,0.5572,1
58.5,4.4,6.0,1,4.0,FREIGHT,23.6,9.84,FOG,22.1,0.7336,1
137.5,3.6,0.2,0,21.8,EXPRESS,18.29,8.99,RAIN,2.0,0.0658,0
100.3,10.2,8.2,0,22.8,PASSENGER,16.85,20.74,CLEAR,12.3,0.1019,0
93.1,15.4,10.6,0,13.6,PASSENGER,37.59,3.35,CLEAR,16.9,0.168,0
76.4,5.2,1.6,1,9.7,PASSENGER,24.23,9.85,RAIN,12.8,0.4677,1
116.3,3.3,0.3,0,24.1,EXPRESS,32.74,0.16,CLEAR,3.4,0.1086,0
152.8,8.0,2.9,0,28.8,EXPRESS,38.18,6.29,STORM,10.7,0.2017,1
30.8,3.0,1.6,0,29.7,FREIGHT,32.5,14.92,STORM,15.3,0.2553,0
61.4,5.0,2.4,0,19.6,FREIGHT,37.75,2.1,CLEAR,11.9,0.1464,0
107.7,6.4,4.9,0,22.6,PASSENGER,30.49,6.51,RAIN,7.8,0.1002,0
139.4,2.6,1.1,0,24.9,EXPRESS,7.22,21.13,RAIN,3.5,0.0902,0
159.6,2.3,2.0,0,24.3,EXPRESS,9.46,16.6,RAIN,0.0,0.1075,0
94.4,8.4,6.9,0,29.8,PASSENGER,8.16,1.69,FOG,18.7,0.2346,0
92.4,5.5,4.6,0,24.6,EXPRESS,13.22,23.82,CLEAR,6.9,0.1228,0
67.2,5.5,1.8,0,20.4,FREIGHT,14.52,22.68,CLEAR,6.5,0.1252,0
74.2,11.5,4.9,1,12.2,PASSENGER,32.54,3.4,RAIN,20.7,0.6795,1
121.2,7.1,6.5,0,18.5,EXPRESS,14.75,22.12,CLEAR,8.2,0.1559,0
44.0,3.2,4.0,1,26.6,FREIGHT,29.23,13.2,CLEAR,16.2,0.6431,1
42.1,31.6,1.2,1,10.2,FREIGHT,36.2,22.31,RAIN,42.4,0.8534,1
120.2,3.5,0.0,1,2.4,EXPRESS,5.02,23.23,CLEAR,12.2,0.7448,1
78.9,13.3,7.3,1,10.8,PASSENGER,0.51,16.65,RAIN,24.6,0.9391,1
134.3,6.4,7.8,0,28.9,EXPRESS,35.6,6.99,FOG,11.4,0.0789,0
146.9,11.1,5.4,0,24.1,EXPRESS,9.91,22.19,STORM,14.8,0.1962,1
110.8,5.4,0.4,0,6.8,EXPRESS,6.56,13.76,CLEAR,5.3,0.112,0
70.7,3.6,4.0,1,1.8,PASSENGER,12.16,8.2,CLEAR,16.8,0.8478,1
60.0,8.4,7.7,0,20.6,FREIGHT,7.85,11.04,RAIN,14.0,0.1858,0
93.5,3.8,2.2,0,18.0,PASSENGER,31.85,9.75,CLEAR,8.4,0.0992,0
153.1,2.0,1.0,1,3.9,EXPRESS,25.56,22.45,CLEAR,8.4,0.5311,0
60.8,14.5,4.0,0,29.0,PASSENGER,7.11,19.68,CLEAR,20.7,0.1383,0
149.7,10.3,7.9,0,19.1,EXPRESS,23.55,0.75,RAIN,7.7,0.1542,0
53.4,4.4,0.2,1,20.1,FREIGHT,8.72,0.24,CLEAR,16.2,0.5729,0
91.1,8.1,4.1,0,25.8,PASSENGER,8.3,1.66,RAIN,10.8,0.2377,0
96.4,6.1,4.6,0,11.1,EXPRESS,24.02,14.65,RAIN,11.1,0.1096,0
120.3,7.0,4.2,1,17.4,EXPRESS,26.76,19.55,FOG,16.5,0.6395,1
71.4,5.9,4.7,1,17.9,PASSENGER,14.17,12.36,FOG,15.0,0.6872,1
107.8,7.2,4.5,0,29.1,EXPRESS,30.65,12.83,CLEAR,10.1,0.0768,0
85.2,10.7,0.6,1,5.2,PASSENGER,33.57,5.77,CLEAR,15.2,0.4189,0
146.9,1.6,1.2,0,23.1,EXPRESS,36.7,11.02,CLEAR,0.0,0.0669,0
142.1,5.6,4.3,1,17.9,EXPRESS,25.23,6.16,CLEAR,10.8,0.5874,0
89.5,4.8,0.1,0,25.6,PASSENGER,9.19,6.58,RAIN,11.1,0.1288,0
54.3,8.9,4.5,0,25.2,FREIGHT,30.06,9.39,CLEAR,15.7,0.1841,0
49.2,9.0,4.9,1,1.8,FREIGHT,4.76,1.14,CLEAR,22.0,0.8416,1
158.1,7.1,1.2,1,8.8,EXPRESS,7.66,22.92,CLEAR,7.6,0.6249,1
129.2,3.6,4.1,1,6.7,EXPRESS,33.4,21.94,CLEAR,8.7,0.352,0
107.8,8.4,3.4,0,14.7,EXPRESS,36.48,19.11,CLEAR,9.6,0.1306,1
71.5,7.6,1.4,0,27.3,PASSENGER,3.14,13.64,CLEAR,12.7,0.1183,0
90.6,3.6,2.8,1,1.6,PASSENGER,12.83,19.51,RAIN,16.6,0.8055,1
53.5,10.1,10.8,1,15.4,FREIGHT,25.35,23.38,FOG,23.3,0.7024,1
30.3,3.9,2.5,0,26.7,FREIGHT,37.58,6.81,CLEAR,10.6,0.1861,0
148.1,3.5,4.5,0,27.9,EXPRESS,23.04,8.74,FOG,7.3,0.1078,0
95.2,1.8,0.2,0,20.2,PASSENGER,32.93,17.5,CLEAR,4.1,0.1058,0
59.8,3.5,0.4,0,25.1,FREIGHT,36.95,15.43,CLEAR,11.3,0.1076,0
33.1,8.0,0.4,0,10.7,FREIGHT,21.0,19.8,RAIN,18.1,0.2099,1
115.3,10.9,6.8,0,9.6,EXPRESS,29.75,8.33,STORM,16.4,0.3086,0
155.5,7.8,1.9,1,2.9,EXPRESS,26.67,7.45,CLEAR,10.7,0.6646,1
103.1,1.4,1.2,1,15.8,PASSENGER,27.02,14.05,RAIN,9.2,0.6162,1
110.0,8.4,6.2,0,14.5,EXPRESS,20.92,3.5,RAIN,11.1,0.1388,0
101.0,11.5,0.8,1,12.1,EXPRESS,25.12,0.95,RAIN,20.6,0.5851,0
121.4,7.6,1.3,1,4.7,EXPRESS,22.4,5.86,CLEAR,12.0,0.503,0
77.8,3.8,2.5,0,8.1,PASSENGER,25.69,3.8,CLEAR,8.5,0.0931,0
137.8,5.2,1.8,1,7.3,EXPRESS,20.46,0.16,CLEAR,9.8,0.4888,0
157.7,5.7,4.0,0,28.4,EXPRESS,9.29,18.67,CLEAR,4.4,0.0812,0
115.4,3.5,1.9,0,29.0,EXPRESS,27.9,13.04,CLEAR,5.0,0.096,0
32.8,8.3,2.2,1,1.6,FREIGHT,15.67,16.05,CLEAR,24.5,0.7924,1
70.4,12.1,8.9,1,6.4,FREIGHT,5.55,3.91,CLEAR,21.0,0.7092,0
61.9,11.5,9.7,0,26.8,PASSENGER,34.13,6.16,CLEAR,16.0,0.0869,0
107.6,9.3,7.9,1,2.6,PASSENGER,7.66,1.44,CLEAR,18.7,0.7211,1
59.9,12.3,9.0,0,28.4,FREIGHT,21.86,23.94,CLEAR,17.0,0.2488,0
155.9,8.6,3.8,1,12.3,EXPRESS,28.98,2.47,CLEAR,8.6,0.4738,1
104.0,5.9,4.7,1,16.9,EXPRESS,26.08,2.17,STORM,16.9,0.5774,0
92.8,13.2,3.7,0,23.3,EXPRESS,6.85,14.74,CLEAR,14.9,0.14,0
124.2,11.2,6.9,0,8.5,EXPRESS,8.17,7.97,FOG,17.1,0.2532,0
121.5,3.8,3.6,1,4.4,EXPRESS,6.38,21.3,CLEAR,8.5,0.7244,0
44.9,5.1,0.5,0,24.6,FREIGHT,3.37,19.96,CLEAR,8.6,0.2549,0
107.9,7.4,7.5,0,29.6,PASSENGER,11.69,20.84,RAIN,12.1,0.094,0
101.1,9.1,6.4,1,20.3,PASSENGER,21.2,17.64,CLEAR,14.7,0.6779,0
59.8,9.2,7.7,0,25.0,FREIGHT,7.33,3.16,CLEAR,12.9,0.2452,0
101.4,11.9,1.0,0,28.3,EXPRESS,38.85,1.53,CLEAR,12.1,0.1309,0
141.4,3.2,1.4,0,8.0,EXPRESS,28.1,1.55,CLEAR,0.7,0.0608,0
96.4,5.7,1.6,0,11.5,PASSENGER,23.55,19.24,CLEAR,12.3,0.0771,1
81.3,5.3,3.2,1,7.7,PASSENGER,27.42,15.77,CLEAR,12.4,0.484,0
154.7,2.0,0.6,1,3.3,EXPRESS,17.72,23.54,CLEAR,6.6,0.4962,0
68.3,7.6,2.2,0,22.4,PASSENGER,19.06,15.44,STORM,18.0,0.2053,0
73.4,6.6,0.9,1,5.7,PASSENGER,35.6,5.98,RAIN,19.0,0.3805,1
63.2,1.8,1.4,1,4.1,PASSENGER,29.02,2.15,CLEAR,10.9,0.467,1
99.8,4.9,5.5,0,11.7,PASSENGER,23.73,8.77,CLEAR,8.6,0.101,0
133.5,9.8,8.7,1,3.2,EXPRESS,38.03,4.79,RAIN,14.4,0.7813,1
112.0,1.3,0.1,1,6.6,EXPRESS,26.67,15.08,CLEAR,8.3,0.4363,0
68.2,9.0,3.8,1,3.5,PASSENGER,16.25,2.3,CLEAR,19.4,0.7177,1
92.8,0.6,0.2,0,26.5,EXPRESS,2.37,18.54,CLEAR,4.6,0.2105,0
37.5,5.3,0.4,0,23.7,FREIGHT,15.93,16.72,CLEAR,12.1,0.1105,0
82.7,8.3,5.5,0,26.0,PASSENGER,37.03,17.67,RAIN,12.8,0.0977,0
107.3,7.3,6.0,0,26.2,EXPRESS,2.26,23.17,FOG,11.7,0.2205,0
72.9,8.3,7.6,0,28.4,PASSENGER,7.79,15.61,RAIN,11.3,0.1683,0
103.8,3.7,2.9,1,6.8,PASSENGER,32.45,18.93,FOG,12.3,0.5381,0
126.1,8.7,8.8,0,27.2,EXPRESS,14.92,2.05,RAIN,13.6,0.2308,1
62.8,4.5,0.8,0,16.5,FREIGHT,7.84,22.63,RAIN,11.1,0.1566,0
31.6,3.1,1.3,1,6.2,FREIGHT,32.72,5.25,FOG,20.3,0.7647,1
78.3,4.0,0.7,0,20.2,PASSENGER,22.56,11.83,CLEAR,6.1,0.0702,0
123.5,7.7,7.2,1,10.8,EXPRESS,22.16,22.97,CLEAR,14.8,0.5568,1
69.3,1.3,1.2,1,2.8,PASSENGER,12.1,4.3,CLEAR,12.4,0.6172,1
66.0,2.8,0.8,1,3.7,PASSENGER,27.17,0.85,STORM,16.4,0.7357,1
150.9,8.4,4.4,1,13.6,EXPRESS,34.54,7.13,CLEAR,10.6,0.5477,0
155.8,1.4,0.4,0,25.1,EXPRESS,30.13,3.75,RAIN,2.9,0.0653,0
33.5,3.3,0.2,1,10.4,FREIGHT,24.69,16.03,RAIN,12.5,0.6244,0
114.4,1.2,0.5,0,23.3,EXPRESS,14.35,6.68,CLEAR,3.5,0.1077,0
107.9,0.4,0.0,1,3.1,PASSENGER,34.26,1.51,CLEAR,8.9,0.4535,1
64.2,8.3,5.4,1,12.7,PASSENGER,22.86,21.43,CLEAR,23.0,0.6632,1
92.2,5.4,3.7,1,5.1,PASSENGER,35.64,1.19,FOG,21.4,0.6744,0
158.1,5.1,1.1,0,26.1,EXPRESS,10.54,6.51,CLEAR,0.0,0.1126,1
74.0,2.8,1.2,0,29.1,FREIGHT,26.34,5.77,RAIN,10.9,0.0896,0
123.0,9.0,7.5,1,10.8,EXPRESS,37.44,0.56,RAIN,15.0,0.6862,0
68.1,6.4,3.1,0,29.7,PASSENGER,15.28,3.97,CLEAR,10.2,0.0964,0
70.1,6.2,5.4,0,22.9,PASSENGER,38.08,19.56,CLEAR,9.6,0.1331,0
104.5,3.5,2.7,1,1.5,PASSENGER,16.0,0.9,RAIN,14.4,0.794,0
71.0,6.2,1.2,1,15.3,FREIGHT,17.79,0.56,CLEAR,17.2,0.5513,0
90.4,16.9,15.8,0,25.3,PASSENGER,32.35,15.22,CLEAR,15.6,0.2806,0
143.6,11.3,3.8,0,16.7,EXPRESS,10.8,2.13,CLEAR,7.7,0.1853,0
63.3,1.7,0.6,0,17.2,FREIGHT,28.38,8.92,CLEAR,8.0,0.1117,0
93.1,4.3,2.3,0,14.3,PASSENGER,12.29,0.05,FOG,5.9,0.2335,0
147.9,10.0,1.8,1,12.8,EXPRESS,23.95,8.7,CLEAR,11.4,0.4924,1
138.0,5.7,1.1,1,2.3,EXPRESS,31.15,7.63,RAIN,10.8,0.6516,1
54.0,14.2,12.2,0,19.2,FREIGHT,1.53,14.7,CLEAR,20.8,0.5268,1
106.6,12.6,9.6,0,23.4,EXPRESS,3.99,11.98,CLEAR,14.2,0.2189,1
97.2,2.2,1.0,1,24.0,PASSENGER,37.41,16.28,CLEAR,10.7,0.3921,0
83.7,4.1,2.0,0,19.3,PASSENGER,32.73,22.46,CLEAR,2.7,0.0568,0
110.6,9.5,6.5,1,11.2,EXPRESS,35.14,19.08,STORM,21.8,0.757,1
100.1,3.4,1.1,1,2.1,PASSENGER,17.84,22.41,CLEAR,11.5,0.6553,0
138.8,4.3,4.0,0,27.0,EXPRESS,28.8,1.3,RAIN,7.7,0.0928,0
106.9,8.0,5.4,0,13.7,PASSENGER,39.93,23.77,RAIN,10.2,0.0948,0
68.3,6.3,4.8,0,18.6,PASSENGER,17.58,7.73,RAIN,10.8,0.1266,1
92.5,8.4,5.5,1,7.0,PASSENGER,33.95,6.64,CLEAR,15.2,0.616,0
72.2,7.7,5.5,1,5.5,PASSENGER,3.63,9.68,RAIN,20.3,0.7026,1
70.7,14.0,15.1,1,4.0,FREIGHT,21.98,18.8,RAIN,28.5,0.8053,1
65.0,3.9,1.9,0,24.3,PASSENGER,13.66,22.9,STORM,13.9,0.1547,0
135.9,12.5,9.5,0,19.9,EXPRESS,21.16,13.3,STORM,15.3,0.2261,0
145.4,8.2,0.1,0,19.2,EXPRESS,5.01,3.71,CLEAR,3.1,0.1237,0
77.7,5.1,1.5,0,27.7,PASSENGER,15.02,5.14,RAIN,11.2,0.0761,0
72.9,1.3,0.2,0,6.0,FREIGHT,3.52,9.73,FOG,10.5,0.2812,0
68.3,15.0,4.7,1,6.4,FREIGHT,18.4,8.78,STORM,30.1,0.6501,1
43.3,6.9,0.5,1,6.9,FREIGHT,17.95,5.72,CLEAR,21.1,0.6626,1
90.5,7.6,8.4,1,13.6,EXPRESS,13.52,20.41,FOG,17.1,0.7504,1
74.8,9.2,4.7,0,26.4,PASSENGER,37.96,6.72,CLEAR,16.7,0.1202,0
74.1,2.6,0.1,0,26.6,PASSENGER,3.78,14.23,CLEAR,6.9,0.0889,0
152.3,5.3,5.6,0,18.3,EXPRESS,33.08,11.5,RAIN,4.1,0.1326,0
157.7,9.1,8.9,1,20.3,EXPRESS,14.52,22.16,FOG,14.4,0.5081,1
33.2,8.0,4.9,0,27.1,FREIGHT,8.37,15.09,RAIN,14.2,0.2161,0
123.0,1.3,0.1,0,19.3,EXPRESS,11.27,7.97,FOG,2.3,0.1494,0
128.4,16.2,8.8,1,8.0,EXPRESS,36.12,15.33,RAIN,21.8,0.6995,1
96.5,5.0,5.9,0,21.6,EXPRESS,33.08,7.65,CLEAR,9.3,0.1003,1
47.0,9.2,2.1,0,23.4,FREIGHT,1.12,2.18,CLEAR,13.1,0.5717,1
75.9,6.9,1.8,0,19.6,PASSENGER,6.32,11.64,CLEAR,14.5,0.0885,0
86.8,6.2,2.9,1,9.3,PASSENGER,27.16,20.64,CLEAR,13.9,0.5458,0
59.8,8.9,9.1,0,12.9,FREIGHT,13.04,21.82,FOG,16.7,0.2344,1
139.2,5.5,1.3,1,14.9,EXPRESS,36.81,13.05,CLEAR,6.0,0.3893,0
66.8,2.1,0.5,1,5.6,PASSENGER,31.57,16.79,STORM,16.7,0.6201,1
146.9,10.5,9.0,0,14.4,EXPRESS,35.06,14.66,RAIN,13.6,0.1974,0
137.5,1.2,0.1,1,6.1,EXPRESS,8.12,19.46,STORM,14.6,0.4893,0
70.0,17.1,10.9,0,15.7,FREIGHT,6.45,2.48,FOG,25.6,0.3328,0
82.5,2.0,1.6,1,2.9,PASSENGER,37.31,9.63,CLEAR,12.6,0.5358,1
152.6,7.2,3.2,0,28.5,EXPRESS,16.47,6.07,CLEAR,1.6,0.1016,0
150.6,5.7,0.6,1,8.5,EXPRESS,16.92,0.16,CLEAR,3.0,0.4516,1
81.9,14.6,10.5,0,14.8,PASSENGER,27.54,19.92,CLEAR,18.6,0.1985,0
116.7,7.3,6.2,1,2.4,EXPRESS,16.2,3.22,CLEAR,14.9,0.706,1
155.3,12.7,11.6,1,7.0,EXPRESS,35.07,7.76,RAIN,16.5,0.6898,1
140.1,7.0,5.2,0,21.3,EXPRESS,38.38,20.81,CLEAR,6.6,0.093,1
155.0,2.3,0.9,1,4.7,EXPRESS,13.63,17.31,CLEAR,3.1,0.5242,0
65.9,1.6,1.7,0,19.4,FREIGHT,8.72,13.63,RAIN,11.0,0.1312,0
132.7,2.6,3.0,1,1.6,EXPRESS,3.47,7.45,RAIN,16.3,0.8275,1
98.1,8.1,4.2,0,14.8,EXPRESS,8.97,12.37,CLEAR,11.5,0.1294,0
74.6,11.5,11.7,1,22.1,PASSENGER,6.01,1.35,CLEAR,20.1,0.7846,1
73.6,9.7,2.2,0,27.9,FREIGHT,1.65,17.46,CLEAR,11.5,0.2487,1
112.4,7.6,5.5,1,15.5,EXPRESS,2.34,5.7,CLEAR,12.7,0.8547,1
96.5,22.2,14.6,0,25.5,EXPRESS,20.62,11.5,FOG,27.7,0.2642,0
139.5,1.1,0.7,0,24.4,EXPRESS,28.46,2.27,RAIN,3.4,0.0643,0
96.7,16.4,8.9,1,9.9,PASSENGER,39.34,17.06,RAIN,25.4,0.5704,1
74.3,3.0,2.5,0,26.4,PASSENGER,6.65,21.5,CLEAR,9.6,0.107,0
43.4,6.9,5.9,0,19.7,FREIGHT,28.08,10.94,RAIN,16.3,0.2229,0
51.1,1.6,1.6,1,4.5,FREIGHT,22.38,2.0,CLEAR,15.8,0.5172,0
61.1,2.2,1.8,0,28.3,PASSENGER,19.39,22.68,RAIN,8.7,0.1655,0
99.5,2.1,0.1,1,6.5,PASSENGER,29.01,10.73,CLEAR,7.1,0.466,0
75.9,18.2,16.0,1,14.9,PASSENGER,9.93,1.93,CLEAR,29.9,0.6883,0
149.8,8.0,7.6,0,14.8,EXPRESS,12.8,4.52,CLEAR,11.0,0.0962,0
66.1,4.4,0.4,1,19.3,FREIGHT,15.69,2.88,CLEAR,13.7,0.5551,1
136.3,48.8,34.3,0,20.5,EXPRESS,7.7,4.74,RAIN,47.9,0.7244,1
112.7,10.3,4.2,1,8.1,EXPRESS,19.41,3.74,RAIN,18.3,0.7524,1
85.8,7.5,8.7,1,11.5,PASSENGER,5.71,22.15,RAIN,17.0,0.6502,0
121.1,0.7,0.3,1,5.6,EXPRESS,13.07,5.02,STORM,12.3,0.6215,0
76.9,3.1,2.2,1,5.1,PASSENGER,4.97,10.61,CLEAR,13.0,0.6029,1
102.4,5.9,5.0,0,25.0,PASSENGER,1.92,17.52,CLEAR,6.3,0.3052,1
84.2,2.6,0.5,0,22.9,PASSENGER,14.53,16.25,CLEAR,4.2,0.0542,0
67.5,5.2,3.0,1,14.1,FREIGHT,24.89,22.96,RAIN,15.8,0.3956,0
97.4,3.7,2.6,1,4.2,EXPRESS,6.5,23.18,CLEAR,11.7,0.5936,1
67.1,4.2,1.1,1,14.3,PASSENGER,39.74,13.7,CLEAR,14.3,0.4812,1
108.9,2.4,1.6,1,9.9,PASSENGER,11.34,18.06,CLEAR,9.3,0.3516,0
89.4,20.7,15.4,0,23.7,PASSENGER,1.4,9.27,CLEAR,24.7,0.6051,1
85.5,2.1,1.5,1,4.3,PASSENGER,1.61,10.3,STORM,16.6,0.9033,0
126.6,4.1,1.1,0,14.4,EXPRESS,26.83,2.5,CLEAR,2.2,0.0743,0
70.8,7.3,3.5,1,18.4,PASSENGER,26.96,16.16,CLEAR,13.8,0.4902,1
140.3,10.4,5.0,1,29.6,EXPRESS,36.16,6.49,CLEAR,15.0,0.6473,0
33.8,11.8,5.8,1,4.1,FREIGHT,4.09,1.92,CLEAR,23.8,0.8087,1
130.1,10.0,6.3,1,4.7,EXPRESS,15.37,2.36,CLEAR,14.1,0.6937,1
88.5,1.0,0.2,0,29.7,PASSENGER,35.63,17.34,CLEAR,6.3,0.0604,0
154.0,2.6,2.3,0,13.1,EXPRESS,32.01,5.49,RAIN,1.4,0.0934,0
126.8,15.0,6.7,0,22.7,EXPRESS,9.72,18.48,RAIN,11.1,0.2407,0
66.9,13.0,10.6,0,23.8,PASSENGER,35.65,21.74,RAIN,19.8,0.2193,0
55.8,7.6,4.1,1,10.5,FREIGHT,27.39,8.18,CLEAR,16.7,0.4513,0
64.6,4.0,0.2,1,7.6,PASSENGER,10.94,19.05,CLEAR,12.2,0.6492,1
39.2,3.8,2.3,1,9.4,FREIGHT,2.27,10.29,CLEAR,15.4,0.6602,1
61.6,6.0,0.3,1,23.3,PASSENGER,20.15,18.53,RAIN,12.2,0.6202,0
85.7,7.9,6.2,0,25.5,PASSENGER,28.67,7.36,CLEAR,7.4,0.1358,0
95.9,1.6,0.3,0,21.4,EXPRESS,11.11,22.36,CLEAR,2.9,0.0774,0
51.1,2.4,0.9,1,14.1,FREIGHT,7.17,23.69,CLEAR,14.0,0.6225,0
155.3,4.9,2.4,1,9.0,EXPRESS,3.47,9.27,CLEAR,6.8,0.5343,0
62.4,5.5,2.8,1,13.6,FREIGHT,33.76,4.77,RAIN,15.9,0.4635,0
33.5,3.6,2.3,0,27.6,FREIGHT,2.66,16.45,RAIN,12.3,0.3289,1
40.1,5.7,2.8,0,26.1,FREIGHT,24.57,14.01,RAIN,15.5,0.1426,1
93.7,7.7,5.6,1,10.7,PASSENGER,30.65,23.8,CLEAR,15.2,0.6845,1
104.7,3.1,2.1,1,10.8,PASSENGER,31.33,19.48,CLEAR,9.6,0.4376,1
61.6,7.4,3.6,0,23.7,PASSENGER,26.32,20.04,CLEAR,11.0,0.09,0
146.9,6.6,1.6,0,13.7,EXPRESS,26.29,17.44,STORM,9.2,0.3117,1
88.1,4.4,2.0,0,17.8,PASSENGER,19.23,8.42,CLEAR,7.6,0.0611,0
128.2,6.6,4.3,1,13.5,EXPRESS,16.96,22.46,FOG,16.7,0.6154,0
107.9,4.8,3.0,1,8.4,PASSENGER,5.93,11.18,CLEAR,11.7,0.6043,0
142.3,4.3,5.8,1,6.9,EXPRESS,21.65,9.59,CLEAR,7.3,0.5904,1
149.5,4.5,3.7,1,5.5,EXPRESS,3.31,4.66,FOG,10.8,0.7212,1
114.8,6.3,7.3,1,1.8,EXPRESS,18.99,7.29,RAIN,19.8,0.7576,1
87.7,6.2,2.6,1,9.5,PASSENGER,29.37,0.05,CLEAR,14.0,0.5222,0
90.8,5.1,3.0,1,6.4,PASSENGER,17.99,15.84,CLEAR,10.5,0.708,1
112.5,6.2,5.0,1,8.9,EXPRESS,20.58,14.53,RAIN,14.8,0.6544,1
88.5,3.4,1.1,1,3.7,PASSENGER,33.77,9.67,RAIN,12.7,0.5343,0
106.6,9.1,2.2,1,11.2,EXPRESS,26.04,23.21,CLEAR,12.3,0.4996,0
67.2,4.6,4.4,0,16.3,PASSENGER,5.54,16.63,CLEAR,9.8,0.1476,0
78.7,12.2,0.1,0,28.4,PASSENGER,21.95,5.83,CLEAR,12.4,0.0964,0
97.0,12.6,2.6,1,11.4,PASSENGER,14.9,9.09,STORM,25.5,0.618,1
105.8,8.2,4.1,1,2.4,PASSENGER,8.67,12.38,STORM,22.6,0.7986,0
122.0,18.9,15.4,0,11.8,EXPRESS,26.09,13.09,FOG,25.5,0.2368,0
92.1,9.4,9.4,0,24.8,PASSENGER,15.77,6.62,CLEAR,13.2,0.2256,0
65.2,3.3,1.5,1,11.2,PASSENGER,30.81,5.99,STORM,17.3,0.6558,1
105.2,12.9,3.2,0,9.8,PASSENGER,23.67,7.19,CLEAR,12.7,0.093,0
88.4,1.7,0.3,0,27.7,PASSENGER,4.62,23.12,CLEAR,3.7,0.1023,0
144.6,1.3,1.2,1,10.0,EXPRESS,14.34,8.63,CLEAR,5.8,0.485,0
99.7,5.9,6.7,0,29.2,PASSENGER,11.16,8.98,CLEAR,5.4,0.1469,0
72.8,4.2,0.6,0,25.2,PASSENGER,6.42,17.29,CLEAR,8.4,0.1281,0
127.0,2.4,1.3,0,21.0,EXPRESS,32.11,3.91,CLEAR,0.4,0.0861,0
157.2,11.2,13.0,0,18.6,EXPRESS,15.45,15.44,CLEAR,14.1,0.1476,0
96.3,11.0,7.8,1,7.9,EXPRESS,24.72,15.99,CLEAR,19.6,0.6273,1
60.7,9.1,6.9,0,22.3,FREIGHT,35.34,1.55,FOG,18.6,0.4251,1
108.1,10.7,9.0,1,11.4,PASSENGER,21.95,4.56,CLEAR,17.3,0.5666,0
111.0,6.5,6.2,0,15.3,EXPRESS,10.69,11.2,RAIN,6.4,0.0962,0
150.3,1.3,0.6,1,4.5,EXPRESS,31.73,20.05,RAIN,6.8,0.4791,0
106.7,4.0,3.3,1,9.9,PASSENGER,17.71,17.58,CLEAR,11.4,0.4995,0
63.6,5.0,2.6,0,16.6,FREIGHT,22.77,20.96,CLEAR,8.7,0.0685,0
106.2,5.9,1.7,0,14.8,EXPRESS,36.13,20.42,CLEAR,7.0,0.1096,0
113.4,13.6,8.1,1,11.3,EXPRESS,19.83,12.28,CLEAR,20.3,0.5947,0
31.6,4.4,2.8,0,15.0,FREIGHT,13.72,14.93,RAIN,13.7,0.0966,0
148.2,6.0,0.3,0,22.7,EXPRESS,29.23,22.1,RAIN,5.4,0.0917,0
149.5,1.3,1.4,0,14.6,EXPRESS,5.77,17.79,CLEAR,0.7,0.0749,0
58.5,1.9,1.2,0,15.9,FREIGHT,36.59,8.59,CLEAR,9.9,0.1299,0
77.6,18.0,9.8,0,21.5,PASSENGER,36.66,8.41,CLEAR,19.4,0.1526,1
95.4,4.3,4.7,0,25.5,EXPRESS,23.39,8.8,RAIN,12.3,0.0919,0
142.7,6.3,3.7,0,16.5,EXPRESS,6.59,11.88,CLEAR,8.7,0.136,0
140.9,3.8,3.2,1,28.5,EXPRESS,18.36,8.7,CLEAR,5.9,0.415,0
153.9,4.4,4.7,0,11.6,EXPRESS,17.22,4.5,FOG,7.1,0.097,0
62.9,10.7,6.3,1,8.7,FREIGHT,12.28,14.28,CLEAR,24.2,0.6063,1
101.4,3.6,3.6,0,21.3,PASSENGER,7.42,20.86,CLEAR,8.6,0.1591,0
97.3,15.3,12.5,1,6.5,PASSENGER,10.92,11.82,RAIN,21.3,0.7461,1
58.4,14.4,16.9,0,27.1,FREIGHT,22.44,5.26,CLEAR,20.6,0.1685,1
81.3,21.9,24.2,0,12.5,PASSENGER,27.59,19.51,CLEAR,26.3,0.3236,0
153.1,11.3,5.0,0,21.4,EXPRESS,39.19,18.14,FOG,13.1,0.1448,0
92.5,15.3,12.1,0,17.8,PASSENGER,9.02,16.81,CLEAR,20.1,0.2592,0
47.9,4.7,2.3,1,3.1,FREIGHT,8.56,16.19,RAIN,16.6,0.6679,0
33.8,11.7,8.8,0,21.7,FREIGHT,5.12,18.77,CLEAR,17.6,0.4422,1
110.3,10.2,10.8,0,24.0,EXPRESS,37.59,19.93,CLEAR,8.9,0.1143,0
87.2,11.7,10.6,0,29.5,PASSENGER,15.58,21.56,CLEAR,14.8,0.2643,1
73.8,7.4,8.0,1,13.4,PASSENGER,37.0,14.64,CLEAR,16.2,0.6018,0
40.0,3.7,2.3,0,15.8,FREIGHT,35.63,9.45,RAIN,13.0,0.1727,0
126.9,6.1,0.8,0,26.4,EXPRESS,2.24,2.16,CLEAR,8.8,0.236,0
68.5,3.8,1.8,1,9.2,PASSENGER,11.55,17.34,CLEAR,13.8,0.5246,1
66.0,9.7,6.6,1,6.9,FREIGHT,12.45,3.39,RAIN,20.6,0.6079,1
84.2,1.4,1.2,1,5.3,PASSENGER,11.46,20.84,CLEAR,12.1,0.6099,1
88.7,7.2,2.9,0,29.4,PASSENGER,17.3,9.74,CLEAR,8.8,0.2063,0
100.3,4.8,3.7,0,9.2,EXPRESS,20.22,21.03,STORM,12.6,0.1795,1
112.7,10.7,4.2,0,23.1,EXPRESS,30.45,12.44,CLEAR,11.3,0.1195,0
118.7,15.8,12.4,0,14.3,EXPRESS,11.07,10.88,RAIN,15.8,0.2593,0
66.4,12.9,4.9,1,8.4,FREIGHT,12.3,8.73,CLEAR,21.2,0.5755,1
143.9,7.4,6.9,0,27.5,EXPRESS,24.14,1.47,RAIN,6.0,0.1682,1
71.1,6.9,3.9,0,14.7,PASSENGER,7.58,0.28,CLEAR,12.8,0.1026,0
90.8,14.4,8.1,0,17.6,PASSENGER,19.19,12.21,CLEAR,14.7,0.2619,0
107.0,1.1,1.4,0,7.8,EXPRESS,10.41,21.63,CLEAR,1.6,0.108,1
109.4,1.7,1.1,1,10.7,PASSENGER,8.32,14.07,RAIN,8.0,0.6437,0
107.6,21.5,11.7,0,22.8,PASSENGER,31.93,20.7,RAIN,22.0,0.1525,0
55.3,6.9,5.3,1,11.3,FREIGHT,28.43,23.99,CLEAR,20.8,0.6754,1
94.9,8.9,5.0,0,15.9,PASSENGER,10.37,4.29,CLEAR,13.4,0.1484,0
100.1,3.3,2.8,1,4.8,PASSENGER,16.9,15.83,CLEAR,12.3,0.5393,1
140.5,5.8,2.1,0,25.7,EXPRESS,6.59,10.01,RAIN,4.8,0.1766,1
61.5,3.1,3.7,0,22.5,FREIGHT,2.6,5.01,CLEAR,8.4,0.2515,0
157.1,4.4,0.6,0,23.2,EXPRESS,23.62,5.78,CLEAR,4.5,0.0803,1
89.8,3.8,2.7,1,6.6,PASSENGER,14.86,5.87,CLEAR,11.5,0.3655,0
134.5,5.2,2.7,0,15.6,EXPRESS,8.69,17.51,CLEAR,2.3,0.0967,0
68.2,4.1,3.5,1,2.3,FREIGHT,5.03,8.52,CLEAR,18.0,0.8232,1
93.5,8.7,4.5,1,10.5,PASSENGER,27.36,6.14,RAIN,16.9,0.5536,1
96.6,14.2,14.2,0,11.4,PASSENGER,11.22,21.26,CLEAR,17.3,0.2435,0
106.4,7.6,4.8,0,27.5,EXPRESS,36.34,0.82,CLEAR,8.4,0.1257,0
78.6,15.1,9.7,1,29.8,PASSENGER,8.12,17.65,CLEAR,22.6,0.7933,1
67.4,4.5,3.7,1,19.1,PASSENGER,10.13,23.05,FOG,17.8,0.6573,1
85.3,9.7,4.4,0,16.2,PASSENGER,34.14,15.02,CLEAR,11.9,0.0949,0
121.9,4.3,0.3,1,14.0,EXPRESS,23.11,13.16,CLEAR,9.4,0.5625,1
74.9,3.3,0.6,1,2.0,FREIGHT,4.78,1.47,FOG,20.1,0.8069,1
57.5,4.5,3.9,0,24.3,FREIGHT,22.2,12.07,CLEAR,13.0,0.1346,0
145.1,5.6,2.3,0,20.6,EXPRESS,12.67,8.67,RAIN,3.4,0.0882,0
45.0,7.8,7.2,0,20.0,FREIGHT,29.61,18.67,CLEAR,16.6,0.1085,0
101.6,8.9,3.5,0,24.6,PASSENGER,3.57,19.48,CLEAR,12.4,0.1255,0
90.8,7.9,9.6,0,27.9,PASSENGER,36.76,4.02,CLEAR,13.8,0.1885,0
138.8,12.5,16.1,0,12.6,EXPRESS,19.39,12.53,CLEAR,13.2,0.1816,0
74.7,1.1,0.7,1,13.7,PASSENGER,29.5,20.64,RAIN,10.9,0.5553,0
87.4,11.8,2.3,0,29.3,PASSENGER,28.33,14.99,CLEAR,10.3,0.2266,0
91.7,9.1,4.9,0,20.4,PASSENGER,7.54,11.54,CLEAR,11.7,0.1964,0
89.5,2.7,1.6,0,25.8,PASSENGER,35.26,21.55,CLEAR,9.0,0.1447,0
105.8,11.2,1.4,1,7.8,PASSENGER,9.69,23.2,CLEAR,17.3,0.5387,0
104.9,5.9,7.6,1,10.5,PASSENGER,8.03,5.65,CLEAR,12.7,0.6054,1
158.0,21.5,17.7,0,12.7,EXPRESS,21.07,4.39,RAIN,22.2,0.2319,0
60.0,11.9,6.7,1,10.5,FREIGHT,39.39,20.76,FOG,22.3,0.6505,1
108.6,8.2,3.3,0,26.7,PASSENGER,12.88,5.83,CLEAR,8.4,0.094,1
148.3,4.8,2.6,0,16.1,EXPRESS,38.6,20.35,CLEAR,4.6,0.0649,0
109.0,4.2,3.5,0,28.7,EXPRESS,17.69,7.23,CLEAR,6.6,0.0748,0
81.4,5.2,2.8,0,10.7,PASSENGER,33.47,0.46,CLEAR,8.0,0.1109,0
40.7,5.0,3.1,1,2.6,FREIGHT,21.43,10.13,CLEAR,22.5,0.7648,1
90.3,1.1,1.0,1,5.4,EXPRESS,8.61,0.97,CLEAR,6.8,0.6356,0
69.4,16.1,10.5,1,7.7,PASSENGER,35.26,4.99,CLEAR,26.2,0.7694,0
90.3,10.7,6.3,1,19.7,EXPRESS,3.34,11.5,CLEAR,19.4,0.8402,1
96.0,6.0,5.1,1,6.7,PASSENGER,27.47,0.92,CLEAR,16.4,0.7344,1
49.1,16.1,13.5,1,12.4,FREIGHT,33.31,0.8,CLEAR,27.6,0.7292,1
75.6,2.8,1.5,0,24.2,PASSENGER,33.37,3.72,FOG,11.2,0.1251,0
143.3,4.5,0.4,1,5.1,EXPRESS,26.38,11.11,CLEAR,8.3,0.5139,1
101.6,11.5,7.9,1,3.8,PASSENGER,10.41,23.38,CLEAR,23.0,0.6575,1
158.3,26.3,29.0,0,16.9,EXPRESS,21.5,2.24,CLEAR,26.3,0.4538,0
92.1,8.4,3.9,1,21.4,PASSENGER,25.37,14.93,RAIN,18.9,0.6434,1
83.1,4.6,0.3,0,27.5,PASSENGER,35.64,11.93,CLEAR,5.0,0.1073,0
75.3,5.7,6.8,0,20.4,PASSENGER,6.81,1.44,CLEAR,10.0,0.1961,0
105.6,0.6,0.3,0,28.5,EXPRESS,18.86,0.82,CLEAR,3.1,0.0572,0
39.6,7.4,3.5,1,8.5,FREIGHT,13.66,5.32,CLEAR,20.1,0.7714,1
80.5,2.1,1.5,0,11.2,PASSENGER,17.39,16.43,STORM,10.5,0.2268,0
159.4,22.0,11.1,0,25.4,EXPRESS,7.73,23.1,CLEAR,14.4,0.1363,0
60.0,8.5,2.7,0,24.6,PASSENGER,9.09,13.35,RAIN,10.9,0.1502,0
69.9,13.5,10.3,1,20.4,PASSENGER,30.91,1.1,CLEAR,20.6,0.7044,1
69.4,2.5,1.6,0,15.9,PASSENGER,19.4,6.19,CLEAR,12.7,0.2268,0
95.9,4.0,2.2,1,2.0,PASSENGER,20.81,22.62,RAIN,9.7,0.7345,1
77.6,16.4,13.2,1,9.5,PASSENGER,35.95,0.3,RAIN,26.6,0.7805,1
122.0,5.1,1.0,1,6.0,EXPRESS,9.98,14.45,RAIN,11.3,0.5747,1
36.7,3.8,3.9,1,3.0,FREIGHT,13.51,4.29,CLEAR,18.1,0.7409,0
80.2,6.6,2.2,0,23.6,PASSENGER,12.69,1.59,RAIN,11.0,0.2051,0
97.2,9.2,6.7,1,5.2,EXPRESS,26.54,6.11,RAIN,16.8,0.6825,0
86.7,0.8,0.6,1,11.7,PASSENGER,22.72,22.49,CLEAR,10.8,0.5794,0
34.4,3.6,2.6,0,29.4,FREIGHT,19.13,18.28,CLEAR,7.5,0.1314,0
65.6,7.8,5.4,1,13.2,FREIGHT,26.89,4.11,CLEAR,21.0,0.6252,1
129.7,2.5,2.4,1,5.5,EXPRESS,19.61,1.58,CLEAR,8.9,0.3562,1
140.7,0.7,0.3,1,21.2,EXPRESS,32.73,11.84,CLEAR,2.1,0.3337,0
80.9,6.8,5.5,0,24.6,PASSENGER,16.7,1.26,RAIN,10.5,0.1247,0
116.7,10.1,3.1,0,9.5,EXPRESS,35.68,9.7,CLEAR,12.8,0.1219,0
34.4,0.3,0.1,0,24.6,FREIGHT,5.23,19.21,CLEAR,4.8,0.1506,0
126.7,6.6,4.3,1,9.2,EXPRESS,4.21,12.02,CLEAR,11.6,0.6344,1
126.0,13.5,11.4,0,21.3,EXPRESS,26.4,21.52,RAIN,15.2,0.2535,0
83.4,4.6,0.5,1,5.1,PASSENGER,15.89,18.99,RAIN,14.6,0.5704,1
141.8,8.1,4.0,1,13.7,EXPRESS,18.5,13.33,CLEAR,12.2,0.5843,0
101.6,9.4,5.9,0,16.3,PASSENGER,27.99,18.97,RAIN,14.0,0.1441,0
97.5,3.3,0.3,0,22.2,PASSENGER,8.97,2.28,CLEAR,5.9,0.0866,0
100.1,2.8,0.1,0,20.0,EXPRESS,2.24,4.83,CLEAR,6.7,0.3101,1
133.5,3.9,2.8,0,25.8,EXPRESS,17.84,16.81,FOG,6.7,0.1363,0
64.0,11.3,7.0,1,6.8,PASSENGER,35.84,0.14,RAIN,21.9,0.6992,0
138.6,1.1,0.8,0,20.3,EXPRESS,18.3,0.11,RAIN,0.0,0.0986,0
79.1,12.6,8.2,1,5.1,PASSENGER,23.09,9.13,RAIN,23.5,0.7766,1
66.6,4.2,4.8,1,15.1,PASSENGER,8.73,20.81,CLEAR,14.7,0.5765,0
103.1,7.8,1.8,0,16.4,PASSENGER,18.83,23.54,CLEAR,5.4,0.0793,0
57.6,4.7,3.3,1,2.3,FREIGHT,19.49,15.6,RAIN,20.1,0.7263,1
46.0,17.8,15.2,1,3.5,FREIGHT,9.79,22.81,CLEAR,29.3,0.7061,0
31.4,3.6,1.1,0,25.4,FREIGHT,6.97,20.34,RAIN,10.5,0.1656,0
127.6,7.5,3.1,1,9.7,EXPRESS,14.34,4.84,CLEAR,12.2,0.6042,1
154.6,6.8,4.4,1,11.4,EXPRESS,2.04,9.69,CLEAR,5.0,0.7561,0
131.7,2.5,0.7,0,19.8,EXPRESS,7.07,14.97,FOG,7.7,0.1149,0
73.7,1.2,0.2,1,7.8,FREIGHT,29.39,3.63,CLEAR,12.3,0.5266,0
36.1,0.5,0.1,1,7.0,FREIGHT,26.14,7.51,CLEAR,10.6,0.662,1
55.6,2.3,1.8,0,13.5,FREIGHT,12.85,18.15,CLEAR,7.8,0.1205,0
145.9,0.4,0.3,1,3.2,EXPRESS,22.27,8.27,RAIN,7.3,0.5359,1
53.6,13.5,7.3,0,27.6,FREIGHT,33.26,22.22,CLEAR,17.1,0.1698,0
64.6,36.7,26.6,0,28.3,PASSENGER,33.65,9.76,CLEAR,40.3,0.4571,1
130.8,1.1,0.3,1,14.3,EXPRESS,26.35,5.27,RAIN,6.6,0.5138,0
90.6,2.6,2.6,1,7.5,PASSENGER,5.4,5.04,CLEAR,10.8,0.754,1
141.0,2.1,0.1,0,14.9,EXPRESS,6.93,16.49,CLEAR,0.5,0.0613,0
98.1,2.4,0.6,1,4.3,PASSENGER,12.02,8.84,FOG,13.6,0.597,1
144.0,6.6,1.8,1,12.8,EXPRESS,26.99,5.69,RAIN,11.6,0.5479,0
93.2,3.7,2.3,1,3.6,PASSENGER,10.69,16.65,CLEAR,12.0,0.5974,0
70.8,16.1,12.6,0,21.6,PASSENGER,18.85,10.11,RAIN,23.0,0.2903,0
48.2,3.0,2.3,1,9.4,FREIGHT,33.11,20.3,CLEAR,16.6,0.485,0
98.8,5.4,3.1,0,16.3,PASSENGER,35.73,13.18,CLEAR,8.4,0.049,0
107.7,9.3,1.3,1,1.9,PASSENGER,33.62,23.33,CLEAR,21.3,0.7853,0
33.6,0.0,0.0,0,16.5,FREIGHT,5.1,8.99,CLEAR,4.7,0.2032,0
54.1,9.5,10.3,1,1.6,FREIGHT,36.47,6.77,RAIN,25.0,0.8932,1
111.9,1.4,0.4,0,27.9,EXPRESS,27.52,15.47,RAIN,4.5,0.1462,0
71.3,19.5,15.0,1,15.8,PASSENGER,24.94,17.0,CLEAR,29.1,0.7336,0
125.4,1.5,0.6,1,4.4,EXPRESS,10.28,0.41,CLEAR,6.7,0.6916,1
132.4,9.8,4.2,1,11.2,EXPRESS,37.17,16.07,CLEAR,14.8,0.672,1
60.5,44.7,33.5,1,2.8,PASSENGER,1.19,4.34,CLEAR,57.4,0.9941,1
65.1,6.4,0.7,1,16.6,FREIGHT,3.75,23.01,CLEAR,17.4,0.5674,1
147.4,4.7,2.5,1,5.0,EXPRESS,6.57,13.82,CLEAR,6.5,0.518,0
73.4,21.7,6.8,1,15.0,FREIGHT,27.92,3.04,CLEAR,28.8,0.7804,1
38.1,4.1,0.1,1,10.2,FREIGHT,25.1,1.27,CLEAR,14.6,0.5036,0
56.8,8.0,5.3,1,23.2,FREIGHT,37.81,21.11,CLEAR,19.6,0.6029,1
119.9,0.7,0.4,0,15.2,EXPRESS,14.28,20.41,CLEAR,2.4,0.0709,0
45.1,4.8,1.2,0,25.7,FREIGHT,14.23,10.42,CLEAR,9.7,0.1392,0
129.6,4.9,0.8,0,28.3,EXPRESS,26.95,2.1,RAIN,7.4,0.1208,0
99.1,13.8,10.7,0,29.1,PASSENGER,7.38,9.36,CLEAR,15.8,0.2244,1
91.6,3.1,0.9,1,8.9,EXPRESS,18.83,18.25,CLEAR,8.2,0.5723,1
157.9,13.3,0.2,1,23.4,EXPRESS,1.11,15.88,RAIN,14.2,0.9293,1
100.5,5.1,4.0,1,14.0,PASSENGER,23.89,20.76,CLEAR,16.5,0.3438,0
97.6,3.0,1.9,1,13.6,PASSENGER,31.47,18.03,FOG,12.6,0.5673,0
143.2,9.3,2.3,0,26.2,EXPRESS,8.55,7.92,CLEAR,7.4,0.1174,0
117.2,1.1,0.6,1,5.7,EXPRESS,12.63,8.19,FOG,11.0,0.5837,1
97.6,13.7,6.2,1,15.1,PASSENGER,5.71,15.55,RAIN,21.2,0.5711,0
117.1,8.5,4.1,0,18.4,EXPRESS,24.82,7.44,FOG,14.9,0.156,1
70.4,3.1,2.0,1,3.4,FREIGHT,22.78,20.82,CLEAR,15.5,0.5737,1
102.4,0.9,0.8,0,26.1,EXPRESS,33.14,7.86,CLEAR,4.0,0.087,0
110.5,4.6,4.1,0,10.5,EXPRESS,38.83,11.73,RAIN,7.4,0.2373,0
128.6,6.7,6.8,0,20.2,EXPRESS,39.35,1.04,STORM,13.7,0.1196,0
76.0,5.0,1.7,0,28.0,PASSENGER,4.73,2.83,RAIN,9.3,0.1775,0
119.7,2.1,0.1,1,22.0,EXPRESS,22.35,3.17,RAIN,9.1,0.3045,0
124.5,4.8,1.1,0,26.8,EXPRESS,31.69,8.26,RAIN,9.9,0.0954,1
68.5,7.4,5.2,1,3.5,FREIGHT,26.53,2.8,CLEAR,21.6,0.7496,1
86.2,27.3,20.3,1,15.5,PASSENGER,35.93,10.97,FOG,37.9,0.893,1
115.4,10.4,0.1,1,17.6,EXPRESS,17.95,6.46,CLEAR,14.7,0.6477,1
72.4,5.4,1.6,0,21.1,PASSENGER,17.37,6.54,CLEAR,7.0,0.1313,0
48.4,7.7,0.3,1,4.8,FREIGHT,1.53,10.69,RAIN,19.7,0.8129,1
126.1,3.0,1.7,0,20.2,EXPRESS,1.12,20.49,RAIN,0.0,0.488,0
142.2,5.4,2.3,1,5.7,EXPRESS,27.86,18.28,RAIN,12.7,0.4342,0
66.1,14.7,11.4,1,3.4,PASSENGER,19.12,21.21,CLEAR,24.7,0.8842,1
71.1,8.2,0.4,0,14.9,PASSENGER,26.58,23.76,CLEAR,11.4,0.1441,0
79.0,10.1,6.8,1,18.6,PASSENGER,9.91,0.27,RAIN,18.8,0.6976,1
115.2,3.9,2.3,0,28.8,EXPRESS,34.59,16.62,CLEAR,6.6,0.1361,0
117.4,8.3,7.5,0,21.4,EXPRESS,36.16,2.88,RAIN,13.5,0.1543,0
99.7,3.8,3.2,0,18.4,PASSENGER,26.66,22.48,STORM,14.3,0.1974,0
112.7,1.0,0.2,1,7.6,EXPRESS,11.47,5.44,STORM,10.2,0.637,1
85.1,18.8,13.2,1,5.8,PASSENGER,9.04,8.4,CLEAR,28.8,0.7734,1
91.2,7.2,0.4,0,18.8,PASSENGER,25.21,23.5,CLEAR,7.3,0.0718,0
106.3,5.2,4.1,1,7.9,EXPRESS,37.66,20.81,CLEAR,12.3,0.6976,1
62.3,12.6,9.5,0,21.6,FREIGHT,23.34,1.13,CLEAR,19.6,0.2754,0
54.6,6.1,0.4,1,4.8,FREIGHT,33.65,1.12,RAIN,17.9,0.6448,1
82.3,4.6,3.6,1,11.2,PASSENGER,22.83,19.65,CLEAR,13.4,0.4721,1
146.7,15.4,7.8,0,23.5,EXPRESS,27.15,1.69,CLEAR,11.7,0.2363,0
107.0,16.5,19.3,0,25.2,EXPRESS,22.93,20.44,CLEAR,21.5,0.2879,1
104.2,8.0,5.8,1,11.3,PASSENGER,23.23,22.19,CLEAR,14.1,0.6532,0
129.3,2.1,1.5,1,7.4,EXPRESS,29.7,0.57,FOG,9.0,0.6548,1
57.4,20.4,5.4,0,28.8,FREIGHT,16.15,5.28,CLEAR,24.4,0.321,0
151.3,12.7,5.5,0,23.2,EXPRESS,36.21,0.56,CLEAR,11.7,0.217,0
100.9,9.2,5.4,0,24.5,PASSENGER,34.61,1.75,CLEAR,8.0,0.1493,0
132.1,10.1,8.7,1,7.8,EXPRESS,29.15,12.82,CLEAR,16.0,0.4954,0
97.7,10.8,0.4,1,13.6,PASSENGER,29.87,17.52,RAIN,16.8,0.5562,1
120.3,8.5,0.5,1,3.4,EXPRESS,16.82,11.51,RAIN,17.2,0.7061,1
87.4,5.8,4.6,1,4.6,PASSENGER,33.38,9.26,CLEAR,13.9,0.6294,1
94.3,17.9,13.8,1,7.8,EXPRESS,37.34,4.96,STORM,29.5,0.8723,1
34.0,17.3,2.8,1,10.1,FREIGHT,31.91,5.68,CLEAR,26.2,0.7677,1
148.1,16.6,14.5,0,29.9,EXPRESS,5.75,13.98,RAIN,16.9,0.1811,0
32.7,10.2,12.5,0,13.5,FREIGHT,31.57,20.54,RAIN,21.4,0.2978,0
37.6,15.9,10.5,0,21.4,FREIGHT,18.85,9.71,STORM,26.9,0.259,0
145.7,11.9,10.8,0,27.3,EXPRESS,24.54,22.55,FOG,13.7,0.1103,0
60.1,24.8,10.3,1,8.5,PASSENGER,39.65,1.25,CLEAR,32.3,0.8394,1
109.8,11.1,7.7,1,5.6,EXPRESS,14.69,19.9,CLEAR,17.2,0.5963,0
56.3,6.7,5.3,1,8.4,FREIGHT,14.27,8.13,RAIN,18.0,0.6386,1
89.8,2.1,0.1,1,26.6,PASSENGER,10.89,20.85,RAIN,9.2,0.5427,1
144.4,4.3,0.6,0,20.5,EXPRESS,5.52,22.07,RAIN,1.4,0.1029,0
125.4,0.8,0.6,1,14.4,EXPRESS,7.14,16.81,STORM,10.9,0.6463,1
125.7,1.7,0.1,0,24.9,EXPRESS,20.81,8.52,CLEAR,3.7,0.1027,0
62.6,1.0,0.6,1,8.2,FREIGHT,36.44,10.97,CLEAR,11.4,0.4226,0
124.9,16.2,11.4,1,8.3,EXPRESS,32.49,13.24,CLEAR,20.7,0.6508,0
90.4,13.3,4.9,0,17.7,PASSENGER,7.71,11.09,CLEAR,16.8,0.2161,1
104.9,4.3,1.7,0,24.0,PASSENGER,22.69,18.99,CLEAR,4.6,0.0748,0
48.1,11.8,7.1,1,8.9,FREIGHT,33.95,18.52,RAIN,24.7,0.7701,0
117.0,5.0,3.0,1,7.5,EXPRESS,21.81,0.3,FOG,10.7,0.6464,1
60.2,3.3,0.7,0,15.0,PASSENGER,36.5,3.64,CLEAR,8.4,0.0893,0
90.7,10.9,9.7,1,5.3,PASSENGER,36.36,8.73,FOG,22.1,0.8227,0
61.5,6.6,1.9,0,22.8,PASSENGER,14.26,16.14,FOG,10.4,0.1144,0
125.3,12.0,5.4,1,18.0,EXPRESS,35.02,5.51,CLEAR,15.0,0.619,0
146.3,5.1,1.5,1,16.1,EXPRESS,23.61,7.75,FOG,5.9,0.3572,0
128.5,15.2,3.1,0,26.4,EXPRESS,19.45,11.09,CLEAR,12.1,0.1428,0
73.5,13.2,7.6,0,22.4,PASSENGER,31.08,14.15,CLEAR,17.9,0.166,0
145.0,1.0,0.8,1,5.8,EXPRESS,31.69,21.64,RAIN,4.8,0.388,1
73.5,21.3,17.0,1,13.5,PASSENGER,27.18,19.31,CLEAR,29.0,0.8665,1
141.3,7.3,0.3,1,10.7,EXPRESS,32.53,8.62,CLEAR,6.9,0.3924,1
57.5,11.7,3.4,0,24.4,FREIGHT,38.08,18.43,CLEAR,16.6,0.1341,0
37.6,14.1,11.1,0,22.0,FREIGHT,34.99,19.98,FOG,23.4,0.4041,0
105.3,17.4,13.1,0,15.0,PASSENGER,3.43,12.54,CLEAR,19.1,0.3459,0
104.0,2.8,1.2,0,25.0,EXPRESS,34.08,7.11,CLEAR,6.6,0.0673,0
159.3,1.0,0.7,0,13.2,EXPRESS,31.37,22.63,FOG,0.0,0.0757,0
90.5,10.9,5.8,0,24.4,EXPRESS,37.11,23.09,FOG,18.7,0.1721,0
108.4,8.2,0.2,1,2.4,EXPRESS,29.71,5.39,CLEAR,15.4,0.6393,0
70.0,5.6,3.0,1,5.3,PASSENGER,35.18,18.84,CLEAR,17.7,0.6035,1
60.7,6.3,7.2,0,23.0,PASSENGER,0.9,1.0,CLEAR,11.7,0.4444,0
63.0,7.7,3.7,1,4.8,FREIGHT,39.12,0.06,RAIN,16.5,0.7401,0
138.5,3.1,0.9,1,21.0,EXPRESS,8.04,8.44,FOG,6.8,0.5011,0
99.6,2.7,3.0,0,22.1,PASSENGER,34.64,11.1,CLEAR,4.4,0.0501,0
72.8,13.1,11.4,0,20.4,PASSENGER,37.22,13.11,CLEAR,14.3,0.3682,0
82.2,5.9,4.3,0,24.8,PASSENGER,0.59,9.08,RAIN,11.9,0.6955,1
136.1,9.6,5.8,0,16.1,EXPRESS,36.59,3.09,RAIN,11.8,0.1061,0
82.0,3.2,1.8,0,27.1,PASSENGER,33.25,8.27,CLEAR,3.5,0.0637,0
94.9,1.6,0.9,0,17.7,PASSENGER,36.94,19.72,CLEAR,3.5,0.0946,0
91.7,9.1,1.3,1,16.0,PASSENGER,7.49,8.06,CLEAR,15.2,0.5407,1
35.2,12.9,3.4,1,16.0,FREIGHT,31.21,14.22,RAIN,26.4,0.7999,1
144.7,1.8,1.5,0,27.5,EXPRESS,19.76,16.34,CLEAR,1.0,0.0834,0
140.4,4.2,3.5,1,8.4,EXPRESS,10.68,17.58,CLEAR,7.4,0.5533,0
92.8,9.3,5.5,0,21.3,PASSENGER,30.37,11.71,CLEAR,8.8,0.1291,0
67.8,7.8,6.0,1,8.4,PASSENGER,19.19,3.02,STORM,23.1,0.8304,0
108.8,1.5,0.8,0,4.1,EXPRESS,36.05,21.61,CLEAR,4.2,0.0985,0
79.7,7.8,6.2,0,28.7,PASSENGER,28.57,6.25,CLEAR,9.8,0.1249,0
42.6,13.9,5.0,0,5.2,FREIGHT,6.0,8.13,CLEAR,25.0,0.2709,1
40.3,9.9,0.1,0,21.1,FREIGHT,10.41,18.57,CLEAR,15.6,0.2104,1
146.4,5.7,0.3,1,13.6,EXPRESS,10.95,18.32,CLEAR,6.7,0.4181,0
58.7,9.0,4.7,1,25.4,FREIGHT,14.09,21.51,CLEAR,17.3,0.7087,0
88.3,5.7,2.2,0,23.5,PASSENGER,26.82,0.81,CLEAR,9.9,0.145,0
71.3,2.5,0.7,1,5.6,PASSENGER,35.83,20.99,RAIN,16.2,0.4239,1
105.9,2.5,0.2,1,14.8,PASSENGER,23.95,19.01,RAIN,11.2,0.5654,0
38.6,3.6,0.8,1,2.3,FREIGHT,30.2,12.6,RAIN,21.3,0.674,1
99.7,21.8,14.2,0,13.7,PASSENGER,13.01,3.83,FOG,24.2,0.3192,1
157.7,4.4,5.9,0,21.5,EXPRESS,21.14,13.08,CLEAR,2.3,0.0887,0
96.4,5.1,3.4,1,8.1,PASSENGER,20.41,4.65,STORM,15.8,0.6387,1
109.6,22.3,12.8,0,24.6,PASSENGER,28.19,23.16,CLEAR,24.4,0.2152,0
135.6,4.5,4.3,1,3.0,EXPRESS,20.96,17.01,CLEAR,12.6,0.6807,1
39.8,7.3,5.8,1,2.5,FREIGHT,13.7,14.31,RAIN,21.1,0.8696,1
70.2,3.5,1.5,1,2.3,PASSENGER,10.13,19.52,CLEAR,14.1,0.6974,1
76.2,4.9,4.0,1,9.5,PASSENGER,10.56,12.78,CLEAR,12.0,0.5821,1
90.5,1.1,0.7,1,14.8,EXPRESS,39.24,1.45,CLEAR,9.0,0.4822,0
94.1,3.7,2.3,1,4.6,PASSENGER,14.62,6.22,RAIN,13.4,0.5238,0
108.8,3.2,0.2,0,29.9,EXPRESS,32.36,23.56,CLEAR,4.1,0.0747,0
147.1,2.1,1.1,0,30.0,EXPRESS,3.32,20.42,RAIN,1.0,0.1278,0
78.0,3.5,0.4,0,16.3,PASSENGER,4.04,22.26,CLEAR,10.7,0.1552,0
84.0,2.4,2.2,0,17.7,PASSENGER,27.6,2.35,CLEAR,7.8,0.0595,0
108.3,7.3,8.3,0,27.9,PASSENGER,18.56,5.95,CLEAR,8.9,0.1318,1
107.0,8.0,2.1,0,23.4,EXPRESS,35.28,1.52,CLEAR,5.6,0.1078,0
96.1,9.9,8.0,1,6.3,PASSENGER,34.56,19.73,CLEAR,14.5,0.7777,1
142.9,7.5,4.8,0,24.1,EXPRESS,30.35,4.17,FOG,5.7,0.0871,0
39.9,3.2,3.2,1,8.1,FREIGHT,32.7,9.84,CLEAR,16.3,0.7761,0
85.0,2.1,1.2,0,13.8,PASSENGER,34.88,6.47,CLEAR,5.2,0.1531,0
77.5,17.5,11.5,1,16.7,PASSENGER,31.45,22.33,RAIN,29.6,0.819,0
144.0,0.8,0.3,1,21.9,EXPRESS,21.31,14.6,RAIN,6.7,0.3827,0
133.6,9.7,5.3,1,5.8,EXPRESS,10.96,19.19,RAIN,11.3,0.7423,1
51.4,8.2,4.4,1,3.7,FREIGHT,31.6,14.45,RAIN,20.1,0.6038,1
144.6,6.5,2.6,0,26.2,EXPRESS,13.05,14.7,CLEAR,1.1,0.0497,0
71.8,4.1,1.2,0,25.1,PASSENGER,10.17,9.19,CLEAR,7.2,0.0902,0
97.7,4.2,2.5,1,16.4,PASSENGER,7.28,5.74,CLEAR,11.6,0.4561,0
150.6,11.7,9.3,0,20.4,EXPRESS,25.27,8.36,CLEAR,10.0,0.0727,0
69.5,9.2,8.2,0,22.0,FREIGHT,10.08,7.08,CLEAR,13.9,0.2596,0
99.2,16.0,12.8,0,15.1,PASSENGER,15.31,16.59,CLEAR,16.1,0.1732,0
118.6,2.2,1.7,1,8.8,EXPRESS,28.51,10.14,FOG,15.5,0.5818,1
158.7,3.6,2.2,0,15.2,EXPRESS,31.86,13.2,STORM,6.8,0.2857,0
116.6,1.4,0.1,0,28.6,EXPRESS,12.93,18.5,RAIN,6.5,0.0827,0
58.7,18.7,12.9,0,25.4,FREIGHT,33.79,6.4,CLEAR,25.4,0.1726,0
68.1,1.7,1.8,1,14.8,PASSENGER,2.79,10.17,FOG,15.3,0.8388,1
158.6,10.6,2.3,1,7.9,EXPRESS,39.44,12.47,STORM,18.8,0.6732,0
139.3,12.1,10.7,0,26.9,EXPRESS,16.97,1.29,CLEAR,10.1,0.1888,0
97.7,10.2,3.4,0,19.7,PASSENGER,13.33,3.65,CLEAR,10.4,0.0551,0
63.3,8.2,3.8,1,13.0,PASSENGER,36.99,1.52,CLEAR,17.3,0.6067,1
98.2,1.6,0.9,1,4.7,PASSENGER,5.73,18.05,FOG,12.4,0.6716,1
144.2,2.6,3.1,0,22.9,EXPRESS,14.63,7.2,CLEAR,0.0,0.0721,0
137.0,17.9,11.3,1,10.5,EXPRESS,14.68,10.14,CLEAR,21.5,0.7785,1
74.6,7.0,3.7,0,18.8,PASSENGER,17.26,16.14,CLEAR,12.0,0.0984,0
52.0,1.6,1.3,0,17.7,FREIGHT,34.01,23.2,CLEAR,5.0,0.0899,0
97.7,8.3,0.1,0,21.4,EXPRESS,34.05,19.47,CLEAR,7.2,0.1017,0
83.6,3.3,1.8,1,16.8,PASSENGER,23.87,1.39,CLEAR,11.3,0.5521,0
72.2,4.8,3.8,1,19.5,PASSENGER,39.67,7.34,RAIN,16.0,0.5246,1
77.5,2.4,0.2,1,3.8,PASSENGER,33.84,1.18,RAIN,13.5,0.5844,1
101.4,10.6,4.2,0,20.5,EXPRESS,27.4,1.48,RAIN,14.0,0.1331,0
40.4,4.6,3.3,1,7.0,FREIGHT,8.38,3.06,CLEAR,17.0,0.6707,1
63.8,7.9,6.9,0,12.7,PASSENGER,22.21,7.71,CLEAR,12.6,0.0993,0
106.0,1.2,0.1,0,16.1,PASSENGER,8.95,5.56,FOG,5.7,0.1481,0
127.1,14.0,6.8,0,21.1,EXPRESS,12.42,8.45,RAIN,14.6,0.2257,0
117.8,8.4,3.3,0,22.7,EXPRESS,27.59,19.73,RAIN,10.0,0.0705,0
127.5,3.6,2.1,0,21.6,EXPRESS,7.78,19.14,FOG,6.0,0.1148,0
91.4,17.2,15.1,1,4.2,PASSENGER,4.09,8.42,STORM,32.7,0.947,1
154.5,2.3,0.8,1,12.5,EXPRESS,21.5,15.84,STORM,12.0,0.5766,0
68.9,6.9,3.5,0,9.5,PASSENGER,0.54,8.94,CLEAR,12.5,0.6427,0
110.7,15.6,1.7,1,12.9,EXPRESS,24.55,9.26,FOG,18.0,0.5988,1
108.8,6.3,3.4,0,19.9,PASSENGER,36.1,16.22,STORM,10.1,0.225,1
78.6,16.0,3.6,1,7.0,PASSENGER,8.01,9.22,RAIN,26.1,0.7163,1
91.6,4.6,0.4,1,15.8,EXPRESS,15.62,13.18,RAIN,11.2,0.5874,0
100.3,5.3,4.9,0,26.7,EXPRESS,36.7,2.77,FOG,12.8,0.2217,0
91.8,8.5,4.5,1,22.3,EXPRESS,28.3,12.93,CLEAR,12.4,0.5506,0
109.5,5.2,6.6,0,22.2,PASSENGER,5.84,17.81,CLEAR,8.7,0.2046,0
73.9,2.7,0.4,0,25.7,PASSENGER,15.59,21.32,CLEAR,4.7,0.105,0
154.6,4.2,1.6,0,12.9,EXPRESS,30.36,3.53,FOG,7.1,0.1496,0
109.8,11.8,4.7,0,23.1,PASSENGER,26.76,9.86,CLEAR,10.7,0.1177,1
132.0,1.3,0.7,1,3.2,EXPRESS,6.65,11.67,CLEAR,5.6,0.5317,0
92.3,10.1,5.1,1,3.1,EXPRESS,2.97,21.72,RAIN,20.8,0.8233,1
95.7,8.5,0.3,1,11.0,EXPRESS,27.43,6.18,RAIN,13.2,0.5389,0
51.7,2.2,1.8,1,7.1,FREIGHT,24.56,3.98,RAIN,13.1,0.6218,1
118.4,14.7,8.4,1,16.3,EXPRESS,2.84,3.4,CLEAR,21.1,0.8228,1
132.4,7.4,6.7,1,6.7,EXPRESS,39.01,3.72,CLEAR,15.4,0.4323,1
120.7,5.2,4.7,0,29.3,EXPRESS,10.47,20.87,RAIN,6.7,0.1248,0
155.4,18.9,9.2,0,25.8,EXPRESS,15.75,14.88,RAIN,16.0,0.2298,1
86.7,5.9,5.6,0,29.5,PASSENGER,7.52,10.1,CLEAR,6.1,0.1332,0
138.6,5.6,3.3,0,24.5,EXPRESS,33.23,20.8,CLEAR,5.6,0.061,0
152.8,16.2,17.5,0,28.6,EXPRESS,38.52,7.15,CLEAR,14.1,0.2113,0
67.3,6.6,5.3,0,12.0,PASSENGER,8.93,22.27,CLEAR,9.3,0.1728,1
106.1,7.5,4.1,0,15.7,EXPRESS,11.69,18.21,RAIN,11.0,0.1774,0
65.4,2.4,2.4,0,8.3,PASSENGER,28.41,0.49,RAIN,6.9,0.1167,0
67.0,13.1,10.5,0,19.6,PASSENGER,21.35,11.1,CLEAR,18.3,0.2055,0
125.9,10.1,1.6,0,24.0,EXPRESS,4.65,20.22,CLEAR,8.1,0.1809,0
76.1,9.2,0.0,0,15.7,PASSENGER,37.18,9.51,CLEAR,12.3,0.1161,0
119.6,2.7,1.0,1,9.9,EXPRESS,24.64,23.69,FOG,8.1,0.4225,0
109.1,1.1,0.5,1,16.0,PASSENGER,12.4,20.32,RAIN,8.9,0.2955,0
67.8,3.5,1.7,1,3.3,PASSENGER,19.85,18.07,CLEAR,11.1,0.5625,0
127.9,15.6,7.9,0,22.1,EXPRESS,20.26,3.25,CLEAR,15.2,0.0958,0
64.9,6.0,4.7,0,14.4,PASSENGER,21.25,2.59,RAIN,12.4,0.1558,0
44.3,1.3,0.8,0,27.1,FREIGHT,20.14,15.39,CLEAR,3.9,0.0755,0
53.7,15.2,7.0,0,27.8,FREIGHT,22.69,15.87,CLEAR,20.0,0.1649,0
107.3,4.5,3.2,1,5.1,PASSENGER,16.04,3.54,CLEAR,13.2,0.7105,0
79.6,3.2,3.2,0,29.9,PASSENGER,6.27,20.5,CLEAR,6.0,0.1053,1
94.5,3.0,2.0,0,29.1,EXPRESS,26.75,20.97,RAIN,4.2,0.1353,0
117.2,17.7,9.0,0,19.4,EXPRESS,31.8,10.0,STORM,22.2,0.282,0
67.3,3.8,1.7,0,25.0,PASSENGER,33.72,14.59,CLEAR,3.6,0.0593,0
106.1,0.9,0.4,1,2.0,EXPRESS,1.37,12.26,RAIN,12.6,0.8844,1
57.8,8.7,1.6,0,29.2,FREIGHT,16.48,0.86,STORM,20.0,0.1072,0
94.7,10.7,5.7,0,14.5,EXPRESS,39.15,2.17,CLEAR,12.0,0.1421,0
122.5,3.9,4.8,0,27.4,EXPRESS,2.97,18.71,FOG,6.9,0.1598,0
132.7,3.6,0.9,0,12.5,EXPRESS,31.53,11.72,CLEAR,5.2,0.0802,0
49.0,1.2,0.5,0,24.0,FREIGHT,5.48,14.66,CLEAR,10.3,0.1085,0
61.0,6.8,4.9,0,13.4,PASSENGER,33.07,14.71,CLEAR,13.7,0.1867,0
109.3,7.0,5.1,1,11.8,PASSENGER,27.05,9.11,RAIN,12.6,0.5765,1
115.7,3.0,2.1,0,28.5,EXPRESS,29.14,0.71,FOG,9.1,0.0938,0
65.0,13.2,8.3,0,21.4,FREIGHT,39.1,18.89,CLEAR,19.0,0.1486,0
112.8,24.2,17.2,0,25.4,EXPRESS,37.61,11.24,RAIN,26.9,0.32,0
51.4,2.7,1.0,0,17.0,FREIGHT,12.52,3.33,CLEAR,9.2,0.1036,0
79.4,5.4,3.9,0,27.7,PASSENGER,15.32,0.51,CLEAR,11.1,0.0517,0
114.0,10.5,0.0,0,22.6,EXPRESS,16.58,0.42,CLEAR,6.1,0.0936,1
61.1,6.4,5.6,1,3.6,PASSENGER,7.63,0.8,FOG,20.9,0.7918,1
78.0,5.9,2.4,0,23.4,PASSENGER,15.55,3.72,CLEAR,7.0,0.086,0
152.3,1.3,1.0,1,2.0,EXPRESS,39.17,5.56,CLEAR,8.0,0.6221,1
61.1,9.4,6.3,0,25.1,FREIGHT,19.84,5.93,CLEAR,12.7,0.1537,0
67.3,8.3,7.5,1,11.0,PASSENGER,38.13,15.17,RAIN,25.8,0.4575,1
131.4,1.3,0.5,0,18.6,EXPRESS,3.32,5.8,CLEAR,2.3,0.0978,0
152.5,3.4,0.2,0,22.9,EXPRESS,2.05,16.17,CLEAR,0.0,0.2479,0
95.0,3.0,1.8,1,19.7,PASSENGER,23.23,19.76,CLEAR,11.8,0.5035,1
67.4,7.3,4.4,0,20.7,PASSENGER,29.58,9.23,CLEAR,10.9,0.1474,0
103.4,8.2,7.1,0,26.9,PASSENGER,9.09,17.24,CLEAR,10.3,0.1824,0
75.1,4.2,3.6,0,12.2,PASSENGER,20.38,2.5,CLEAR,8.4,0.1028,0
82.7,7.0,3.9,1,17.1,PASSENGER,34.98,7.87,STORM,16.6,0.6207,0
53.7,8.5,7.2,1,6.5,FREIGHT,30.59,16.38,FOG,21.7,0.7928,1
102.5,2.8,3.4,1,14.8,PASSENGER,9.66,22.36,CLEAR,7.4,0.605,1
71.9,6.3,4.3,1,5.8,FREIGHT,13.71,14.77,CLEAR,11.3,0.7228,0
155.1,4.0,3.3,0,19.6,EXPRESS,12.58,8.73,CLEAR,0.7,0.0728,0
90.6,10.9,9.6,1,10.7,EXPRESS,28.92,7.53,CLEAR,18.4,0.6855,1
154.5,2.5,1.2,0,26.0,EXPRESS,38.74,9.4,CLEAR,0.0,0.0647,0
62.7,1.8,1.4,1,11.3,PASSENGER,11.56,15.67,RAIN,15.4,0.628,0
42.0,6.5,0.6,1,9.7,FREIGHT,23.74,7.85,CLEAR,18.1,0.6084,1
126.0,8.2,7.7,1,15.5,EXPRESS,39.55,11.28,STORM,18.9,0.6731,1
123.6,8.0,2.4,1,6.5,EXPRESS,6.72,18.22,CLEAR,13.9,0.6891,1
57.2,6.9,1.9,1,7.3,FREIGHT,26.53,5.71,CLEAR,18.1,0.576,1
123.6,17.8,17.9,0,23.8,EXPRESS,13.61,17.2,RAIN,20.9,0.24,1
106.7,13.8,11.8,0,15.7,PASSENGER,39.67,18.28,STORM,24.4,0.3435,0
72.0,16.3,16.1,0,7.4,PASSENGER,4.8,20.73,FOG,21.0,0.4761,0
42.3,3.4,0.7,1,2.4,FREIGHT,18.32,0.57,CLEAR,18.3,0.6506,1
154.5,12.1,10.0,1,14.8,EXPRESS,10.57,2.73,CLEAR,13.9,0.7253,1
95.4,4.8,1.8,1,22.7,EXPRESS,1.75,22.92,CLEAR,14.1,0.8229,1
90.5,2.4,0.1,1,11.5,PASSENGER,38.56,3.02,RAIN,12.0,0.5138,1
60.7,2.5,2.2,0,8.6,FREIGHT,22.94,11.71,CLEAR,8.2,0.1033,0
85.3,9.2,3.2,0,12.8,PASSENGER,28.18,4.01,CLEAR,14.9,0.2019,0
138.6,1.6,0.5,0,28.8,EXPRESS,25.0,19.49,CLEAR,0.0,0.1092,0
68.6,15.4,3.5,1,13.6,PASSENGER,6.36,2.32,CLEAR,23.9,0.6592,1
68.4,8.4,7.7,1,8.9,FREIGHT,7.24,2.05,CLEAR,17.1,0.6674,1
36.3,3.2,2.1,1,17.7,FREIGHT,25.24,12.11,RAIN,16.6,0.614,1
48.0,9.1,2.0,0,24.6,FREIGHT,31.3,5.72,RAIN,19.9,0.2528,0
95.3,4.9,1.9,1,2.1,EXPRESS,24.64,15.88,FOG,19.6,0.8017,0
128.2,17.0,11.5,0,17.4,EXPRESS,23.03,16.44,RAIN,19.0,0.1947,0
93.5,1.8,0.2,0,25.3,PASSENGER,29.97,14.07,RAIN,2.8,0.0847,0
72.4,8.9,2.7,1,7.6,FREIGHT,10.12,20.03,CLEAR,22.4,0.6331,1
141.8,8.6,1.4,0,27.8,EXPRESS,29.4,16.74,RAIN,5.3,0.0832,0
127.9,12.6,10.1,0,18.0,EXPRESS,16.74,4.5,FOG,15.8,0.2373,0
106.6,1.3,0.5,1,16.2,PASSENGER,27.12,1.88,CLEAR,8.3,0.4583,1
123.5,5.8,2.4,0,29.0,EXPRESS,11.35,17.95,CLEAR,6.7,0.1181,0
129.3,11.3,2.4,1,5.2,EXPRESS,5.93,17.76,RAIN,15.7,0.7362,1
89.8,11.8,9.9,0,22.6,PASSENGER,1.65,20.41,CLEAR,16.2,0.2928,0
80.5,10.2,1.1,0,24.8,PASSENGER,32.24,4.86,RAIN,11.5,0.1088,0
101.9,6.8,4.7,1,15.4,PASSENGER,8.28,5.36,CLEAR,16.6,0.5834,0
103.0,7.9,0.6,1,1.7,EXPRESS,14.86,13.84,CLEAR,14.7,0.8023,0
87.7,15.2,13.9,1,16.4,PASSENGER,30.87,3.73,CLEAR,22.3,0.7155,1
96.1,4.3,4.0,1,5.9,PASSENGER,18.28,7.11,CLEAR,13.6,0.4554,0
105.2,6.6,4.4,0,17.5,PASSENGER,9.09,19.5,FOG,10.9,0.088,0
104.2,5.1,2.6,0,22.6,PASSENGER,8.19,8.02,CLEAR,9.6,0.1091,0
125.6,2.6,1.9,0,16.6,EXPRESS,16.61,0.27,CLEAR,5.2,0.0941,0
135.0,8.6,1.1,0,19.5,EXPRESS,22.82,15.62,CLEAR,7.8,0.1258,0
117.6,10.8,4.2,1,4.5,EXPRESS,16.0,4.33,CLEAR,15.3,0.7795,1
122.8,17.4,13.9,1,4.3,EXPRESS,36.23,4.7,CLEAR,23.7,0.829,1
105.3,2.8,2.0,0,25.8,PASSENGER,0.65,0.4,CLEAR,1.4,0.5231,0
71.9,8.3,9.7,1,2.9,FREIGHT,16.38,13.87,FOG,21.6,0.7751,1
104.8,2.6,0.7,0,9.6,PASSENGER,29.84,13.49,CLEAR,4.1,0.1352,0
66.9,17.5,12.4,0,28.2,PASSENGER,35.69,2.31,CLEAR,23.7,0.1615,0
149.5,2.5,1.9,1,14.6,EXPRESS,14.66,1.21,CLEAR,6.2,0.5415,0
107.4,4.9,2.1,0,20.7,PASSENGER,27.11,11.78,CLEAR,5.5,0.1581,0
115.3,5.2,2.8,1,7.8,EXPRESS,23.42,18.75,CLEAR,9.5,0.6391,1
126.3,10.5,5.7,1,9.2,EXPRESS,8.46,22.89,RAIN,18.1,0.6396,1
144.5,6.9,5.7,0,16.0,EXPRESS,27.4,1.8,CLEAR,4.5,0.0602,0
88.1,6.5,2.9,0,19.7,PASSENGER,10.36,17.0,FOG,13.5,0.1267,0
74.7,3.1,3.3,0,28.9,FREIGHT,31.46,4.59,CLEAR,8.3,0.0924,0
121.9,0.8,0.1,1,17.9,EXPRESS,34.7,0.82,CLEAR,7.7,0.3691,1
140.0,9.1,1.6,1,4.2,EXPRESS,19.4,8.03,RAIN,12.9,0.663,0
99.6,2.9,1.9,1,12.0,PASSENGER,2.64,13.77,RAIN,10.4,0.5434,0
124.6,15.9,3.7,0,8.5,EXPRESS,29.63,14.43,STORM,20.5,0.3147,0
68.6,4.9,3.7,1,8.8,FREIGHT,18.95,1.18,RAIN,15.5,0.5522,1
87.3,8.4,5.6,0,15.9,PASSENGER,4.23,22.27,CLEAR,10.1,0.189,0
48.5,7.2,5.7,1,10.5,FREIGHT,13.58,1.31,CLEAR,17.0,0.6163,0
65.4,17.9,1.2,1,9.7,PASSENGER,11.98,5.21,CLEAR,22.7,0.7673,1
79.7,21.3,6.6,0,29.1,PASSENGER,29.19,10.38,CLEAR,21.4,0.1809,0
96.7,0.9,0.1,0,18.1,PASSENGER,17.25,22.7,CLEAR,4.6,0.0437,0
106.1,5.2,5.7,1,9.0,PASSENGER,23.69,23.79,CLEAR,14.0,0.5867,1
72.6,4.6,0.5,1,9.4,PASSENGER,20.29,0.01,RAIN,15.4,0.4279,0
114.9,11.8,5.9,0,24.6,EXPRESS,29.11,5.39,RAIN,13.0,0.1383,0
67.7,5.8,3.4,0,26.8,PASSENGER,28.86,12.03,CLEAR,9.9,0.1512,0
94.5,8.5,2.6,1,20.9,PASSENGER,18.23,16.67,CLEAR,17.6,0.5874,1
73.2,5.9,5.3,0,13.8,FREIGHT,5.83,15.76,CLEAR,12.2,0.1627,0
92.0,3.2,0.2,1,23.3,PASSENGER,16.61,6.04,RAIN,6.2,0.5002,1
90.9,4.6,1.1,0,28.2,PASSENGER,6.83,4.74,CLEAR,5.1,0.0802,0
128.7,5.3,4.3,1,6.2,EXPRESS,38.39,0.34,FOG,12.6,0.6458,1
64.4,13.4,8.5,0,26.1,PASSENGER,38.03,20.23,CLEAR,21.0,0.1981,0
96.5,11.3,2.2,0,25.7,PASSENGER,18.54,9.09,CLEAR,13.6,0.1327,0
57.1,8.4,1.3,1,11.9,FREIGHT,1.59,20.74,STORM,20.4,0.8975,1
59.8,5.1,3.3,1,9.8,FREIGHT,15.3,7.77,CLEAR,16.7,0.5737,1
152.9,5.8,4.4,0,17.6,EXPRESS,35.86,18.14,CLEAR,9.5,0.115,0
65.3,4.9,2.5,0,9.3,FREIGHT,11.88,1.67,CLEAR,11.7,0.1108,0
144.7,12.0,9.4,1,5.6,EXPRESS,25.07,19.47,CLEAR,14.5,0.5474,0
154.9,13.2,3.3,0,28.7,EXPRESS,7.77,21.38,CLEAR,12.4,0.1888,0
109.5,0.8,0.2,0,15.5,PASSENGER,33.09,6.36,RAIN,4.4,0.0526,1
130.7,5.4,1.1,0,15.0,EXPRESS,35.73,3.4,RAIN,4.8,0.077,0
65.4,3.6,2.7,1,5.1,PASSENGER,24.8,4.71,RAIN,15.9,0.6564,0
122.1,9.2,5.4,1,15.9,EXPRESS,25.14,20.83,CLEAR,13.4,0.5751,0
145.1,1.4,1.1,1,22.7,EXPRESS,15.45,6.87,FOG,5.9,0.4793,1
61.4,20.9,16.8,1,8.6,PASSENGER,28.43,5.55,RAIN,30.5,0.8932,1
62.8,3.1,1.7,1,12.0,PASSENGER,19.4,23.49,CLEAR,11.6,0.6077,0
33.0,6.4,3.4,1,6.6,FREIGHT,29.95,16.08,CLEAR,18.9,0.6812,0
96.6,4.6,0.1,1,11.6,PASSENGER,38.76,19.97,CLEAR,12.7,0.423,0
85.1,11.8,9.7,0,26.0,PASSENGER,32.98,17.93,CLEAR,12.6,0.1642,0
115.8,9.1,7.0,0,8.3,EXPRESS,20.93,8.98,CLEAR,7.8,0.1498,0
97.4,4.8,1.0,1,2.3,EXPRESS,39.17,20.71,CLEAR,14.4,0.7353,1
141.3,18.6,12.2,0,16.8,EXPRESS,24.48,14.12,CLEAR,16.5,0.1897,0
76.1,2.1,1.7,0,18.0,PASSENGER,3.06,15.78,CLEAR,5.4,0.2144,0
73.3,5.8,5.3,0,10.9,PASSENGER,29.35,7.83,CLEAR,8.8,0.0814,0
92.6,7.9,7.7,1,19.8,PASSENGER,32.89,23.55,CLEAR,13.7,0.5856,0
88.0,7.6,6.1,1,2.6,PASSENGER,5.83,20.51,CLEAR,15.7,0.7255,1
78.1,13.9,11.2,1,11.2,PASSENGER,27.33,3.55,CLEAR,19.2,0.6903,1
134.9,10.8,9.0,1,5.6,EXPRESS,36.88,4.89,CLEAR,16.6,0.621,0
109.0,30.9,23.5,1,8.0,EXPRESS,10.43,17.97,CLEAR,38.5,0.8517,1
65.8,1.5,0.9,1,12.4,FREIGHT,23.61,0.62,CLEAR,14.4,0.4213,1
71.5,5.6,1.6,0,15.6,PASSENGER,11.35,8.05,CLEAR,10.8,0.1042,0
37.1,8.5,4.6,1,4.2,FREIGHT,31.09,12.78,CLEAR,21.3,0.838,1
144.8,15.7,5.9,1,4.4,EXPRESS,23.44,4.92,RAIN,21.5,0.6923,1
61.9,7.8,3.4,0,20.7,FREIGHT,17.41,20.96,CLEAR,11.7,0.073,0
102.8,6.0,0.3,1,13.0,EXPRESS,1.65,21.34,CLEAR,10.1,0.7093,0
98.1,10.0,8.3,1,6.5,EXPRESS,37.82,22.96,FOG,22.1,0.5652,1
67.7,19.7,14.6,1,8.2,FREIGHT,20.16,3.51,CLEAR,30.1,0.7301,1
144.4,3.8,2.3,0,22.0,EXPRESS,32.26,1.9,CLEAR,0.0,0.0343,0
76.4,1.5,1.1,1,3.0,PASSENGER,15.98,13.35,CLEAR,12.3,0.5591,1
136.1,7.4,0.1,0,16.0,EXPRESS,34.04,19.02,CLEAR,4.0,0.1007,0
66.2,5.2,1.2,0,11.8,PASSENGER,6.82,6.99,CLEAR,11.6,0.1259,0
52.8,7.3,5.4,0,24.6,FREIGHT,9.64,5.78,FOG,15.2,0.189,1
91.3,13.8,10.9,0,24.0,EXPRESS,13.67,12.43,CLEAR,20.0,0.3555,0
79.6,1.8,0.4,0,21.1,PASSENGER,4.0,11.57,CLEAR,7.7,0.1067,0
95.2,5.3,3.6,0,12.5,EXPRESS,18.03,11.51,RAIN,7.3,0.1327,0
83.8,7.1,5.4,0,19.5,PASSENGER,19.69,9.73,CLEAR,9.2,0.1239,0
119.5,3.9,1.5,0,19.7,EXPRESS,5.03,17.45,RAIN,7.0,0.144,1
121.1,7.0,3.8,1,11.0,EXPRESS,17.37,14.75,CLEAR,12.1,0.4826,0
93.2,6.6,5.7,0,26.6,EXPRESS,8.29,11.71,CLEAR,8.7,0.1635,0
115.3,17.4,8.2,0,29.6,EXPRESS,35.07,17.3,CLEAR,17.2,0.2337,1
64.0,12.4,2.7,1,10.5,FREIGHT,20.62,6.28,CLEAR,20.7,0.6513,1
115.8,4.7,6.2,0,24.3,EXPRESS,38.1,21.4,RAIN,9.5,0.1506,0
140.1,2.8,1.6,1,15.8,EXPRESS,13.99,9.22,CLEAR,5.6,0.4975,0
78.5,1.3,1.1,1,14.7,PASSENGER,13.99,7.86,CLEAR,10.7,0.4916,1
119.6,6.7,0.9,0,12.5,EXPRESS,13.88,13.01,CLEAR,7.6,0.0755,0
88.2,8.2,2.0,1,9.8,PASSENGER,11.1,6.49,RAIN,19.4,0.615,1
72.8,2.4,0.2,0,27.7,FREIGHT,31.48,6.45,CLEAR,6.1,0.1124,0
65.4,7.2,1.5,0,22.6,PASSENGER,11.67,1.87,RAIN,13.0,0.1288,0
31.5,8.7,4.8,1,14.1,FREIGHT,11.88,15.65,CLEAR,21.4,0.7247,0
90.4,7.3,4.7,0,22.9,PASSENGER,2.35,21.91,CLEAR,8.6,0.1704,0
156.4,1.6,0.3,0,22.0,EXPRESS,38.63,16.45,RAIN,0.1,0.0826,0
109.5,2.7,1.5,1,9.1,PASSENGER,35.51,13.63,CLEAR,7.2,0.5038,1
84.2,4.6,3.8,1,6.5,PASSENGER,12.05,17.08,STORM,20.3,0.8506,1
83.4,4.7,1.7,0,25.3,PASSENGER,21.07,23.19,CLEAR,10.8,0.1018,0
59.0,2.3,2.4,0,24.6,FREIGHT,19.57,8.08,FOG,6.9,0.147,1
87.8,5.8,5.6,0,29.9,PASSENGER,3.96,10.34,CLEAR,11.0,0.1575,1
58.5,0.0,0.0,0,2.1,FREIGHT,21.48,6.87,FOG,11.7,0.2266,1
103.7,4.4,1.5,0,16.9,PASSENGER,4.98,0.4,RAIN,9.9,0.1319,0
97.3,16.1,0.7,0,21.5,PASSENGER,17.65,8.34,RAIN,18.1,0.2483,0
84.8,7.3,0.6,0,18.1,PASSENGER,3.97,1.72,RAIN,13.1,0.1591,0
122.3,21.4,14.4,0,21.7,EXPRESS,23.76,20.6,CLEAR,21.1,0.3174,1
58.8,6.4,2.1,1,5.4,FREIGHT,2.44,17.17,RAIN,18.5,0.8115,1
82.8,4.3,3.4,1,1.5,PASSENGER,25.32,7.3,RAIN,20.2,0.7238,1
122.0,8.4,6.0,1,4.2,EXPRESS,28.44,7.87,FOG,22.7,0.6605,1
91.1,1.6,0.2,0,12.3,EXPRESS,23.05,13.67,CLEAR,3.4,0.0662,0
68.7,1.4,1.2,1,10.9,PASSENGER,19.04,19.15,FOG,14.1,0.5299,1
124.2,9.7,8.0,0,26.4,EXPRESS,2.9,17.25,FOG,11.4,0.2054,0
147.6,9.1,8.9,1,3.9,EXPRESS,0.95,0.69,CLEAR,13.6,0.9015,1
73.9,6.1,2.1,0,14.1,PASSENGER,14.03,18.85,CLEAR,9.0,0.0542,0
126.6,2.9,2.1,0,28.8,EXPRESS,30.96,21.15,RAIN,2.2,0.088,0
77.2,7.2,6.4,1,15.8,PASSENGER,26.07,2.16,RAIN,18.5,0.5556,0
97.3,11.3,1.6,1,5.3,EXPRESS,5.45,18.48,RAIN,19.9,0.7231,1
157.1,0.9,0.6,0,9.8,EXPRESS,27.67,6.04,RAIN,0.0,0.0633,0
102.7,3.4,1.3,0,19.4,PASSENGER,23.21,4.17,CLEAR,2.7,0.1282,0
63.9,2.1,2.2,1,1.8,PASSENGER,7.09,13.05,CLEAR,17.3,0.6246,1
140.4,0.5,0.2,0,29.1,EXPRESS,30.33,13.26,FOG,1.2,0.112,0
114.3,5.9,2.9,0,17.7,EXPRESS,33.3,11.3,CLEAR,11.1,0.0559,0
109.7,7.9,6.1,0,21.6,PASSENGER,9.69,21.64,CLEAR,9.0,0.1034,0
111.2,3.4,3.2,0,15.7,EXPRESS,25.62,5.8,CLEAR,4.9,0.0984,0
106.7,6.4,0.3,0,28.8,EXPRESS,15.44,14.46,RAIN,8.0,0.1924,0
129.8,5.5,2.6,0,18.3,EXPRESS,2.81,9.84,STORM,7.6,0.3231,0
67.6,6.8,5.6,0,20.4,FREIGHT,34.52,20.97,CLEAR,8.7,0.0531,0
69.6,1.1,0.3,0,26.0,PASSENGER,32.92,3.19,CLEAR,8.2,0.0884,0
95.5,4.6,0.3,1,26.1,PASSENGER,13.06,1.99,CLEAR,13.5,0.4099,0
63.1,5.7,2.1,1,2.3,PASSENGER,21.49,23.83,FOG,18.9,0.8894,1
105.9,1.7,1.0,1,9.6,PASSENGER,20.74,13.85,CLEAR,9.3,0.487,1
64.1,12.2,12.3,1,8.5,PASSENGER,7.51,21.89,CLEAR,25.6,0.8145,1
105.7,4.0,3.9,1,1.7,PASSENGER,6.25,9.8,CLEAR,11.7,0.7127,0
124.4,3.0,1.5,0,26.5,EXPRESS,33.85,14.5,CLEAR,2.8,0.0542,0
82.4,7.5,5.5,1,10.5,PASSENGER,34.76,16.66,CLEAR,14.8,0.5652,1
108.7,13.5,2.1,1,11.4,PASSENGER,29.14,23.67,CLEAR,18.5,0.5291,1
109.5,4.8,0.6,1,4.3,PASSENGER,3.37,2.71,CLEAR,14.1,0.7216,1
135.5,6.1,1.2,0,29.7,EXPRESS,36.41,2.99,CLEAR,5.3,0.0703,0
98.9,5.8,4.6,0,25.0,EXPRESS,39.24,12.56,CLEAR,9.1,0.0957,0
85.3,0.2,0.2,1,17.8,PASSENGER,31.14,1.34,CLEAR,3.6,0.4999,1
86.5,1.2,1.4,0,23.5,PASSENGER,14.46,17.46,CLEAR,5.8,0.0846,0
53.2,3.6,1.1,0,23.6,FREIGHT,16.53,23.78,CLEAR,9.0,0.1016,0
129.9,2.1,1.0,0,20.2,EXPRESS,34.85,19.47,RAIN,7.5,0.0643,0
60.9,6.6,5.2,1,6.5,PASSENGER,11.57,6.38,STORM,24.0,0.736,0
95.6,6.2,7.9,0,22.0,PASSENGER,6.1,19.19,CLEAR,8.6,0.1837,0
62.1,13.5,5.7,0,17.7,FREIGHT,33.0,15.07,CLEAR,21.6,0.1643,0
65.8,7.6,4.7,0,22.1,PASSENGER,8.14,2.87,STORM,17.5,0.1851,0
88.5,12.5,11.2,0,17.0,PASSENGER,36.34,13.58,CLEAR,16.5,0.1476,0
88.4,4.6,0.3,0,28.8,PASSENGER,24.03,21.52,CLEAR,4.1,0.1126,1
94.1,5.3,0.8,0,19.4,PASSENGER,22.44,6.96,FOG,9.0,0.1129,0
33.8,3.5,2.4,1,17.8,FREIGHT,31.14,15.82,FOG,17.0,0.4541,1
133.9,2.8,2.1,0,25.5,EXPRESS,1.15,1.0,RAIN,3.2,0.3872,1
109.7,8.1,2.4,0,12.3,EXPRESS,28.68,20.02,CLEAR,6.5,0.1013,0
52.8,2.5,1.0,1,10.5,FREIGHT,24.14,4.94,CLEAR,9.7,0.6013,0
98.7,6.2,0.7,0,15.8,PASSENGER,21.19,14.61,FOG,10.9,0.1159,1
95.3,4.2,3.2,0,18.2,PASSENGER,9.08,12.58,FOG,6.8,0.1693,0
65.9,15.6,11.8,1,7.8,PASSENGER,33.26,13.16,FOG,30.1,0.8286,0
131.4,2.2,2.2,1,20.9,EXPRESS,10.4,6.09,CLEAR,10.3,0.3952,1
108.5,3.5,0.2,0,24.4,PASSENGER,19.85,13.42,RAIN,6.3,0.0595,0
67.8,22.9,5.5,0,18.0,PASSENGER,6.74,14.47,RAIN,27.3,0.2489,1
149.7,3.2,1.5,1,16.4,EXPRESS,38.96,10.21,FOG,4.3,0.5189,1
139.2,1.8,1.3,0,9.9,EXPRESS,8.18,15.2,RAIN,4.0,0.105,0
64.8,2.6,1.8,0,27.4,FREIGHT,32.23,4.6,CLEAR,7.2,0.0901,0
109.7,13.6,5.8,0,23.0,EXPRESS,10.89,12.3,RAIN,16.4,0.2042,0
43.0,13.7,7.7,0,15.2,FREIGHT,10.61,17.2,CLEAR,17.6,0.2259,0
153.4,5.1,4.0,0,20.3,EXPRESS,17.16,8.83,CLEAR,2.4,0.0787,0
78.0,11.5,1.8,1,11.1,PASSENGER,33.91,9.87,RAIN,22.8,0.5602,1
32.8,4.9,1.7,0,3.2,FREIGHT,27.66,3.94,RAIN,14.2,0.2863,0
90.0,1.1,0.6,1,7.3,PASSENGER,34.93,14.79,RAIN,10.1,0.6496,1
66.2,16.9,12.2,1,3.8,PASSENGER,2.36,2.96,CLEAR,29.7,0.8929,1
99.8,7.7,4.6,0,16.0,PASSENGER,38.25,12.02,CLEAR,11.1,0.1265,0
134.9,5.2,0.1,1,19.2,EXPRESS,3.55,5.05,CLEAR,10.4,0.6941,1
151.2,7.6,4.9,1,12.3,EXPRESS,28.98,4.66,CLEAR,8.8,0.4573,0
65.3,8.2,2.7,1,16.6,FREIGHT,8.68,2.3,CLEAR,16.7,0.7479,1
65.6,21.4,16.2,1,3.9,PASSENGER,33.71,8.58,FOG,33.8,0.8506,1
79.1,12.3,7.7,0,23.4,PASSENGER,34.56,20.82,CLEAR,13.8,0.1785,0
144.2,1.8,0.8,1,2.4,EXPRESS,22.27,14.52,CLEAR,5.8,0.4924,0
119.2,17.1,5.7,0,19.6,EXPRESS,16.41,18.7,FOG,19.2,0.2572,1
158.1,5.4,3.0,1,13.9,EXPRESS,31.84,2.75,CLEAR,10.5,0.4082,0
96.8,8.1,0.9,0,6.7,PASSENGER,35.02,7.52,FOG,15.8,0.0799,0
60.8,6.8,5.4,0,16.4,PASSENGER,29.66,9.33,RAIN,14.8,0.222,1
104.0,15.9,3.6,0,23.8,PASSENGER,36.32,20.64,RAIN,15.6,0.1758,0
34.5,5.2,0.1,0,13.3,FREIGHT,25.25,15.95,CLEAR,10.0,0.126,0
99.8,14.6,4.7,0,12.0,EXPRESS,26.98,11.77,CLEAR,15.2,0.1487,0
141.4,4.7,4.5,1,5.6,EXPRESS,23.09,7.21,CLEAR,10.1,0.5239,1
150.5,2.4,0.7,0,18.4,EXPRESS,19.78,18.24,CLEAR,1.4,0.0651,0
86.8,1.6,1.9,1,25.1,PASSENGER,26.37,21.32,RAIN,11.3,0.4417,0
110.2,4.9,4.0,0,17.5,EXPRESS,22.67,12.88,CLEAR,6.1,0.0919,0
45.8,1.6,0.7,1,6.2,FREIGHT,29.38,1.04,CLEAR,13.9,0.7273,0
114.0,17.6,8.6,0,20.3,EXPRESS,37.4,6.52,CLEAR,16.5,0.0876,1
44.7,3.4,0.1,1,2.4,FREIGHT,15.24,17.9,RAIN,15.5,0.5962,0
72.1,1.5,0.5,0,25.4,PASSENGER,16.74,9.3,CLEAR,5.0,0.0991,0
57.4,9.9,0.6,0,27.8,FREIGHT,1.09,15.02,CLEAR,14.3,0.2408,0
105.0,7.3,3.4,0,18.5,PASSENGER,21.32,12.59,CLEAR,8.4,0.0911,0
43.8,11.3,4.4,0,26.6,FREIGHT,5.69,21.79,CLEAR,13.9,0.184,0
103.1,9.8,2.3,1,3.9,EXPRESS,28.78,7.37,CLEAR,16.5,0.6371,1
101.9,6.1,1.5,1,8.0,PASSENGER,31.29,10.71,RAIN,12.9,0.5051,0
63.4,6.1,7.5,1,10.5,FREIGHT,29.05,1.55,RAIN,20.8,0.6213,1
155.2,17.4,0.3,0,23.5,EXPRESS,22.09,19.32,CLEAR,13.6,0.1068,0
101.6,2.9,1.5,1,15.3,EXPRESS,21.6,7.82,CLEAR,3.3,0.3528,1
67.2,3.5,0.2,1,11.4,PASSENGER,26.04,17.33,CLEAR,12.7,0.4804,0
54.4,5.7,0.1,1,6.0,FREIGHT,22.41,0.07,RAIN,15.4,0.678,0
90.7,3.2,2.0,0,24.6,PASSENGER,30.14,20.82,CLEAR,3.0,0.1024,1
84.0,3.9,1.0,1,2.1,PASSENGER,35.83,23.33,CLEAR,10.2,0.6797,1
131.9,2.5,1.4,1,11.1,EXPRESS,21.68,11.28,CLEAR,8.6,0.559,0
102.6,8.3,7.7,1,8.4,EXPRESS,4.86,11.58,CLEAR,17.6,0.6973,1
51.6,0.8,0.8,1,5.2,FREIGHT,5.68,14.79,RAIN,11.1,0.7394,1
136.1,14.2,6.8,1,6.4,EXPRESS,15.35,23.4,RAIN,21.8,0.6866,0
81.6,6.8,5.1,1,15.6,PASSENGER,20.1,13.41,CLEAR,19.2,0.5941,1
60.6,7.7,1.8,0,13.6,FREIGHT,9.39,1.77,CLEAR,12.0,0.2596,1
121.6,6.0,3.6,0,16.3,EXPRESS,18.38,13.56,CLEAR,4.5,0.1063,0
76.7,5.2,2.6,0,22.2,PASSENGER,5.86,10.06,CLEAR,8.7,0.1929,0
111.3,6.1,0.6,0,26.9,EXPRESS,10.01,18.26,CLEAR,8.7,0.101,1
80.5,13.2,10.7,1,4.9,PASSENGER,29.49,7.28,RAIN,27.0,0.6661,1
91.6,6.0,3.8,1,3.9,EXPRESS,39.43,22.19,CLEAR,14.8,0.6228,0
93.4,9.6,9.6,1,10.6,PASSENGER,7.86,19.2,CLEAR,15.8,0.7114,1
149.2,11.4,7.8,0,17.1,EXPRESS,13.89,7.84,STORM,15.5,0.2807,1
77.7,2.8,0.4,1,4.3,PASSENGER,14.35,8.45,CLEAR,12.2,0.5197,1
62.3,2.3,1.0,0,21.9,PASSENGER,9.32,12.43,CLEAR,7.5,0.3128,1
159.1,3.4,0.7,0,17.3,EXPRESS,8.56,2.39,CLEAR,0.0,0.1251,1
73.2,11.2,8.0,1,22.8,PASSENGER,5.7,16.56,FOG,23.2,0.8333,1
98.9,12.5,8.9,0,11.7,EXPRESS,36.35,14.62,CLEAR,11.2,0.2056,0
78.5,6.3,3.4,0,12.9,PASSENGER,26.15,7.65,CLEAR,10.8,0.0884,0
141.7,8.6,0.5,0,24.5,EXPRESS,11.97,15.31,CLEAR,8.3,0.09,0
74.7,2.7,0.7,1,9.1,PASSENGER,10.69,2.36,CLEAR,11.2,0.5832,0
130.2,13.8,7.6,0,12.4,EXPRESS,23.79,22.85,CLEAR,13.5,0.0884,0
80.8,14.5,11.9,1,1.9,PASSENGER,28.04,1.61,CLEAR,23.3,0.817,0
98.2,3.2,1.0,0,17.3,EXPRESS,10.49,7.89,RAIN,7.8,0.0935,1
76.5,1.5,0.1,0,25.8,PASSENGER,14.21,23.29,RAIN,8.5,0.1179,0
140.7,3.3,1.8,1,2.3,EXPRESS,11.98,9.56,RAIN,14.4,0.5996,0
57.5,8.2,0.1,1,19.0,FREIGHT,3.96,21.25,CLEAR,12.3,0.8123,1
35.4,8.4,7.9,0,25.6,FREIGHT,15.77,3.62,CLEAR,16.9,0.4341,1
101.4,3.3,3.0,0,15.6,EXPRESS,21.58,1.6,CLEAR,2.0,0.1041,0
92.0,8.9,4.6,1,10.4,PASSENGER,26.39,2.6,STORM,22.4,0.7882,0
146.9,4.5,2.4,0,29.9,EXPRESS,16.96,23.33,RAIN,2.9,0.1109,0
114.5,3.3,1.9,1,3.3,EXPRESS,39.34,2.13,CLEAR,11.8,0.5206,0
89.8,2.6,1.1,0,7.5,PASSENGER,25.22,15.64,STORM,12.5,0.1221,0
68.5,9.5,6.6,0,26.7,PASSENGER,35.52,10.57,CLEAR,14.0,0.1509,0
75.6,7.8,5.4,1,10.0,PASSENGER,36.68,20.66,CLEAR,15.8,0.5241,1
91.4,7.7,2.0,0,24.9,EXPRESS,32.95,7.06,CLEAR,10.0,0.139,0
143.8,2.8,1.7,1,11.0,EXPRESS,11.16,0.69,CLEAR,8.1,0.4215,0
118.1,3.4,0.0,0,24.6,EXPRESS,17.54,17.97,CLEAR,4.0,0.0843,0
100.8,5.7,0.3,1,21.0,PASSENGER,0.52,14.13,CLEAR,13.0,0.9017,1
95.4,8.7,4.4,1,14.9,PASSENGER,18.33,10.43,CLEAR,12.6,0.4834,1
101.4,3.7,3.3,0,16.4,PASSENGER,12.1,7.75,RAIN,7.5,0.1778,0
110.0,3.7,2.6,1,6.6,EXPRESS,4.92,21.59,CLEAR,9.4,0.5753,1
103.0,9.7,7.9,1,4.8,EXPRESS,33.62,2.92,CLEAR,19.1,0.6196,0
158.0,9.4,3.2,0,21.9,EXPRESS,27.1,3.39,STORM,12.6,0.1372,0
140.2,7.4,2.2,0,25.7,EXPRESS,39.96,0.36,CLEAR,4.5,0.0752,1
148.4,3.4,0.8,0,22.1,EXPRESS,20.19,1.74,CLEAR,1.5,0.0728,0
30.6,19.7,7.7,1,27.5,FREIGHT,13.56,20.57,CLEAR,30.0,0.6859,1
46.0,6.2,3.9,0,26.9,FREIGHT,10.92,19.05,CLEAR,13.1,0.1919,0
97.1,6.0,0.4,0,23.7,PASSENGER,17.7,2.46,CLEAR,8.1,0.1072,0
63.9,8.6,4.7,0,27.1,PASSENGER,12.74,18.72,CLEAR,13.2,0.1856,0
129.7,10.0,2.5,1,6.3,EXPRESS,39.63,15.39,CLEAR,11.5,0.6796,0
49.3,20.6,7.5,0,22.3,FREIGHT,7.72,9.3,RAIN,29.6,0.35,1
91.2,10.9,11.3,0,23.0,EXPRESS,1.26,2.02,RAIN,17.9,0.4907,1
40.6,4.2,4.1,1,5.9,FREIGHT,5.63,14.46,CLEAR,17.0,0.7649,1
74.2,6.1,5.9,0,27.4,PASSENGER,35.72,20.15,CLEAR,11.4,0.0733,0
97.8,6.0,0.3,1,1.8,EXPRESS,27.91,10.1,FOG,20.0,0.7446,1
58.4,8.6,3.7,0,13.9,FREIGHT,31.47,10.19,CLEAR,12.3,0.1869,0
107.0,7.1,6.3,1,2.1,EXPRESS,13.16,19.84,FOG,22.2,0.8435,1
73.9,3.4,3.1,1,16.4,PASSENGER,25.1,5.05,CLEAR,8.2,0.6828,1
104.9,6.8,4.1,1,13.2,PASSENGER,28.46,4.14,RAIN,11.1,0.5532,1
122.7,12.9,10.3,0,19.3,EXPRESS,13.39,16.69,CLEAR,11.9,0.2331,0
79.6,1.4,1.0,0,23.3,PASSENGER,29.12,15.76,RAIN,7.2,0.0891,0
96.2,5.4,0.5,0,23.4,PASSENGER,25.37,21.89,CLEAR,7.3,0.0623,0
105.5,7.5,5.3,0,22.1,PASSENGER,12.2,8.02,CLEAR,9.2,0.1271,0
91.8,12.6,7.8,1,4.4,EXPRESS,2.59,4.85,CLEAR,20.9,0.8315,0
50.2,7.1,8.6,0,13.4,FREIGHT,9.9,10.29,CLEAR,13.4,0.1651,0
132.8,9.8,4.6,0,24.8,EXPRESS,24.97,9.21,RAIN,7.6,0.0904,0
112.3,12.1,8.1,0,20.1,EXPRESS,24.16,22.51,CLEAR,10.3,0.1323,0
144.1,6.4,5.4,0,20.9,EXPRESS,20.55,22.02,CLEAR,2.5,0.0757,0
158.0,3.3,0.4,0,8.0,EXPRESS,10.43,10.28,CLEAR,0.0,0.1765,0
156.0,6.3,6.5,1,10.8,EXPRESS,18.06,9.9,RAIN,7.8,0.6435,0
42.0,13.8,0.9,0,28.7,FREIGHT,6.19,10.68,FOG,18.6,0.2161,0
105.8,5.9,1.2,0,25.6,EXPRESS,26.66,17.54,CLEAR,6.2,0.0735,0
157.0,6.9,2.3,1,6.2,EXPRESS,34.83,13.2,CLEAR,11.5,0.4919,1
122.1,1.7,1.7,0,17.0,EXPRESS,18.82,6.91,CLEAR,3.1,0.0727,0
70.4,2.0,1.7,1,15.5,PASSENGER,8.91,18.45,FOG,12.3,0.5347,1
61.8,3.4,0.8,1,14.1,FREIGHT,33.2,21.69,CLEAR,11.5,0.4917,1
109.9,1.7,1.6,0,14.9,EXPRESS,12.87,17.23,CLEAR,7.0,0.1185,0
108.7,4.7,0.1,1,19.8,EXPRESS,23.96,4.67,CLEAR,8.9,0.4215,1
151.5,5.0,2.9,0,29.1,EXPRESS,3.48,19.0,CLEAR,0.5,0.0958,0
101.4,8.7,6.6,1,26.4,EXPRESS,28.86,23.73,RAIN,16.0,0.4072,1
94.5,11.6,8.9,0,26.4,EXPRESS,18.7,16.44,CLEAR,12.9,0.0819,0
73.5,23.9,7.7,0,21.5,PASSENGER,17.22,5.85,CLEAR,24.3,0.2842,0
132.5,12.1,2.4,1,2.0,EXPRESS,37.43,0.13,RAIN,19.8,0.7731,1
66.2,5.3,5.9,1,14.1,PASSENGER,19.91,9.25,RAIN,19.2,0.5877,1
123.0,2.9,1.5,0,16.1,EXPRESS,1.16,11.29,CLEAR,0.5,0.2543,0
58.2,1.7,0.3,0,25.5,FREIGHT,38.41,21.83,FOG,10.6,0.1025,0
68.2,5.0,5.1,0,27.8,FREIGHT,0.98,14.87,CLEAR,11.7,0.4466,0
71.5,12.7,4.7,1,14.4,PASSENGER,21.67,6.76,CLEAR,21.7,0.5874,0
147.2,9.0,7.3,1,10.1,EXPRESS,25.53,16.6,RAIN,15.9,0.6068,1
106.4,13.6,4.3,0,11.1,EXPRESS,35.83,2.21,CLEAR,15.4,0.1367,0
93.8,7.0,0.8,1,18.0,PASSENGER,27.33,5.12,CLEAR,11.9,0.5074,1
81.5,13.4,8.6,1,9.3,PASSENGER,32.54,17.87,CLEAR,25.3,0.4854,0
65.7,6.9,4.4,0,27.5,PASSENGER,30.91,7.13,CLEAR,12.5,0.1502,0
62.1,12.0,7.4,0,13.4,FREIGHT,8.93,0.75,CLEAR,21.6,0.2229,1
39.8,10.6,6.7,0,29.7,FREIGHT,28.17,11.92,CLEAR,13.4,0.1609,0
102.4,2.4,1.6,1,4.6,EXPRESS,25.68,15.79,CLEAR,15.0,0.5026,1
77.9,3.3,0.3,0,6.9,PASSENGER,10.14,18.94,CLEAR,9.3,0.1436,0
135.7,3.1,0.9,0,16.1,EXPRESS,5.57,7.34,CLEAR,3.1,0.1019,0
106.4,12.5,0.4,1,26.2,EXPRESS,30.19,10.19,RAIN,16.3,0.6289,1
69.2,3.1,1.3,1,11.6,PASSENGER,38.86,13.36,CLEAR,13.8,0.5041,1
90.7,2.8,2.8,0,25.4,EXPRESS,29.67,1.79,RAIN,9.6,0.1286,0
51.2,10.5,10.7,1,13.6,FREIGHT,30.1,4.74,CLEAR,18.3,0.606,0
120.0,19.1,9.3,0,25.8,EXPRESS,7.08,8.86,CLEAR,19.6,0.2406,0
71.7,14.5,5.7,1,9.4,PASSENGER,10.26,6.41,CLEAR,21.5,0.5683,1
62.7,4.0,0.1,0,14.9,PASSENGER,23.64,11.18,CLEAR,9.8,0.0754,0
81.5,2.5,1.9,1,9.4,PASSENGER,1.74,15.62,RAIN,10.5,0.6895,0
145.2,4.7,5.2,1,7.6,EXPRESS,26.88,12.95,CLEAR,11.3,0.501,1
62.2,2.6,0.6,1,13.5,FREIGHT,6.22,18.58,CLEAR,12.0,0.5447,1
103.0,29.3,7.3,0,11.0,PASSENGER,16.83,15.03,CLEAR,30.1,0.2695,0
60.5,20.4,11.1,1,23.9,PASSENGER,13.15,7.01,CLEAR,31.2,0.6814,1
157.6,10.5,2.0,0,22.8,EXPRESS,4.7,2.88,RAIN,8.8,0.103,1
77.1,8.9,5.5,1,11.7,PASSENGER,23.36,15.35,CLEAR,15.7,0.4984,0
74.6,6.4,0.7,0,29.8,FREIGHT,14.77,5.09,CLEAR,10.8,0.14,0
72.6,5.1,5.3,0,29.3,PASSENGER,2.24,7.65,FOG,12.3,0.2982,0
51.2,0.2,0.1,0,27.7,FREIGHT,18.05,19.08,CLEAR,6.4,0.068,0
77.7,8.1,0.7,0,18.2,PASSENGER,23.82,5.28,CLEAR,10.2,0.1088,0
114.9,6.8,5.6,1,13.3,EXPRESS,5.65,12.91,CLEAR,9.0,0.6353,0
149.0,9.8,5.6,0,10.4,EXPRESS,23.61,2.28,CLEAR,8.2,0.1291,1
142.2,8.8,4.6,0,1.9,EXPRESS,12.43,10.0,CLEAR,9.6,0.2157,0
109.6,3.0,2.9,0,19.5,PASSENGER,10.76,23.53,CLEAR,5.1,0.0799,0
90.7,6.0,5.1,0,17.3,PASSENGER,31.92,22.91,RAIN,10.5,0.1055,0
122.4,9.0,6.7,0,19.5,EXPRESS,18.98,22.72,RAIN,9.7,0.197,0
64.5,19.5,15.3,0,17.9,PASSENGER,15.43,14.28,CLEAR,28.9,0.3296,0
109.8,12.0,9.9,1,5.4,PASSENGER,32.61,7.07,CLEAR,18.6,0.7668,1
87.6,7.1,7.1,0,21.3,PASSENGER,36.46,8.52,STORM,16.2,0.1945,0
139.0,9.3,5.3,0,11.8,EXPRESS,12.95,4.95,RAIN,13.5,0.1099,0
118.5,5.4,3.8,0,16.2,EXPRESS,2.49,2.34,CLEAR,4.1,0.2758,1
128.3,0.9,0.6,0,11.9,EXPRESS,21.86,4.05,CLEAR,2.7,0.0668,0
156.0,2.2,0.8,1,2.1,EXPRESS,28.75,11.21,CLEAR,6.0,0.5106,1
101.6,6.8,7.7,0,26.5,EXPRESS,23.72,0.65,CLEAR,8.7,0.0831,0
110.5,11.1,7.3,0,5.7,EXPRESS,27.68,22.54,RAIN,15.6,0.2315,0
67.6,14.9,4.3,0,18.1,PASSENGER,26.05,13.48,RAIN,22.0,0.2022,0
145.5,1.9,2.6,0,26.7,EXPRESS,38.26,4.16,STORM,3.9,0.092,0
32.8,7.1,0.1,1,7.8,FREIGHT,34.7,9.99,CLEAR,19.2,0.6026,1
95.7,3.9,1.8,0,13.2,EXPRESS,5.71,9.03,CLEAR,4.9,0.2702,0
110.9,6.4,2.5,1,12.3,EXPRESS,18.38,20.05,CLEAR,13.2,0.5564,0
126.0,8.8,3.0,0,4.0,EXPRESS,18.46,2.89,CLEAR,11.8,0.1498,0
118.4,14.1,11.9,1,13.6,EXPRESS,18.53,10.32,FOG,24.0,0.766,1
32.0,0.9,0.5,0,15.2,FREIGHT,37.26,17.07,CLEAR,6.9,0.0678,0
157.0,3.6,3.3,1,2.3,EXPRESS,13.42,8.96,RAIN,8.1,0.6049,1
72.9,7.0,2.1,0,15.4,FREIGHT,24.76,8.58,RAIN,11.9,0.1024,0
42.6,23.0,20.8,1,4.2,FREIGHT,35.9,8.17,CLEAR,34.1,0.9311,0
96.6,10.7,8.9,0,26.9,PASSENGER,2.5,18.29,RAIN,15.6,0.1764,0
88.9,3.6,2.6,0,20.0,PASSENGER,35.2,2.86,CLEAR,9.4,0.0649,0
71.9,27.0,36.4,1,3.1,PASSENGER,30.72,20.56,CLEAR,39.8,0.9387,1
108.4,7.7,3.2,0,25.1,EXPRESS,8.71,1.7,STORM,15.0,0.1721,1
84.6,4.7,0.8,1,11.8,PASSENGER,13.36,7.66,CLEAR,10.7,0.4362,1
119.3,7.5,3.7,0,7.9,EXPRESS,12.77,9.34,CLEAR,10.9,0.1198,0
110.4,2.5,1.2,1,8.7,EXPRESS,9.24,9.45,CLEAR,10.7,0.6505,1
100.4,4.8,4.6,0,18.5,PASSENGER,25.72,4.5,RAIN,8.4,0.1457,0
84.1,14.4,12.5,1,3.8,PASSENGER,39.32,14.48,STORM,31.5,0.7618,1
59.5,10.9,6.9,1,3.2,FREIGHT,7.08,10.89,FOG,27.4,0.8494,0
103.2,3.6,1.4,0,19.4,EXPRESS,9.67,13.62,CLEAR,2.8,0.0551,0
54.0,11.8,1.6,0,29.5,FREIGHT,11.97,14.76,FOG,20.0,0.2306,0
112.3,0.3,0.3,1,15.3,EXPRESS,37.53,4.59,CLEAR,4.8,0.4762,1
126.8,20.3,1.5,1,13.3,EXPRESS,25.22,22.09,CLEAR,22.5,0.5407,1
144.7,3.9,0.4,0,28.5,EXPRESS,8.9,19.92,CLEAR,1.1,0.0981,0
98.4,9.0,3.1,1,8.4,PASSENGER,32.26,19.88,CLEAR,15.7,0.6919,0
114.8,5.8,5.5,1,8.4,EXPRESS,36.95,12.76,FOG,16.9,0.4248,0
94.7,7.0,6.3,0,27.3,PASSENGER,16.44,19.68,STORM,12.8,0.1949,0
72.4,5.2,0.3,1,19.9,FREIGHT,7.33,15.06,CLEAR,9.8,0.5708,1
91.3,6.3,1.9,1,3.0,PASSENGER,12.74,10.81,CLEAR,14.5,0.6582,0
67.4,2.3,1.5,0,20.7,PASSENGER,9.08,18.06,STORM,14.6,0.1287,0
60.6,1.5,0.5,0,24.9,FREIGHT,8.46,14.4,RAIN,6.2,0.1324,0
65.2,5.4,2.0,0,9.3,PASSENGER,7.25,0.05,CLEAR,9.4,0.1344,0
103.6,9.8,1.6,1,12.4,PASSENGER,35.1,23.93,CLEAR,17.6,0.5617,1
126.2,5.1,4.5,1,7.1,EXPRESS,3.89,10.32,FOG,16.3,0.6744,0
47.3,9.4,9.7,0,19.6,FREIGHT,16.83,13.72,CLEAR,17.6,0.191,1
62.9,10.1,2.7,0,20.4,PASSENGER,1.08,9.74,FOG,18.0,0.7474,0
116.7,9.9,6.2,0,3.5,EXPRESS,12.09,2.41,CLEAR,14.4,0.1305,0
153.2,2.1,0.7,1,20.8,EXPRESS,28.42,20.02,FOG,6.4,0.2499,1
30.9,8.8,10.1,1,20.3,FREIGHT,8.51,16.38,CLEAR,23.0,0.7682,1
123.2,4.4,0.7,1,2.5,EXPRESS,39.95,19.88,STORM,15.4,0.7111,1
71.9,2.2,1.0,0,17.3,FREIGHT,2.41,11.61,CLEAR,9.7,0.1765,0
117.6,0.8,0.5,0,19.0,EXPRESS,5.89,19.0,STORM,9.1,0.1131,1
81.4,4.1,1.7,1,13.8,PASSENGER,31.58,19.15,CLEAR,13.4,0.5222,1
130.5,5.8,3.6,0,27.2,EXPRESS,39.05,8.07,CLEAR,4.5,0.135,0
83.1,17.7,19.9,0,10.9,PASSENGER,38.18,0.1,STORM,29.7,0.3365,0
37.6,8.7,7.1,1,3.4,FREIGHT,32.03,20.63,RAIN,23.9,0.8461,0
60.9,5.4,2.2,1,20.6,PASSENGER,38.93,4.43,RAIN,15.1,0.5834,0
90.5,5.1,3.9,1,18.7,PASSENGER,33.71,20.85,CLEAR,13.7,0.5318,0
154.5,4.6,4.4,0,29.7,EXPRESS,2.79,14.84,CLEAR,0.0,0.1678,0
97.4,10.2,7.8,1,8.1,EXPRESS,33.9,15.23,CLEAR,19.5,0.5821,0
104.8,6.3,6.0,0,12.8,EXPRESS,19.61,5.93,FOG,9.5,0.1876,1
78.5,7.2,3.8,0,14.6,PASSENGER,18.54,9.66,CLEAR,12.3,0.1037,1
146.6,15.3,5.0,0,26.1,EXPRESS,0.6,7.49,RAIN,10.8,0.7508,1
108.8,7.7,6.2,0,13.3,EXPRESS,25.0,4.57,RAIN,10.1,0.1895,0
104.1,1.6,0.6,0,23.5,PASSENGER,27.03,17.39,CLEAR,4.1,0.0681,0
62.7,1.4,1.0,0,6.0,PASSENGER,31.73,2.3,FOG,12.3,0.1072,1
107.0,5.8,5.2,1,13.2,PASSENGER,13.38,12.29,RAIN,12.4,0.5781,0
129.3,10.7,8.5,1,5.9,EXPRESS,5.56,12.86,RAIN,15.8,0.8132,1
136.1,3.0,2.4,0,28.6,EXPRESS,17.87,22.93,RAIN,5.6,0.0765,0
46.5,22.5,17.6,1,6.6,FREIGHT,14.81,20.87,CLEAR,38.2,0.8745,1
144.7,8.1,1.1,1,13.4,EXPRESS,30.25,11.8,CLEAR,8.5,0.4713,1
37.5,8.8,2.4,1,3.8,FREIGHT,9.56,20.26,RAIN,17.7,0.7736,1
32.2,4.3,2.1,0,27.8,FREIGHT,5.96,18.97,RAIN,16.0,0.3264,0
79.8,14.3,12.0,1,19.3,PASSENGER,17.89,0.67,CLEAR,22.5,0.7541,1
149.8,6.7,1.5,0,28.9,EXPRESS,25.31,22.13,STORM,7.6,0.1108,0
64.0,2.5,2.9,1,2.7,FREIGHT,11.6,16.51,FOG,17.9,0.5948,1
85.9,1.5,0.9,0,6.5,PASSENGER,5.02,16.13,RAIN,11.0,0.1819,1
88.6,5.3,3.3,1,12.3,PASSENGER,17.85,17.12,CLEAR,14.3,0.4555,0
99.1,10.3,8.8,0,19.2,EXPRESS,38.49,5.39,CLEAR,14.3,0.1457,0
148.8,3.2,1.6,1,10.9,EXPRESS,38.71,0.7,CLEAR,6.4,0.4182,1
145.1,7.8,7.5,0,21.8,EXPRESS,28.49,5.56,CLEAR,7.5,0.1582,0
92.8,11.7,10.9,1,6.2,PASSENGER,31.2,19.07,RAIN,25.2,0.7015,1
83.3,6.2,0.3,0,18.6,PASSENGER,8.54,14.34,CLEAR,7.0,0.126,0
157.5,6.4,6.4,1,12.8,EXPRESS,15.3,8.67,RAIN,12.0,0.7371,1
104.0,2.2,1.3,0,16.0,PASSENGER,24.39,5.8,RAIN,5.4,0.1331,0
135.1,2.6,0.9,0,17.7,EXPRESS,30.14,19.2,CLEAR,1.6,0.0407,0
78.6,4.4,4.1,0,3.2,PASSENGER,7.08,10.99,CLEAR,8.3,0.1885,0
57.8,9.5,5.5,0,27.8,FREIGHT,18.58,14.68,CLEAR,15.3,0.1272,0
130.3,2.8,2.3,0,23.9,EXPRESS,6.93,0.3,RAIN,5.1,0.133,0
117.6,2.9,0.2,0,14.1,EXPRESS,25.52,10.32,CLEAR,3.0,0.0657,0
111.5,14.2,10.8,0,17.1,EXPRESS,31.0,0.37,FOG,21.4,0.1398,0
80.4,10.0,5.9,1,2.4,PASSENGER,33.42,18.9,CLEAR,21.0,0.7506,0
88.7,2.5,1.4,1,15.7,PASSENGER,29.43,5.98,CLEAR,5.8,0.5386,1
49.3,4.7,3.1,1,13.7,FREIGHT,6.79,4.01,CLEAR,16.6,0.6248,1
108.5,9.9,0.1,1,12.2,EXPRESS,33.22,22.23,CLEAR,12.3,0.5096,1
64.2,5.5,1.9,0,24.7,FREIGHT,13.71,0.43,CLEAR,12.8,0.1126,0
127.2,13.5,3.3,1,6.7,EXPRESS,33.51,4.75,CLEAR,21.2,0.5568,1
63.4,10.5,3.3,1,6.5,PASSENGER,10.41,5.77,CLEAR,22.1,0.6686,0
115.8,3.6,1.1,1,16.4,EXPRESS,19.29,19.75,CLEAR,8.7,0.4295,1
69.8,7.5,6.7,1,21.1,FREIGHT,23.27,17.04,CLEAR,17.9,0.6275,1
97.8,5.9,1.6,1,2.1,PASSENGER,1.87,23.22,CLEAR,14.0,0.9067,1
76.2,6.4,3.9,0,17.1,PASSENGER,36.2,16.68,CLEAR,11.5,0.1394,0
72.2,3.7,1.4,1,10.0,FREIGHT,20.71,5.67,CLEAR,11.1,0.4835,0
95.4,6.1,2.5,0,23.1,EXPRESS,8.09,4.0,CLEAR,11.8,0.0653,0
157.3,4.0,1.0,1,14.9,EXPRESS,6.85,18.13,STORM,9.3,0.623,0
41.1,7.0,4.5,0,25.3,FREIGHT,27.62,21.62,CLEAR,10.3,0.1807,0
90.6,3.5,2.5,1,12.8,EXPRESS,3.73,21.88,RAIN,12.2,0.7287,1
120.4,0.3,0.1,0,25.1,EXPRESS,17.87,18.51,CLEAR,1.8,0.0625,0
77.9,6.1,0.1,1,21.9,PASSENGER,21.84,19.06,CLEAR,18.2,0.4494,0
87.0,8.6,2.9,0,25.1,PASSENGER,9.71,15.9,FOG,12.5,0.1202,0
145.8,3.7,0.9,0,24.7,EXPRESS,5.6,17.66,CLEAR,1.8,0.1315,0
149.0,4.9,4.0,0,15.4,EXPRESS,19.88,2.79,CLEAR,3.3,0.056,0
118.1,3.1,2.4,0,12.0,EXPRESS,13.94,7.9,CLEAR,2.0,0.124,0
81.5,4.8,4.8,0,23.3,PASSENGER,6.04,10.99,CLEAR,6.5,0.1142,0
36.7,17.7,13.7,0,11.8,FREIGHT,8.81,15.94,RAIN,23.0,0.3095,0
32.1,4.1,3.4,1,4.0,FREIGHT,19.1,10.02,RAIN,22.5,0.8311,1
92.1,7.0,7.0,0,26.0,PASSENGER,5.76,9.0,RAIN,9.9,0.1201,0
94.5,8.3,6.3,1,12.8,EXPRESS,37.48,13.53,CLEAR,11.4,0.4367,0
63.0,17.1,11.5,1,5.3,FREIGHT,31.13,9.47,RAIN,28.3,0.8918,1
87.0,10.8,1.1,0,19.9,PASSENGER,13.36,1.74,RAIN,16.5,0.1777,1
103.9,10.3,7.9,0,26.9,EXPRESS,10.71,23.27,RAIN,14.5,0.1878,1
54.3,13.8,10.6,0,26.0,FREIGHT,35.03,22.23,CLEAR,20.5,0.2111,1
69.1,16.7,2.2,1,17.3,PASSENGER,17.36,0.94,RAIN,28.5,0.6493,1
81.9,9.7,1.7,1,4.0,PASSENGER,34.58,12.7,RAIN,21.9,0.6412,0
100.0,14.7,13.7,0,21.4,PASSENGER,29.83,17.11,CLEAR,12.1,0.2938,0
122.3,5.3,4.4,1,18.9,EXPRESS,4.14,14.64,RAIN,10.8,0.6341,0
100.4,3.2,2.2,0,7.5,EXPRESS,32.64,8.48,FOG,9.8,0.1076,1
96.2,7.2,7.1,0,27.2,PASSENGER,21.83,19.28,CLEAR,10.2,0.1727,1
103.1,3.1,1.6,1,4.0,EXPRESS,27.27,14.75,CLEAR,12.1,0.488,1
96.9,1.9,0.9,1,12.1,PASSENGER,9.15,5.73,RAIN,15.8,0.5742,0
84.0,8.5,3.5,1,4.2,PASSENGER,0.51,14.67,CLEAR,15.5,0.9769,1
82.7,3.5,3.8,0,27.5,PASSENGER,13.68,6.59,CLEAR,2.6,0.0948,0
102.6,10.0,7.9,1,2.5,PASSENGER,8.03,14.3,RAIN,15.9,0.6549,1
95.4,3.6,2.7,1,13.6,PASSENGER,17.69,18.34,CLEAR,12.6,0.5697,1
31.5,9.2,7.6,0,26.1,FREIGHT,4.09,7.26,CLEAR,16.5,0.4021,1
74.8,4.7,1.7,1,8.7,PASSENGER,35.85,6.78,FOG,13.6,0.6092,1
151.0,6.3,3.9,1,4.5,EXPRESS,5.19,17.44,CLEAR,9.7,0.6448,1
91.3,1.4,1.1,1,5.1,EXPRESS,30.69,12.2,CLEAR,9.0,0.507,0
128.2,3.6,2.2,1,13.0,EXPRESS,37.6,3.33,RAIN,8.9,0.4941,0
140.9,11.0,8.8,0,13.7,EXPRESS,6.36,13.1,CLEAR,6.3,0.1601,0
133.5,3.4,1.1,0,22.0,EXPRESS,14.19,15.92,CLEAR,3.7,0.1418,0
143.2,8.5,7.5,1,8.3,EXPRESS,29.38,11.79,CLEAR,13.9,0.5889,1
96.3,3.8,1.5,0,21.5,PASSENGER,28.72,14.98,CLEAR,6.1,0.0853,0
61.1,0.5,0.2,0,30.0,FREIGHT,1.98,8.76,CLEAR,5.4,0.2455,0
147.5,1.7,0.5,0,26.1,EXPRESS,3.29,21.07,RAIN,1.6,0.1182,0
92.3,8.8,6.2,0,19.6,PASSENGER,5.25,5.76,CLEAR,11.5,0.1602,1
80.1,3.1,1.4,0,28.3,PASSENGER,22.94,6.75,CLEAR,2.9,0.1018,0
123.0,5.4,4.8,0,29.7,EXPRESS,2.67,18.57,CLEAR,4.0,0.1776,0
62.3,7.4,5.4,1,17.8,FREIGHT,23.74,1.39,RAIN,19.0,0.6792,1
103.8,5.8,1.9,1,9.3,PASSENGER,14.03,23.7,CLEAR,10.7,0.5094,0
109.1,4.2,2.9,0,27.6,EXPRESS,26.94,15.1,CLEAR,7.1,0.0971,0
77.1,3.3,2.3,0,25.6,PASSENGER,31.39,19.38,CLEAR,4.4,0.115,0
155.2,14.7,13.2,1,3.9,EXPRESS,31.76,14.01,CLEAR,23.8,0.7998,1
88.9,12.1,1.7,0,28.2,PASSENGER,1.99,18.87,CLEAR,17.6,0.165,0
102.5,1.8,0.9,1,11.9,EXPRESS,37.91,10.42,CLEAR,7.8,0.4631,0
59.9,5.1,2.0,1,10.7,FREIGHT,23.67,13.84,STORM,17.4,0.7488,1
109.5,11.7,5.0,1,11.3,PASSENGER,35.88,15.89,CLEAR,16.1,0.5054,1
101.2,7.6,5.4,0,10.6,PASSENGER,24.8,21.65,CLEAR,12.4,0.17,0
142.2,9.7,11.6,0,16.2,EXPRESS,19.62,0.83,CLEAR,8.7,0.1491,0
70.4,14.0,9.6,0,18.0,PASSENGER,29.32,2.61,CLEAR,19.1,0.1629,0
103.8,1.8,1.5,0,13.6,PASSENGER,9.17,16.58,CLEAR,3.9,0.1094,0
86.3,3.9,2.7,0,13.3,PASSENGER,4.58,8.26,CLEAR,8.4,0.1842,0
104.5,5.9,6.2,0,22.5,PASSENGER,4.07,16.27,CLEAR,8.9,0.083,0
76.5,8.8,11.2,1,1.6,PASSENGER,34.04,5.47,CLEAR,21.9,0.8886,1
32.8,2.7,1.9,1,28.5,FREIGHT,36.54,15.08,CLEAR,17.4,0.4028,0
83.8,6.2,2.6,0,21.9,PASSENGER,32.67,11.47,RAIN,11.7,0.0812,0
42.1,19.4,10.3,0,21.7,FREIGHT,36.23,2.95,CLEAR,27.6,0.3857,0
62.2,3.3,2.0,1,13.5,FREIGHT,39.4,22.31,CLEAR,12.6,0.5869,0
107.9,2.5,2.9,0,29.0,PASSENGER,21.28,19.01,CLEAR,3.7,0.0696,0
138.4,14.5,10.6,1,1.5,EXPRESS,6.58,18.75,FOG,30.8,0.9339,0
104.3,9.4,7.3,1,3.7,PASSENGER,24.51,16.73,RAIN,19.0,0.7342,1
50.4,5.3,1.3,0,24.4,FREIGHT,14.48,0.51,FOG,16.2,0.1774,0
144.0,4.7,1.8,0,22.6,EXPRESS,14.18,12.11,CLEAR,0.0,0.0335,0
102.2,8.7,2.0,1,9.2,PASSENGER,29.25,18.02,RAIN,17.0,0.4983,0
62.0,13.5,11.0,0,18.5,FREIGHT,4.08,5.2,RAIN,19.5,0.2942,1
125.5,35.1,30.8,0,16.7,EXPRESS,1.98,14.77,RAIN,40.7,0.5926,0
91.3,9.0,6.7,0,16.5,PASSENGER,27.96,22.31,RAIN,12.0,0.1843,1
139.0,4.4,3.0,0,18.5,EXPRESS,10.8,18.07,CLEAR,2.5,0.0942,0
107.7,7.8,0.0,0,29.8,EXPRESS,15.73,13.14,CLEAR,9.1,0.1477,0
100.5,12.8,5.4,0,29.6,PASSENGER,12.65,7.44,RAIN,13.2,0.1455,0
156.5,8.8,2.2,0,29.5,EXPRESS,24.79,15.28,CLEAR,5.6,0.0599,0
122.6,6.3,4.5,1,17.1,EXPRESS,6.6,17.15,RAIN,11.4,0.5229,0
61.5,9.0,4.2,1,10.6,FREIGHT,28.96,15.31,STORM,24.4,0.7564,0
141.6,3.6,2.9,0,17.5,EXPRESS,37.03,18.13,CLEAR,2.3,0.1121,0
59.8,23.5,13.0,1,19.2,FREIGHT,33.53,6.7,RAIN,37.6,0.8185,1
54.6,0.8,0.1,1,10.4,FREIGHT,36.33,12.19,STORM,17.8,0.7078,0
151.7,4.6,5.6,0,19.5,EXPRESS,37.51,13.17,CLEAR,0.4,0.0864,0
121.4,7.8,2.4,0,19.2,EXPRESS,15.21,2.16,CLEAR,5.7,0.1293,0
63.1,9.5,5.6,0,27.2,PASSENGER,31.93,4.24,CLEAR,13.2,0.2259,1
102.2,9.5,5.1,1,8.3,PASSENGER,20.05,7.36,CLEAR,14.8,0.6448,1
137.2,0.5,0.0,0,21.4,EXPRESS,11.16,1.15,RAIN,3.8,0.0657,1
102.5,8.3,1.5,0,14.3,PASSENGER,30.0,5.61,FOG,11.3,0.1544,0
99.7,4.5,0.9,1,5.2,EXPRESS,10.14,12.53,STORM,17.3,0.7158,0
31.4,4.2,0.8,1,10.5,FREIGHT,4.83,13.0,CLEAR,17.4,0.6957,0
155.4,8.5,5.9,1,3.1,EXPRESS,28.33,5.99,RAIN,19.9,0.6239,1
100.3,5.5,1.2,1,10.6,EXPRESS,11.86,22.72,RAIN,13.1,0.7421,1
146.7,4.8,2.9,1,3.5,EXPRESS,12.58,11.21,CLEAR,12.8,0.5815,1
67.0,1.7,1.3,0,27.9,FREIGHT,35.3,15.29,CLEAR,5.4,0.0388,0
95.4,5.2,3.9,1,4.4,PASSENGER,5.85,0.73,RAIN,17.2,0.6537,1
35.9,10.6,5.7,0,24.8,FREIGHT,30.71,9.58,CLEAR,15.6,0.1534,0
136.7,2.1,1.8,0,27.3,EXPRESS,15.76,13.01,FOG,5.8,0.0942,0
152.2,3.8,4.2,0,14.8,EXPRESS,35.77,7.49,CLEAR,1.4,0.0511,0
119.8,9.1,7.8,1,3.0,EXPRESS,17.89,4.11,CLEAR,18.5,0.6619,1
80.7,1.4,0.4,0,18.5,PASSENGER,16.66,4.83,FOG,9.6,0.123,0
82.1,5.3,5.6,1,8.2,PASSENGER,17.48,11.2,CLEAR,15.6,0.4605,0
64.1,8.3,1.8,1,6.5,PASSENGER,33.59,1.7,CLEAR,18.7,0.7024,1
152.4,1.3,0.6,1,17.7,EXPRESS,0.92,5.63,CLEAR,2.7,0.8105,1
69.1,4.8,3.6,1,11.7,FREIGHT,28.34,17.27,CLEAR,15.6,0.5536,0
159.9,2.6,1.2,0,22.3,EXPRESS,8.61,5.15,STORM,2.0,0.1244,0
56.3,10.0,7.8,0,18.4,FREIGHT,35.34,2.81,CLEAR,20.8,0.1716,0
142.6,1.5,0.2,0,25.1,EXPRESS,15.35,2.01,CLEAR,1.2,0.09,0
70.1,7.7,0.5,1,3.2,PASSENGER,13.89,23.73,RAIN,20.4,0.7317,0
136.7,7.2,3.3,0,8.2,EXPRESS,28.65,2.08,CLEAR,7.5,0.156,0
92.5,4.8,4.0,0,17.7,PASSENGER,29.04,10.4,CLEAR,6.1,0.1026,0
105.1,7.9,5.9,0,26.6,PASSENGER,25.53,12.27,CLEAR,8.3,0.1434,0
101.5,3.5,1.4,0,24.7,PASSENGER,13.53,23.15,CLEAR,5.6,0.1019,0
106.9,7.0,8.3,0,20.9,PASSENGER,24.61,21.39,CLEAR,8.2,0.0595,0
103.4,21.8,13.8,1,17.9,PASSENGER,2.64,5.7,FOG,28.3,0.8705,1
103.4,3.1,3.1,0,19.5,PASSENGER,38.23,2.03,CLEAR,4.9,0.0635,0
32.9,9.4,6.4,0,7.6,FREIGHT,18.38,10.51,CLEAR,18.2,0.1933,0
149.2,7.9,3.3,1,18.5,EXPRESS,12.53,2.42,FOG,13.0,0.5111,0
90.4,5.5,0.3,1,15.6,PASSENGER,34.5,20.91,CLEAR,14.3,0.5778,0
79.0,2.5,1.8,1,12.5,PASSENGER,13.3,16.89,CLEAR,11.4,0.6349,1
94.0,2.6,0.4,0,26.8,EXPRESS,39.89,22.65,CLEAR,7.9,0.0436,0
93.9,20.3,20.2,0,25.1,PASSENGER,27.78,13.67,RAIN,29.9,0.3612,0
113.0,6.3,1.2,1,3.7,EXPRESS,26.16,8.75,CLEAR,12.8,0.6423,1
122.7,6.3,4.5,0,29.6,EXPRESS,6.5,12.02,CLEAR,4.1,0.2338,0
137.7,2.4,1.5,0,8.1,EXPRESS,24.59,3.86,CLEAR,0.0,0.084,0
153.8,9.0,4.8,1,7.6,EXPRESS,6.63,11.11,CLEAR,11.5,0.4996,1
101.3,2.6,1.1,0,28.4,PASSENGER,31.45,23.97,CLEAR,5.9,0.0454,0
82.5,6.4,6.9,1,14.2,PASSENGER,5.97,16.57,CLEAR,14.3,0.7218,1
47.5,2.5,0.5,0,24.5,FREIGHT,14.67,1.5,FOG,11.5,0.1144,0
72.0,11.6,10.1,1,9.7,PASSENGER,19.33,17.42,RAIN,21.7,0.7612,1
116.1,18.5,8.3,1,26.4,EXPRESS,32.31,2.42,FOG,24.9,0.7291,0
35.0,7.7,5.1,0,25.2,FREIGHT,25.49,9.38,CLEAR,15.0,0.2214,1
73.7,2.9,0.3,1,16.3,FREIGHT,30.04,18.87,RAIN,14.8,0.373,0
88.7,10.2,1.1,1,21.6,PASSENGER,10.14,3.07,CLEAR,18.2,0.5862,0
66.4,10.5,8.8,0,29.0,PASSENGER,9.87,7.03,STORM,16.3,0.3347,1
45.9,2.0,0.6,0,14.4,FREIGHT,15.53,4.69,CLEAR,9.8,0.144,0
87.4,1.3,0.8,1,15.6,PASSENGER,1.24,20.88,CLEAR,10.3,0.8322,1
54.0,11.1,3.5,0,22.1,FREIGHT,33.31,3.55,FOG,18.7,0.1213,0
92.5,6.3,1.4,0,12.5,EXPRESS,15.11,12.86,CLEAR,7.9,0.107,0
156.6,2.2,1.1,0,28.9,EXPRESS,3.17,6.61,RAIN,2.2,0.1384,0
73.8,5.8,3.9,1,2.7,PASSENGER,34.95,12.17,CLEAR,17.3,0.7787,1
60.8,9.8,2.1,0,13.0,PASSENGER,38.73,4.02,RAIN,15.3,0.3285,0
33.4,3.1,0.7,0,21.8,FREIGHT,26.04,18.18,CLEAR,14.5,0.2008,0
56.1,5.5,3.4,0,13.7,FREIGHT,14.59,15.43,CLEAR,12.2,0.1762,0
99.6,4.9,2.2,0,8.9,EXPRESS,16.84,1.04,CLEAR,6.2,0.1257,0
92.9,9.3,6.0,1,13.3,EXPRESS,10.62,22.74,FOG,21.0,0.6917,0
47.1,8.8,0.5,0,26.6,FREIGHT,28.6,21.43,FOG,17.7,0.2528,0
91.1,9.7,4.4,0,17.1,PASSENGER,14.56,7.15,RAIN,14.3,0.1626,1
97.8,11.3,2.6,0,11.1,EXPRESS,1.78,7.01,RAIN,16.0,0.3191,0
75.7,7.1,2.3,0,20.6,PASSENGER,2.32,11.98,CLEAR,9.6,0.228,0
80.9,1.0,1.2,0,18.9,PASSENGER,24.78,14.86,CLEAR,5.3,0.0643,0
68.0,0.5,0.1,0,17.5,PASSENGER,11.97,6.98,RAIN,5.0,0.0575,0
85.3,13.9,8.5,0,12.6,PASSENGER,7.16,19.09,RAIN,20.2,0.1515,0
96.0,1.8,1.8,1,3.6,EXPRESS,22.32,1.88,CLEAR,10.8,0.5668,0
32.1,9.1,5.1,0,19.2,FREIGHT,11.5,9.55,FOG,17.7,0.1586,0
86.0,17.7,13.3,0,13.5,PASSENGER,3.4,13.34,CLEAR,21.0,0.2676,1
72.4,6.2,3.7,0,13.7,PASSENGER,8.15,19.19,RAIN,12.5,0.1854,0
96.7,3.4,2.3,1,8.2,EXPRESS,31.23,20.92,CLEAR,12.7,0.4322,0
81.2,2.3,1.4,0,8.6,PASSENGER,34.15,5.87,CLEAR,8.9,0.0642,0
154.1,13.3,12.2,0,23.9,EXPRESS,34.95,5.79,RAIN,14.8,0.1208,0
140.7,8.8,5.2,1,15.2,EXPRESS,21.63,8.84,CLEAR,13.1,0.6376,1
100.8,6.1,4.9,1,4.6,PASSENGER,38.06,10.26,STORM,21.1,0.7748,0
151.0,11.3,2.5,1,2.8,EXPRESS,6.49,20.36,CLEAR,14.6,0.6802,1
108.6,7.0,8.4,0,7.9,PASSENGER,27.3,0.18,RAIN,9.0,0.1765,0
143.4,8.9,5.6,1,15.4,EXPRESS,28.32,16.44,CLEAR,10.6,0.5412,0
90.4,1.9,1.5,0,19.1,PASSENGER,2.6,5.28,CLEAR,4.9,0.207,1
115.6,6.3,4.1,1,5.6,EXPRESS,11.66,21.18,RAIN,13.8,0.7298,1
102.7,3.6,2.5,0,13.9,EXPRESS,37.99,7.62,CLEAR,5.1,0.0498,0
138.1,0.1,0.0,1,3.6,EXPRESS,30.48,12.9,CLEAR,6.1,0.5306,0
74.8,9.1,7.4,1,2.6,FREIGHT,2.66,7.9,FOG,25.5,0.8989,1
51.0,9.3,0.6,0,26.1,FREIGHT,21.86,10.21,CLEAR,14.5,0.1887,0
140.7,3.9,3.2,1,20.3,EXPRESS,26.12,12.53,CLEAR,6.3,0.3058,0
84.8,2.8,1.8,0,23.8,PASSENGER,38.94,17.94,STORM,9.0,0.092,0
81.6,5.3,1.9,1,6.7,PASSENGER,28.8,2.9,STORM,19.0,0.691,0
48.5,9.8,2.9,1,10.7,FREIGHT,25.73,8.45,CLEAR,15.9,0.6212,1
125.3,28.8,26.2,0,14.1,EXPRESS,36.39,15.35,RAIN,33.7,0.4606,1
78.3,3.0,2.4,1,20.3,PASSENGER,26.61,14.13,RAIN,13.0,0.3715,0
142.4,0.7,0.9,1,16.7,EXPRESS,37.32,18.74,CLEAR,7.6,0.4905,0
151.2,4.9,4.3,0,17.2,EXPRESS,19.96,21.34,RAIN,7.3,0.1104,0
69.7,1.7,1.2,1,6.0,FREIGHT,28.88,2.26,RAIN,14.3,0.5784,1
71.4,1.8,0.5,0,15.0,PASSENGER,25.45,17.13,CLEAR,5.2,0.0843,0
152.7,2.0,0.2,0,25.0,EXPRESS,22.32,6.82,RAIN,0.3,0.0532,0
113.9,2.1,0.1,0,16.0,EXPRESS,13.3,11.55,CLEAR,6.0,0.0638,0
75.5,2.4,2.5,1,7.2,PASSENGER,36.2,15.07,RAIN,14.4,0.6874,1
96.3,4.8,2.5,0,13.3,PASSENGER,11.17,3.61,RAIN,6.1,0.1288,1
111.3,0.7,0.9,0,23.0,EXPRESS,6.8,8.32,FOG,4.2,0.1207,1
32.4,8.7,6.9,1,5.3,FREIGHT,28.63,23.43,FOG,27.8,0.8509,1
116.2,2.2,0.6,0,18.0,EXPRESS,22.09,3.27,FOG,8.0,0.08,0
140.5,14.5,11.1,0,29.0,EXPRESS,10.88,2.0,RAIN,15.6,0.2236,0
44.7,9.8,4.0,0,12.3,FREIGHT,34.88,20.08,RAIN,20.2,0.2009,1
134.1,0.8,0.1,1,2.7,EXPRESS,11.81,10.34,CLEAR,4.7,0.5574,1
136.2,20.6,14.8,1,19.5,EXPRESS,3.02,16.19,CLEAR,23.0,0.8173,1
96.7,3.9,1.7,1,2.8,PASSENGER,1.11,7.34,CLEAR,12.8,0.9129,1
70.4,3.9,2.7,1,7.0,FREIGHT,36.95,4.76,RAIN,14.2,0.6285,1
120.3,4.3,1.5,1,2.9,EXPRESS,16.39,5.1,CLEAR,12.9,0.5505,1
37.5,6.4,5.9,1,6.4,FREIGHT,8.93,4.69,CLEAR,20.8,0.7619,1
75.9,2.4,3.0,0,25.9,PASSENGER,22.9,5.93,CLEAR,7.6,0.0628,0
120.3,1.9,0.6,0,22.4,EXPRESS,19.77,5.31,CLEAR,0.1,0.0587,0
95.7,2.1,0.5,1,11.2,PASSENGER,39.99,19.53,FOG,15.7,0.5607,1
90.9,6.6,5.8,0,27.1,EXPRESS,35.6,12.8,CLEAR,10.1,0.1149,0
75.8,4.5,1.2,0,20.5,PASSENGER,11.21,7.12,CLEAR,4.9,0.0764,1
99.0,0.8,0.7,0,14.3,PASSENGER,28.06,8.28,CLEAR,0.8,0.0846,0
60.2,13.5,3.1,1,3.4,FREIGHT,15.79,22.99,CLEAR,22.4,0.7476,1
141.2,6.2,7.3,0,22.3,EXPRESS,14.9,4.41,STORM,14.3,0.2363,0
100.6,2.6,1.5,0,12.2,PASSENGER,15.0,21.28,CLEAR,3.1,0.1054,0
99.2,8.7,1.5,0,10.1,PASSENGER,25.75,17.68,CLEAR,8.2,0.0826,0
137.8,8.5,8.1,1,9.7,EXPRESS,21.75,14.72,CLEAR,15.1,0.5923,0
120.8,15.1,0.7,1,1.7,EXPRESS,30.32,14.98,RAIN,25.2,0.7668,1
158.9,3.7,4.3,0,22.7,EXPRESS,6.54,10.15,CLEAR,0.2,0.1075,1
88.5,14.6,14.0,1,5.6,PASSENGER,17.3,10.53,CLEAR,24.9,0.7789,1
70.1,8.2,8.3,1,16.3,PASSENGER,34.48,19.11,STORM,22.7,0.7556,1
110.5,2.0,0.3,1,2.0,EXPRESS,0.62,19.46,CLEAR,12.3,0.9312,1
61.2,3.5,1.7,0,19.4,FREIGHT,25.13,13.71,FOG,10.9,0.113,0
71.6,0.9,0.7,1,12.0,FREIGHT,31.54,18.45,CLEAR,11.1,0.465,1
68.9,14.6,13.4,0,19.5,PASSENGER,15.66,19.44,CLEAR,19.7,0.1952,0
95.8,14.8,19.2,1,4.1,EXPRESS,35.4,7.97,RAIN,25.3,0.789,1
104.1,2.1,1.2,1,9.1,PASSENGER,29.56,14.96,CLEAR,10.7,0.3708,0
154.1,12.9,5.0,1,4.6,EXPRESS,24.44,10.46,CLEAR,15.8,0.684,1
109.3,11.8,8.3,0,19.9,EXPRESS,8.33,2.35,RAIN,16.5,0.1592,0
78.9,5.6,1.2,1,4.6,PASSENGER,26.97,15.56,CLEAR,15.8,0.5608,1
136.2,1.8,0.9,0,19.1,EXPRESS,33.43,14.1,FOG,3.8,0.0949,0
113.1,0.3,0.1,1,5.3,EXPRESS,29.33,2.46,CLEAR,9.4,0.2671,0
151.4,5.1,2.4,0,28.4,EXPRESS,23.21,1.7,RAIN,4.7,0.0557,0
97.5,12.6,10.3,0,13.4,EXPRESS,28.73,5.99,CLEAR,16.2,0.2577,0
92.7,18.8,10.5,1,5.1,EXPRESS,39.09,20.0,CLEAR,26.0,0.6494,0
39.4,2.9,0.6,1,2.7,FREIGHT,0.93,1.53,STORM,21.2,0.9735,1
110.0,2.1,1.0,0,10.9,EXPRESS,26.73,11.05,CLEAR,4.0,0.1092,0
97.9,2.5,2.4,0,26.9,EXPRESS,31.82,4.3,RAIN,4.5,0.0902,0
94.6,8.7,6.8,1,5.6,EXPRESS,25.74,6.09,CLEAR,17.2,0.7427,1
64.0,5.9,4.3,0,24.0,FREIGHT,11.29,18.48,CLEAR,11.2,0.1668,1
68.2,9.5,3.2,1,13.4,PASSENGER,33.0,20.41,CLEAR,16.0,0.6023,1
154.0,6.0,4.0,0,24.4,EXPRESS,36.58,13.93,RAIN,7.7,0.1116,0
46.6,6.5,0.5,0,26.4,FREIGHT,27.5,20.72,CLEAR,14.8,0.1643,0
136.9,4.8,2.9,0,29.9,EXPRESS,20.69,20.56,CLEAR,6.4,0.0956,0
105.8,29.3,21.8,1,3.4,EXPRESS,14.97,5.32,CLEAR,37.1,0.9299,1
106.8,1.6,0.4,0,24.2,EXPRESS,13.54,15.48,CLEAR,3.3,0.1299,0
130.2,4.7,3.3,1,3.5,EXPRESS,29.07,18.68,CLEAR,10.2,0.6853,1
129.2,1.6,1.6,1,10.5,EXPRESS,24.48,13.47,CLEAR,7.8,0.4124,1
98.4,6.0,3.5,0,19.9,PASSENGER,6.7,19.34,CLEAR,7.7,0.0986,0
143.0,5.8,3.8,1,14.2,EXPRESS,6.07,15.09,CLEAR,9.5,0.5691,0
93.5,8.7,3.9,1,17.6,PASSENGER,3.31,6.83,CLEAR,16.1,0.8232,1
121.4,13.3,8.6,0,29.0,EXPRESS,27.5,16.45,RAIN,12.6,0.1141,1
152.3,5.8,2.2,0,24.8,EXPRESS,12.92,14.11,CLEAR,3.1,0.0859,0
91.1,2.9,3.3,1,11.9,PASSENGER,1.3,15.0,CLEAR,12.6,0.794,1
74.6,7.0,0.0,0,18.6,FREIGHT,13.84,2.29,CLEAR,17.8,0.0872,0
147.4,6.8,7.0,1,2.9,EXPRESS,33.37,3.02,CLEAR,8.9,0.6601,1
62.2,6.6,1.4,1,14.4,PASSENGER,10.28,19.55,CLEAR,14.4,0.5382,1
112.4,7.3,7.6,0,18.8,EXPRESS,25.53,10.35,CLEAR,7.7,0.1129,0
130.0,6.9,1.4,0,21.9,EXPRESS,17.87,5.17,CLEAR,3.3,0.0893,0
140.5,1.9,0.0,0,27.2,EXPRESS,22.18,2.22,CLEAR,4.3,0.0683,1
128.5,4.0,0.8,1,9.6,EXPRESS,24.03,6.31,CLEAR,8.3,0.3864,1
145.0,18.9,19.1,0,27.2,EXPRESS,18.47,7.08,RAIN,19.4,0.229,0
109.8,6.1,1.7,0,20.4,EXPRESS,2.79,23.59,CLEAR,8.1,0.1687,0
69.2,1.4,0.5,1,3.7,PASSENGER,22.92,20.03,CLEAR,11.1,0.5727,1
93.8,4.5,0.6,0,12.3,EXPRESS,16.2,1.88,CLEAR,8.3,0.0992,0
88.7,2.5,1.7,0,15.1,PASSENGER,8.4,17.96,CLEAR,4.5,0.126,0
138.2,4.0,0.2,1,11.5,EXPRESS,35.91,13.53,RAIN,11.6,0.3839,0
76.3,3.4,3.2,1,4.8,PASSENGER,29.57,5.48,CLEAR,13.7,0.55,0
90.7,2.3,1.1,0,17.2,PASSENGER,11.72,17.92,CLEAR,7.9,0.0685,0
93.7,7.9,3.3,1,5.3,EXPRESS,21.79,0.72,CLEAR,16.9,0.5188,0
97.0,5.9,0.7,0,27.6,EXPRESS,38.54,17.56,CLEAR,2.7,0.0973,1
95.1,6.2,2.5,0,26.2,PASSENGER,10.2,21.49,RAIN,7.2,0.13,0
46.6,11.5,4.1,0,15.0,FREIGHT,37.92,21.18,RAIN,21.9,0.1679,0
137.0,0.8,0.3,1,3.4,EXPRESS,27.49,18.54,RAIN,7.3,0.5012,0
148.2,3.4,2.3,1,17.2,EXPRESS,21.86,22.43,CLEAR,2.6,0.3319,0
68.4,2.8,1.6,0,18.4,FREIGHT,39.34,16.98,RAIN,7.9,0.1442,0
102.1,2.5,1.2,0,26.8,EXPRESS,13.68,16.48,CLEAR,3.5,0.0801,0
84.3,4.5,4.2,1,3.4,PASSENGER,11.49,0.63,CLEAR,17.1,0.5209,1
141.4,8.6,4.0,0,21.2,EXPRESS,13.91,4.18,RAIN,6.7,0.1299,0
144.2,5.2,4.5,0,17.5,EXPRESS,30.16,18.75,CLEAR,3.7,0.0703,0
99.2,2.0,0.8,1,6.5,PASSENGER,13.81,23.94,CLEAR,11.7,0.458,0
71.4,3.8,1.5,1,5.0,PASSENGER,4.56,17.28,RAIN,14.3,0.7739,1
103.5,1.4,1.1,0,21.3,EXPRESS,25.95,13.92,CLEAR,1.5,0.0686,0
89.5,5.0,3.5,1,11.2,PASSENGER,9.31,4.4,CLEAR,13.5,0.698,1
97.1,2.7,2.8,0,30.0,PASSENGER,0.66,22.75,RAIN,8.1,0.7482,0
76.0,11.5,1.8,1,27.0,PASSENGER,8.37,15.59,CLEAR,18.4,0.7274,1
97.3,6.4,6.9,1,17.6,EXPRESS,32.86,11.74,CLEAR,15.0,0.4382,0
95.8,6.0,0.4,0,19.8,PASSENGER,37.64,20.67,CLEAR,6.6,0.1392,0
75.0,14.3,16.6,1,6.0,PASSENGER,26.65,22.88,RAIN,22.7,0.7541,1
68.3,1.3,0.6,0,27.0,PASSENGER,12.76,8.91,CLEAR,7.5,0.1063,0
67.4,7.7,6.7,1,14.6,PASSENGER,17.74,12.38,CLEAR,15.3,0.7121,1
112.0,5.7,2.1,1,16.4,EXPRESS,8.18,2.76,RAIN,11.3,0.476,0
89.6,18.2,9.0,0,26.4,PASSENGER,35.29,23.04,CLEAR,20.5,0.197,1
77.9,0.8,0.3,1,1.7,PASSENGER,26.79,2.9,RAIN,16.6,0.7179,0
91.4,2.1,2.1,0,15.6,EXPRESS,3.83,22.3,CLEAR,5.0,0.1052,1
64.8,2.9,1.8,1,19.4,PASSENGER,14.99,4.58,CLEAR,11.2,0.3555,1
110.3,27.2,22.4,1,6.0,EXPRESS,21.75,21.81,CLEAR,37.4,0.8934,1
93.0,27.2,19.1,1,3.4,PASSENGER,31.99,10.86,CLEAR,35.6,0.8254,0
96.9,2.9,0.9,0,16.7,EXPRESS,36.86,14.21,CLEAR,4.6,0.0992,0
88.0,6.0,4.5,0,17.1,PASSENGER,5.74,0.85,CLEAR,6.0,0.1379,0
35.4,11.9,3.5,1,10.9,FREIGHT,33.46,9.47,CLEAR,23.2,0.7944,1
70.6,2.2,0.8,0,26.6,PASSENGER,3.1,11.84,CLEAR,9.2,0.1095,0
37.7,4.1,0.8,1,10.1,FREIGHT,10.0,0.23,RAIN,14.3,0.6668,0
33.0,28.8,20.4,0,16.2,FREIGHT,1.33,15.86,CLEAR,34.7,0.8998,1
137.0,3.1,2.7,1,6.8,EXPRESS,3.02,20.13,CLEAR,7.6,0.5982,0
83.2,0.5,0.6,1,1.8,PASSENGER,1.78,0.59,CLEAR,13.4,0.9138,1
101.6,1.4,1.1,1,13.6,PASSENGER,6.27,11.82,CLEAR,8.7,0.4447,0
34.5,11.2,1.4,1,16.5,FREIGHT,35.12,0.81,CLEAR,21.8,0.6863,1
100.1,8.6,3.2,0,23.3,EXPRESS,11.71,20.96,FOG,11.6,0.1251,0
43.8,2.0,1.8,0,14.3,FREIGHT,19.45,3.86,RAIN,13.1,0.1596,1
98.3,6.3,2.7,1,9.4,PASSENGER,19.74,1.4,CLEAR,8.9,0.429,0
75.3,3.9,0.8,1,18.7,PASSENGER,39.81,20.58,CLEAR,14.3,0.4255,1
118.6,1.5,1.8,0,12.4,EXPRESS,14.9,10.67,CLEAR,6.6,0.0717,1
111.1,2.1,0.3,1,8.2,EXPRESS,10.97,2.29,FOG,12.7,0.514,1
64.0,15.9,9.9,0,27.4,PASSENGER,38.55,15.55,CLEAR,19.2,0.2907,1
155.8,1.3,1.0,1,16.8,EXPRESS,23.9,16.93,FOG,7.1,0.4148,0
54.7,12.8,6.4,1,7.2,FREIGHT,11.93,13.64,RAIN,22.4,0.7673,1
145.1,4.9,1.9,0,20.6,EXPRESS,11.86,7.97,RAIN,2.6,0.1831,0
92.9,3.2,2.9,0,24.4,PASSENGER,3.91,10.19,CLEAR,6.9,0.1491,0
126.0,7.7,1.5,0,23.1,EXPRESS,22.5,22.92,FOG,11.0,0.058,0
64.5,5.5,5.4,1,18.6,PASSENGER,29.09,12.82,CLEAR,16.0,0.7128,1
92.1,14.5,8.4,1,16.3,PASSENGER,19.25,9.53,STORM,24.4,0.8348,0
100.9,3.1,1.5,0,23.7,EXPRESS,35.44,17.0,CLEAR,9.6,0.1185,0
119.0,5.1,1.2,0,21.7,EXPRESS,19.62,1.83,RAIN,7.7,0.151,0
134.0,8.4,5.1,0,17.8,EXPRESS,14.18,6.97,CLEAR,7.4,0.1135,0
99.1,2.2,1.0,0,20.2,PASSENGER,10.41,5.44,CLEAR,4.4,0.0557,0
94.3,4.8,4.6,1,6.3,PASSENGER,10.11,16.32,CLEAR,11.8,0.6766,0
93.6,2.5,0.4,1,2.1,PASSENGER,13.0,14.49,CLEAR,10.9,0.524,0
67.5,7.7,4.4,0,28.0,PASSENGER,39.68,18.23,CLEAR,16.9,0.0752,0
77.3,4.8,3.2,0,28.2,PASSENGER,14.75,10.24,CLEAR,6.8,0.1055,0
93.0,15.2,0.5,0,24.0,EXPRESS,21.22,4.17,STORM,19.8,0.2947,0
140.4,7.4,4.7,1,12.1,EXPRESS,11.35,4.39,RAIN,11.7,0.5309,1
156.7,3.1,2.7,1,5.8,EXPRESS,6.17,21.41,RAIN,6.4,0.5572,1
41.9,4.5,1.1,0,11.7,FREIGHT,26.01,1.8,RAIN,12.6,0.3064,1
33.9,3.2,2.0,0,22.2,FREIGHT,22.04,14.26,CLEAR,9.6,0.181,0
123.3,8.1,3.0,1,11.1,EXPRESS,3.18,5.56,RAIN,13.8,0.7462,1
102.8,1.7,0.4,0,24.2,PASSENGER,35.37,5.14,CLEAR,2.7,0.114,0
54.8,16.0,14.2,0,20.7,FREIGHT,20.55,2.36,CLEAR,21.7,0.2903,0
62.3,4.6,4.9,0,19.5,PASSENGER,13.75,23.5,CLEAR,6.9,0.0879,0
158.2,12.9,0.5,0,28.0,EXPRESS,31.28,1.46,CLEAR,7.7,0.0725,0
148.0,10.9,7.8,0,27.0,EXPRESS,4.93,3.55,CLEAR,8.7,0.166,0
66.6,3.1,1.8,0,21.8,PASSENGER,19.21,8.76,RAIN,8.7,0.1031,0
71.5,5.0,4.1,1,7.2,FREIGHT,22.18,10.94,CLEAR,14.2,0.7406,1
82.5,2.6,1.5,0,28.3,PASSENGER,31.12,22.82,RAIN,9.2,0.0905,0
116.0,5.9,5.9,1,8.0,EXPRESS,15.12,5.8,CLEAR,11.2,0.7057,1
122.3,9.8,5.8,1,12.1,EXPRESS,34.27,17.3,CLEAR,16.6,0.5934,0
101.7,3.5,3.6,0,25.1,PASSENGER,28.06,15.75,CLEAR,9.6,0.1117,0
59.7,3.5,1.2,0,7.4,FREIGHT,30.96,12.42,CLEAR,8.0,0.0456,0
63.0,2.8,1.3,0,19.7,PASSENGER,38.78,6.39,RAIN,9.9,0.2143,1
107.9,4.5,2.2,1,14.5,PASSENGER,33.87,3.76,CLEAR,10.9,0.4047,1
100.3,2.0,0.7,0,19.3,EXPRESS,14.2,4.24,RAIN,5.5,0.1347,1
63.6,4.4,1.9,0,28.8,FREIGHT,26.01,8.3,CLEAR,5.7,0.0606,0
91.8,6.5,5.2,0,24.5,PASSENGER,34.81,3.29,RAIN,12.5,0.1954,0
103.1,8.8,8.0,0,9.9,EXPRESS,21.24,23.97,CLEAR,10.6,0.0875,0
68.5,2.3,1.8,1,3.1,PASSENGER,27.47,10.7,CLEAR,16.0,0.532,1
150.9,2.9,1.2,0,29.1,EXPRESS,7.3,12.94,CLEAR,0.5,0.0767,0
119.4,9.5,8.0,0,18.2,EXPRESS,32.73,14.79,CLEAR,12.5,0.1097,0
135.8,12.9,10.0,0,6.4,EXPRESS,30.42,4.7,CLEAR,14.2,0.1618,0
125.3,5.8,2.4,0,19.4,EXPRESS,35.61,11.56,FOG,10.0,0.1327,0
140.9,1.7,0.1,1,2.7,EXPRESS,28.55,1.51,CLEAR,8.7,0.4637,1
84.0,7.1,5.3,1,6.8,PASSENGER,35.14,23.26,CLEAR,15.6,0.6166,1
74.4,9.6,6.9,0,19.5,PASSENGER,6.91,11.35,CLEAR,13.0,0.2819,0
78.2,10.3,0.1,1,13.0,PASSENGER,32.64,0.71,STORM,23.8,0.6076,1
150.1,3.8,4.1,1,10.8,EXPRESS,38.14,14.38,CLEAR,8.4,0.4549,0
122.8,5.1,4.0,1,20.2,EXPRESS,32.71,2.4,CLEAR,9.9,0.5445,1
70.7,2.5,2.1,0,26.2,PASSENGER,24.8,18.96,FOG,11.4,0.0703,0
155.4,6.4,6.2,1,20.8,EXPRESS,37.1,22.88,CLEAR,7.3,0.3743,1
145.8,2.9,2.5,0,14.7,EXPRESS,4.23,22.0,FOG,5.1,0.1901,0
32.5,10.3,5.1,0,20.3,FREIGHT,1.17,10.27,CLEAR,19.5,0.5216,0
109.9,5.4,3.3,0,21.3,PASSENGER,38.63,17.1,CLEAR,7.0,0.0967,0
61.3,1.8,1.3,0,23.6,FREIGHT,27.48,3.74,CLEAR,6.7,0.1033,0
68.0,13.2,4.2,0,10.3,PASSENGER,5.01,1.82,RAIN,20.5,0.1684,0
106.6,6.0,6.0,1,4.8,EXPRESS,13.93,19.71,CLEAR,16.9,0.75,1
94.6,19.5,16.4,0,20.9,PASSENGER,30.08,16.68,RAIN,25.0,0.2632,0
144.6,3.5,2.2,1,5.0,EXPRESS,30.14,21.77,CLEAR,4.6,0.5053,0
72.0,0.6,0.3,0,14.7,PASSENGER,7.21,21.95,RAIN,5.0,0.1128,0
108.0,23.8,19.9,1,8.1,EXPRESS,19.07,8.33,CLEAR,32.9,0.8524,1
43.8,4.8,4.4,0,11.0,FREIGHT,32.39,7.65,CLEAR,11.0,0.1798,0
131.9,19.9,13.2,0,14.9,EXPRESS,38.69,10.61,CLEAR,19.4,0.0898,0
37.7,4.8,0.5,0,27.0,FREIGHT,25.09,15.98,FOG,13.1,0.2149,1
34.7,2.5,1.9,0,20.9,FREIGHT,25.71,0.12,CLEAR,11.5,0.0875,1
93.9,2.9,0.6,1,6.4,PASSENGER,19.04,12.83,RAIN,13.2,0.5044,1
99.0,12.6,8.1,0,26.6,PASSENGER,21.79,0.47,CLEAR,13.1,0.1072,0
85.0,18.0,9.6,1,15.8,PASSENGER,4.41,10.82,CLEAR,26.9,0.7572,1
46.4,4.1,3.1,1,7.3,FREIGHT,14.31,1.97,CLEAR,17.6,0.5964,1
81.6,2.2,0.9,0,16.5,PASSENGER,20.54,13.49,RAIN,8.4,0.0931,0
79.4,7.1,0.6,1,6.9,PASSENGER,11.36,7.54,CLEAR,15.7,0.4529,1
108.0,4.3,4.0,1,12.0,PASSENGER,14.71,11.49,FOG,21.1,0.5963,1
64.6,4.5,3.2,0,24.5,FREIGHT,38.86,22.98,CLEAR,6.5,0.118,0
70.4,9.1,5.3,0,20.3,PASSENGER,0.71,8.18,RAIN,14.2,0.6136,1
79.2,2.4,1.6,1,15.1,PASSENGER,12.45,17.26,CLEAR,10.8,0.4476,1
87.2,4.2,2.3,1,8.0,PASSENGER,23.57,16.4,FOG,17.9,0.5247,1
57.6,5.2,0.1,1,9.5,FREIGHT,11.52,20.85,RAIN,15.9,0.3875,1
83.4,7.5,4.2,0,29.4,PASSENGER,27.22,8.03,CLEAR,12.8,0.1285,0
146.7,4.8,2.5,0,11.3,EXPRESS,12.32,1.35,RAIN,3.7,0.1236,0
98.4,10.6,11.4,0,19.1,PASSENGER,25.71,23.3,FOG,17.5,0.1761,0
52.7,8.8,4.6,0,15.7,FREIGHT,34.07,8.7,CLEAR,16.2,0.0879,0
102.7,7.0,2.3,1,2.2,PASSENGER,26.52,4.65,CLEAR,14.8,0.675,1
63.8,2.3,1.4,0,28.4,FREIGHT,2.47,21.94,CLEAR,8.7,0.1578,1
144.5,11.3,10.6,1,4.0,EXPRESS,31.91,4.57,STORM,24.9,0.8607,1
107.8,4.8,0.1,0,20.3,PASSENGER,8.91,12.69,CLEAR,5.4,0.1408,0
73.3,2.7,1.8,0,24.6,PASSENGER,25.57,18.13,FOG,7.9,0.0932,0
42.0,11.2,12.9,0,22.8,FREIGHT,26.05,17.54,CLEAR,18.2,0.266,0
152.2,6.4,4.8,0,24.6,EXPRESS,32.25,0.71,CLEAR,4.1,0.0633,0
64.8,4.0,3.4,0,22.6,FREIGHT,20.48,4.86,RAIN,12.4,0.1783,0
106.3,2.2,1.0,0,14.2,PASSENGER,15.35,21.32,STORM,7.6,0.1498,0
94.4,13.3,8.1,0,27.0,EXPRESS,20.96,13.28,RAIN,18.2,0.3077,0
133.9,2.8,1.0,0,27.5,EXPRESS,22.06,16.49,CLEAR,3.0,0.0581,0
100.1,3.5,1.3,0,14.0,EXPRESS,32.95,9.65,RAIN,8.0,0.1442,0
85.2,1.4,1.0,0,15.3,PASSENGER,8.6,17.88,RAIN,8.8,0.1748,0
100.9,1.2,0.8,0,15.3,EXPRESS,33.95,6.94,CLEAR,3.9,0.0642,0
99.0,11.2,13.8,1,9.4,EXPRESS,14.95,5.57,RAIN,19.9,0.6092,0
30.5,3.1,4.1,1,4.8,FREIGHT,29.88,23.93,FOG,19.9,0.8057,1
134.1,5.7,4.6,1,9.0,EXPRESS,13.76,3.78,CLEAR,10.3,0.4532,0
115.1,14.8,13.9,0,25.6,EXPRESS,28.5,23.55,STORM,20.7,0.2526,0
65.3,2.3,1.2,1,17.0,PASSENGER,32.07,22.24,CLEAR,8.8,0.4072,0
76.1,13.8,0.0,0,25.7,PASSENGER,22.54,17.15,RAIN,17.4,0.2664,0
68.4,5.5,4.1,0,22.7,PASSENGER,24.97,13.97,CLEAR,10.6,0.1133,0
107.1,8.7,3.2,1,11.4,PASSENGER,28.46,0.11,RAIN,15.8,0.6105,1
76.0,3.3,2.9,1,6.8,PASSENGER,27.69,15.25,CLEAR,12.9,0.5394,0
76.7,1.2,0.3,0,17.7,PASSENGER,29.23,18.54,CLEAR,3.3,0.0625,0
148.8,4.7,2.7,0,28.2,EXPRESS,34.06,17.59,CLEAR,0.0,0.0948,0
135.3,1.2,1.5,0,25.4,EXPRESS,9.21,4.13,CLEAR,0.0,0.1079,1
95.5,1.4,1.4,0,23.3,PASSENGER,8.98,13.07,CLEAR,1.2,0.0739,0
134.5,1.4,1.1,1,23.3,EXPRESS,38.84,13.2,CLEAR,5.9,0.398,1
107.3,3.0,1.8,1,16.5,PASSENGER,34.13,15.67,RAIN,8.4,0.5718,0
70.4,3.7,2.0,1,6.3,PASSENGER,23.87,19.94,CLEAR,13.4,0.4533,0
159.2,5.3,1.7,1,9.6,EXPRESS,0.82,16.76,FOG,9.6,0.8996,1
148.2,19.5,17.3,0,18.0,EXPRESS,34.26,3.39,CLEAR,16.8,0.2788,0
131.2,9.8,12.1,0,10.5,EXPRESS,30.19,0.46,CLEAR,12.8,0.1088,0
93.1,9.5,3.8,0,23.8,PASSENGER,38.28,3.28,CLEAR,9.1,0.1188,0
92.4,18.0,17.8,0,12.1,PASSENGER,1.02,0.97,CLEAR,17.2,0.6169,0
62.9,27.6,21.3,1,4.7,PASSENGER,1.63,10.48,CLEAR,36.3,0.9575,1
105.3,10.4,2.0,0,23.8,EXPRESS,20.94,6.81,RAIN,15.4,0.1058,0
108.1,3.2,2.7,0,21.4,PASSENGER,34.31,0.18,CLEAR,4.1,0.0524,0
54.0,14.5,14.4,1,8.7,FREIGHT,39.66,1.93,CLEAR,28.2,0.5852,0
116.5,15.3,4.2,0,29.5,EXPRESS,13.14,9.54,RAIN,15.9,0.1312,0
98.1,1.9,1.1,1,13.0,PASSENGER,1.94,22.55,RAIN,12.7,0.7547,1
53.6,4.7,5.3,1,20.9,FREIGHT,8.22,23.88,RAIN,15.2,0.5662,1
90.9,3.3,1.0,0,27.4,EXPRESS,35.14,1.2,CLEAR,6.3,0.0692,0
96.8,2.6,1.9,1,5.9,PASSENGER,18.92,19.93,RAIN,13.6,0.4411,0
141.3,15.7,1.2,0,26.6,EXPRESS,34.21,11.53,FOG,12.7,0.1731,1
68.3,1.0,1.3,0,21.6,PASSENGER,18.03,14.91,CLEAR,3.6,0.1507,0
157.0,1.8,0.0,0,6.3,EXPRESS,2.61,12.14,CLEAR,0.0,0.1969,0
40.1,9.2,9.6,0,20.4,FREIGHT,24.89,22.19,FOG,20.6,0.2341,1
82.9,3.4,1.6,0,26.4,PASSENGER,17.71,11.48,STORM,10.5,0.1691,1
65.7,2.5,0.4,0,24.3,PASSENGER,19.91,4.03,CLEAR,9.2,0.1319,0
90.2,13.5,0.4,1,23.2,PASSENGER,37.98,18.72,FOG,23.8,0.72,1
78.8,10.4,3.7,1,6.1,PASSENGER,18.55,12.33,RAIN,20.3,0.7597,1
77.7,28.8,22.3,1,6.9,PASSENGER,31.96,2.81,RAIN,40.6,0.9023,1
67.2,3.1,0.7,1,17.1,FREIGHT,2.83,11.08,CLEAR,13.5,0.786,1
30.4,0.6,0.5,0,18.0,FREIGHT,19.42,16.5,CLEAR,10.0,0.1178,0
99.9,3.4,2.6,0,28.4,PASSENGER,23.67,7.1,CLEAR,6.4,0.1324,0
55.7,4.9,3.7,1,14.9,FREIGHT,4.97,21.89,CLEAR,14.0,0.7083,0
109.3,4.9,1.6,0,10.1,PASSENGER,12.44,20.4,RAIN,4.5,0.1,0
89.5,2.7,1.6,1,6.9,PASSENGER,29.71,13.63,CLEAR,11.2,0.3567,0
62.8,7.2,2.5,1,3.0,PASSENGER,7.76,1.3,CLEAR,21.0,0.7519,1
93.5,3.1,1.7,1,3.5,EXPRESS,5.57,14.0,CLEAR,14.8,0.5279,1
151.8,21.0,11.1,0,17.9,EXPRESS,12.32,9.97,RAIN,20.2,0.2709,0
148.9,2.0,0.2,1,6.5,EXPRESS,34.43,17.38,RAIN,5.9,0.4024,0
77.3,6.5,1.2,0,25.8,PASSENGER,30.64,6.41,RAIN,12.9,0.1461,0
133.3,11.0,7.4,1,18.5,EXPRESS,31.18,14.54,RAIN,14.1,0.4888,0
84.5,19.2,8.1,0,26.1,PASSENGER,13.24,13.31,RAIN,21.4,0.3877,1
73.5,4.4,0.5,0,13.7,FREIGHT,4.41,12.64,CLEAR,5.4,0.1618,0
156.5,20.1,16.4,0,18.5,EXPRESS,1.76,2.78,CLEAR,20.0,0.3328,0
109.2,6.7,5.3,1,16.5,PASSENGER,23.65,11.76,RAIN,10.9,0.6254,0
150.7,3.1,1.4,0,29.6,EXPRESS,28.24,13.21,FOG,4.6,0.057,0
153.7,3.9,2.7,0,24.2,EXPRESS,15.43,22.26,RAIN,7.7,0.1143,1
70.9,1.8,1.6,0,18.5,PASSENGER,21.39,11.06,CLEAR,7.1,0.0695,0
101.6,4.3,0.7,0,18.8,PASSENGER,11.52,15.36,CLEAR,3.8,0.1899,0
95.4,2.2,1.5,1,8.6,PASSENGER,14.89,13.66,RAIN,10.4,0.5291,0
157.4,6.5,3.9,0,22.4,EXPRESS,29.33,4.69,CLEAR,0.7,0.0443,0
88.6,10.7,7.9,0,29.5,PASSENGER,28.87,4.43,CLEAR,11.7,0.1292,0
96.0,2.6,2.0,1,5.2,EXPRESS,1.61,17.75,FOG,12.4,0.7883,1
131.8,1.9,1.9,0,19.7,EXPRESS,37.8,12.55,CLEAR,0.0,0.113,0
138.1,3.4,2.8,0,16.3,EXPRESS,11.13,21.5,STORM,8.4,0.1672,1
105.4,3.6,4.7,0,25.7,EXPRESS,36.35,21.8,CLEAR,0.0,0.0751,0
117.6,7.9,6.3,1,1.5,EXPRESS,20.72,7.13,CLEAR,15.2,0.8062,1
131.9,2.3,1.8,0,5.4,EXPRESS,20.22,2.44,CLEAR,4.2,0.1314,0
46.8,13.5,4.0,1,2.6,FREIGHT,18.3,8.26,CLEAR,30.1,0.8495,1
116.2,12.8,2.2,1,6.1,EXPRESS,36.94,1.61,CLEAR,18.5,0.424,0
99.3,6.3,5.7,0,21.7,EXPRESS,8.72,18.75,FOG,9.9,0.2452,1
155.9,1.5,0.8,0,5.5,EXPRESS,24.66,3.51,RAIN,3.4,0.0562,0
97.5,1.7,1.3,0,19.2,PASSENGER,13.05,20.79,RAIN,7.7,0.1371,0
90.1,9.8,2.5,0,26.2,EXPRESS,36.65,9.97,CLEAR,10.1,0.0931,0
64.5,12.1,9.9,1,2.5,FREIGHT,7.19,6.69,CLEAR,22.8,0.8201,1
63.3,7.1,3.8,1,2.3,FREIGHT,27.21,12.04,CLEAR,22.6,0.7127,1
90.7,24.1,15.1,0,29.7,EXPRESS,17.16,14.53,FOG,27.0,0.3686,0
78.5,7.8,0.5,0,20.7,PASSENGER,26.62,16.84,CLEAR,14.0,0.1571,1
132.5,8.1,2.8,1,5.5,EXPRESS,6.73,8.12,RAIN,15.2,0.7646,1
82.6,7.3,2.4,1,10.2,PASSENGER,16.05,23.59,CLEAR,17.7,0.5837,1
98.9,9.2,4.1,0,29.6,PASSENGER,4.74,10.13,CLEAR,12.7,0.2074,0
119.8,14.6,7.5,1,8.0,EXPRESS,38.77,20.03,RAIN,23.2,0.6679,1
100.8,8.4,8.3,0,23.0,EXPRESS,8.95,0.84,CLEAR,8.5,0.1312,1
108.8,15.2,5.0,1,8.4,PASSENGER,39.73,18.67,CLEAR,21.9,0.7109,1
72.1,7.2,4.6,1,12.9,PASSENGER,17.03,13.23,CLEAR,18.7,0.6672,1
140.2,12.3,13.4,0,26.6,EXPRESS,3.33,15.35,RAIN,12.9,0.2404,0
67.2,4.6,2.2,1,2.3,PASSENGER,1.19,8.95,CLEAR,12.7,0.9495,1
76.5,11.1,8.0,1,10.3,PASSENGER,24.16,13.08,CLEAR,17.3,0.7437,1
49.9,15.8,11.5,0,15.4,FREIGHT,24.78,22.37,CLEAR,18.8,0.1483,0
103.5,7.6,3.0,0,19.3,EXPRESS,21.23,9.26,CLEAR,8.1,0.0818,1
82.5,5.3,5.9,1,2.3,PASSENGER,3.12,2.54,CLEAR,14.0,0.7889,0
67.9,9.3,2.1,1,13.2,PASSENGER,13.59,17.29,CLEAR,16.5,0.5731,1
129.1,1.8,0.8,1,11.3,EXPRESS,14.68,12.12,RAIN,11.9,0.3935,1
93.2,4.8,4.0,1,2.3,PASSENGER,28.34,10.2,RAIN,18.3,0.6969,1
63.1,6.8,1.0,1,11.6,PASSENGER,17.04,18.67,CLEAR,17.1,0.5882,1
69.2,4.1,2.8,0,28.1,FREIGHT,23.13,13.49,CLEAR,10.7,0.1686,1
103.0,14.5,9.3,1,9.3,EXPRESS,11.81,15.15,CLEAR,18.5,0.7716,1
71.3,1.5,0.4,0,18.2,PASSENGER,29.18,22.23,FOG,6.9,0.2258,0
136.3,8.2,0.1,1,10.0,EXPRESS,2.35,1.4,CLEAR,11.3,0.6114,0
51.1,5.5,4.2,1,4.5,FREIGHT,39.55,6.3,RAIN,17.7,0.6945,1
125.0,2.2,1.8,1,9.8,EXPRESS,25.84,21.56,CLEAR,6.6,0.4402,0
35.8,10.5,2.4,0,14.9,FREIGHT,6.38,19.03,RAIN,19.5,0.2584,1
66.3,2.5,2.3,1,9.9,FREIGHT,28.84,4.53,CLEAR,14.2,0.4632,0
133.2,9.1,0.4,0,19.3,EXPRESS,31.57,4.06,RAIN,9.8,0.0957,0
36.1,5.2,0.0,0,28.5,FREIGHT,31.65,19.8,CLEAR,13.8,0.1153,0
46.8,8.3,10.3,1,3.5,FREIGHT,11.19,13.27,CLEAR,16.6,0.8248,0
146.7,3.1,1.1,0,21.9,EXPRESS,38.37,20.65,RAIN,6.7,0.0905,0
88.4,2.8,2.5,1,1.5,PASSENGER,1.2,22.02,RAIN,18.0,0.9192,1
65.4,17.5,16.1,1,1.5,PASSENGER,15.5,1.67,FOG,34.3,0.9513,0
116.1,11.4,7.9,1,5.3,EXPRESS,4.62,23.27,RAIN,16.4,0.67,1
107.0,3.3,0.5,1,15.2,EXPRESS,15.7,17.2,CLEAR,8.7,0.5346,1
126.2,15.0,3.2,1,2.9,EXPRESS,2.76,20.03,RAIN,20.2,0.8867,1
149.0,6.5,5.9,0,22.1,EXPRESS,25.98,15.13,CLEAR,7.2,0.0702,0
81.8,5.8,5.4,0,2.3,PASSENGER,2.97,7.32,CLEAR,14.0,0.3691,0
120.3,9.8,6.4,1,15.6,EXPRESS,24.83,14.39,CLEAR,13.4,0.4713,1
70.7,4.1,2.8,1,20.8,FREIGHT,9.75,12.38,RAIN,11.7,0.6189,1
88.8,4.8,0.9,1,8.3,PASSENGER,7.58,22.37,CLEAR,11.9,0.4364,1
129.6,3.8,2.8,0,18.0,EXPRESS,14.21,13.32,CLEAR,5.6,0.1043,0
73.1,13.1,4.7,1,9.0,PASSENGER,25.82,0.67,RAIN,24.0,0.5153,0
90.4,7.2,4.2,1,7.6,PASSENGER,23.34,16.47,CLEAR,12.3,0.6166,1
55.9,1.7,0.3,0,24.8,FREIGHT,27.38,1.21,CLEAR,6.0,0.0616,0
117.8,4.1,0.3,1,11.0,EXPRESS,36.8,22.66,CLEAR,11.1,0.4725,1
159.3,18.1,15.1,1,24.7,EXPRESS,8.53,11.68,FOG,22.9,0.8422,1
69.7,5.6,0.7,0,7.7,FREIGHT,16.83,23.23,RAIN,11.5,0.0999,0
63.7,2.7,1.6,1,11.6,FREIGHT,11.0,0.62,CLEAR,16.2,0.3233,0
86.9,9.6,6.6,0,4.4,PASSENGER,23.66,12.79,CLEAR,12.0,0.121,0
83.1,4.8,2.4,0,15.7,PASSENGER,11.69,5.43,CLEAR,10.4,0.0949,0
102.9,2.3,0.9,1,12.4,EXPRESS,22.54,15.38,CLEAR,7.9,0.3507,0
75.3,4.5,2.8,1,1.7,PASSENGER,33.01,11.96,CLEAR,16.3,0.5848,1
144.2,8.4,3.8,1,14.7,EXPRESS,22.26,13.59,FOG,14.5,0.5052,1
121.8,3.5,2.7,1,3.6,EXPRESS,33.61,8.63,CLEAR,10.9,0.6586,1
69.7,10.8,11.3,0,25.4,FREIGHT,24.65,1.24,CLEAR,17.1,0.2491,0
100.4,1.8,1.5,1,15.6,EXPRESS,34.88,2.55,CLEAR,8.2,0.3149,1
85.4,5.9,4.9,0,21.2,PASSENGER,37.25,20.61,CLEAR,10.6,0.1221,0
59.1,1.6,0.5,0,24.9,FREIGHT,20.56,16.87,CLEAR,7.0,0.1048,0
126.2,6.9,2.2,1,3.0,EXPRESS,31.73,18.47,CLEAR,12.1,0.5409,0
70.0,17.4,6.1,1,11.1,FREIGHT,19.02,2.94,CLEAR,22.9,0.8471,1
74.5,3.2,1.1,1,2.2,FREIGHT,28.36,1.18,CLEAR,16.1,0.6525,1
65.8,5.8,4.0,1,2.9,PASSENGER,1.98,0.41,CLEAR,18.1,0.8608,1
99.1,6.1,0.7,1,2.6,EXPRESS,38.69,12.52,RAIN,14.9,0.5211,1
99.1,0.8,0.5,0,15.1,EXPRESS,35.83,12.02,CLEAR,0.3,0.0879,0
94.1,3.9,3.3,0,14.3,PASSENGER,35.78,2.66,CLEAR,5.6,0.051,0
116.1,5.0,5.1,1,3.2,EXPRESS,11.61,8.32,CLEAR,8.9,0.665,1
141.3,2.3,0.5,0,9.0,EXPRESS,11.69,12.73,STORM,8.9,0.1258,0
48.2,15.9,11.2,0,8.5,FREIGHT,16.4,16.22,RAIN,23.9,0.2628,0
133.9,9.3,1.2,1,10.0,EXPRESS,35.27,19.44,FOG,16.0,0.5442,1
98.5,2.9,0.6,0,19.8,PASSENGER,34.42,15.39,FOG,7.0,0.161,0
128.4,3.1,1.0,0,21.4,EXPRESS,11.93,0.72,CLEAR,6.2,0.1131,0
87.0,1.8,0.8,0,11.2,PASSENGER,21.9,14.07,CLEAR,6.6,0.1148,0
34.0,2.1,0.4,0,24.0,FREIGHT,19.27,2.11,FOG,11.4,0.1647,1
118.8,14.0,7.2,1,13.4,EXPRESS,26.2,13.56,FOG,21.0,0.6255,1
128.2,4.9,3.1,0,16.4,EXPRESS,8.95,9.02,RAIN,5.0,0.101,0
83.1,2.7,2.2,1,5.6,PASSENGER,3.86,6.87,RAIN,13.0,0.6438,1
105.0,13.5,13.5,1,8.1,PASSENGER,1.58,11.56,RAIN,23.3,0.9112,1
105.3,4.8,2.1,0,22.2,PASSENGER,15.57,9.16,CLEAR,6.8,0.1038,0
147.5,3.6,0.8,0,29.3,EXPRESS,37.89,19.93,CLEAR,0.8,0.0704,0
116.3,2.8,1.4,1,21.6,EXPRESS,27.55,5.44,RAIN,12.3,0.5476,1
62.3,5.3,1.2,1,3.0,FREIGHT,30.09,3.28,FOG,15.7,0.7098,1
47.8,4.9,3.1,0,5.6,FREIGHT,37.83,20.09,STORM,16.5,0.2788,0
71.6,4.9,1.6,1,14.2,PASSENGER,17.17,5.84,CLEAR,14.9,0.4184,1
45.4,8.6,3.3,0,22.4,FREIGHT,19.24,0.77,RAIN,18.7,0.2953,0
63.5,12.1,5.0,1,6.2,PASSENGER,14.7,9.29,RAIN,23.7,0.7938,1
76.6,7.8,6.8,0,22.9,PASSENGER,7.66,19.66,CLEAR,14.9,0.1224,0
122.3,7.0,5.6,0,17.3,EXPRESS,30.77,10.36,CLEAR,10.9,0.1374,0
107.8,4.7,1.0,0,23.6,PASSENGER,36.31,11.28,CLEAR,4.9,0.1072,0
75.7,1.1,0.6,1,17.4,PASSENGER,32.65,1.13,FOG,11.0,0.3787,0
153.2,8.7,3.5,1,18.7,EXPRESS,2.38,17.07,CLEAR,8.7,0.7761,0
71.4,1.6,1.0,1,8.6,PASSENGER,12.32,8.25,CLEAR,8.2,0.4316,0
69.5,5.3,0.4,1,22.0,PASSENGER,23.89,17.49,RAIN,12.6,0.5912,1
85.9,3.6,3.4,0,25.6,PASSENGER,13.42,9.86,CLEAR,5.0,0.1703,0
93.6,5.7,1.8,0,26.3,PASSENGER,6.43,12.65,CLEAR,5.4,0.1357,0
32.0,8.1,6.4,1,2.3,FREIGHT,21.77,14.15,RAIN,26.8,0.942,1
105.5,2.9,1.7,1,19.3,EXPRESS,21.1,4.73,CLEAR,8.1,0.5208,0
82.8,13.4,17.3,0,29.7,PASSENGER,28.54,7.06,STORM,20.9,0.2953,0
76.6,6.1,6.4,0,18.2,PASSENGER,39.99,14.05,CLEAR,9.7,0.1098,0
95.6,12.9,0.3,1,6.4,PASSENGER,26.11,19.75,CLEAR,19.4,0.6548,1
125.8,4.4,3.2,0,26.5,EXPRESS,13.02,23.07,CLEAR,3.8,0.0907,0
101.2,4.7,3.7,1,9.0,EXPRESS,38.28,12.58,CLEAR,11.4,0.3642,0
70.3,8.9,5.3,1,2.8,FREIGHT,23.07,1.77,CLEAR,16.5,0.6999,1
74.6,2.7,3.1,1,13.8,PASSENGER,26.01,22.94,RAIN,15.1,0.4626,1
62.9,3.7,3.0,1,4.4,FREIGHT,14.62,10.1,CLEAR,14.2,0.6909,0
99.0,2.2,2.1,1,4.8,PASSENGER,18.35,2.46,RAIN,9.3,0.5129,1
108.2,4.1,1.4,0,14.7,PASSENGER,17.04,23.33,CLEAR,5.2,0.1051,0
52.4,23.0,13.2,1,19.0,FREIGHT,37.48,6.73,CLEAR,31.6,0.8072,1
90.8,6.8,1.7,0,27.3,PASSENGER,32.48,15.76,CLEAR,9.1,0.0875,0
113.4,12.5,0.3,0,21.6,EXPRESS,4.08,3.46,CLEAR,16.8,0.1489,1
93.9,3.5,0.8,0,25.5,PASSENGER,12.9,17.27,RAIN,5.6,0.1062,0
50.9,20.0,8.8,1,13.2,FREIGHT,2.7,23.43,RAIN,32.5,0.8959,1
120.6,5.5,4.0,1,10.6,EXPRESS,20.91,23.64,CLEAR,10.2,0.4474,1
149.9,10.1,6.8,0,18.4,EXPRESS,11.54,3.03,CLEAR,7.3,0.1228,0
93.5,8.9,7.4,0,21.3,EXPRESS,3.4,18.45,RAIN,15.6,0.22,0
69.7,6.2,7.8,1,17.7,FREIGHT,30.99,15.94,RAIN,17.8,0.6438,1
149.6,8.0,3.6,1,9.0,EXPRESS,4.1,19.24,CLEAR,13.9,0.6546,0
85.3,0.9,0.9,1,12.0,PASSENGER,11.23,8.0,CLEAR,8.9,0.502,0
84.5,4.5,0.7,0,14.3,PASSENGER,30.98,9.64,CLEAR,10.2,0.0963,0
78.1,5.4,3.8,1,1.9,PASSENGER,20.71,8.2,FOG,19.7,0.7708,1
109.7,1.5,2.1,1,26.6,PASSENGER,32.78,18.4,CLEAR,6.0,0.3693,0
97.8,4.6,3.7,0,16.1,EXPRESS,16.87,19.42,CLEAR,7.9,0.1501,1
89.5,3.8,3.1,0,22.9,PASSENGER,32.69,5.98,RAIN,8.5,0.0793,0
94.1,13.8,4.1,1,6.4,PASSENGER,21.76,13.75,RAIN,19.4,0.8054,1
72.0,3.4,0.1,0,17.4,FREIGHT,3.97,3.02,RAIN,9.2,0.2634,0
144.6,2.5,0.2,0,27.9,EXPRESS,19.12,0.32,RAIN,0.5,0.0653,0
59.0,5.7,5.8,1,7.6,FREIGHT,22.36,14.64,CLEAR,18.3,0.6618,1
65.8,2.8,1.0,1,11.4,PASSENGER,24.68,20.16,CLEAR,10.9,0.5533,0
46.8,5.5,4.8,1,12.6,FREIGHT,37.15,21.76,CLEAR,16.0,0.6575,1
66.9,7.9,3.6,1,12.4,PASSENGER,7.75,14.89,FOG,17.9,0.7382,1
104.1,19.4,18.0,0,18.6,PASSENGER,24.44,19.41,CLEAR,23.9,0.1924,0
63.7,11.4,8.1,1,12.7,FREIGHT,30.2,9.7,RAIN,23.4,0.7856,1
64.1,5.3,2.4,0,20.7,FREIGHT,35.65,21.01,CLEAR,14.5,0.1766,0
92.6,4.6,4.3,1,15.3,PASSENGER,21.25,18.59,STORM,20.1,0.6034,1
125.5,3.7,0.6,1,6.0,EXPRESS,8.95,7.4,CLEAR,8.0,0.48,0
100.5,6.4,2.2,0,28.5,EXPRESS,32.8,14.33,CLEAR,4.7,0.0478,0
113.1,5.0,6.0,1,8.3,EXPRESS,36.25,1.23,RAIN,11.9,0.607,1
99.6,6.6,4.4,0,17.5,EXPRESS,4.7,3.52,RAIN,9.9,0.1638,0
140.7,6.3,3.0,1,3.2,EXPRESS,9.57,22.72,CLEAR,7.9,0.5531,0
37.2,2.4,0.9,0,27.7,FREIGHT,34.92,0.23,RAIN,9.0,0.1381,0
139.1,6.5,7.3,0,27.9,EXPRESS,19.63,4.88,STORM,13.3,0.1323,1
94.6,2.1,1.4,1,11.9,PASSENGER,7.18,3.33,CLEAR,7.7,0.5623,1
122.2,16.4,7.7,1,4.9,EXPRESS,25.99,16.77,CLEAR,19.9,0.664,1
99.5,5.7,4.3,1,23.4,EXPRESS,18.6,2.54,CLEAR,13.3,0.4373,0
112.0,2.5,2.1,1,9.0,EXPRESS,38.73,0.48,CLEAR,7.7,0.4705,0
112.4,0.5,0.2,0,21.5,EXPRESS,9.3,22.33,CLEAR,1.6,0.0709,0
95.0,1.8,1.2,0,27.6,PASSENGER,14.81,20.95,CLEAR,4.9,0.0508,0
35.1,12.0,9.9,0,18.3,FREIGHT,7.06,8.6,RAIN,19.8,0.4127,0
148.0,8.5,7.7,0,26.0,EXPRESS,2.46,2.41,CLEAR,8.4,0.2005,0
98.1,4.8,3.8,1,7.9,PASSENGER,11.32,16.28,CLEAR,13.7,0.6363,0
69.3,9.1,2.8,0,27.4,PASSENGER,32.88,21.19,CLEAR,13.4,0.132,0
62.4,10.2,4.7,0,8.0,FREIGHT,11.06,23.39,FOG,21.4,0.1431,1
93.4,4.4,2.8,0,7.9,PASSENGER,28.01,3.12,RAIN,10.9,0.1442,0
97.4,10.4,4.7,0,26.6,PASSENGER,21.28,14.41,CLEAR,11.4,0.111,0
69.4,3.0,1.7,0,17.3,PASSENGER,21.03,10.33,STORM,11.5,0.15,0
37.1,10.1,8.2,0,24.3,FREIGHT,31.37,3.76,RAIN,19.1,0.3795,1
106.6,4.5,5.4,0,24.4,EXPRESS,24.9,19.39,CLEAR,6.2,0.1099,0
78.3,1.6,1.8,1,19.9,PASSENGER,6.81,18.77,RAIN,11.4,0.5477,0
65.7,7.9,8.0,1,6.9,FREIGHT,9.22,23.15,FOG,20.4,0.7253,1
96.9,3.0,3.0,0,21.2,PASSENGER,21.98,2.05,CLEAR,5.5,0.1596,0
106.3,5.2,0.9,1,3.3,PASSENGER,33.89,5.73,RAIN,17.5,0.6265,0
62.9,1.0,0.4,1,7.2,PASSENGER,6.52,19.86,CLEAR,12.7,0.6665,1
90.8,5.5,5.4,0,19.8,EXPRESS,4.72,9.49,CLEAR,8.9,0.1699,0
95.0,19.5,9.0,0,27.4,PASSENGER,20.94,11.42,RAIN,24.7,0.2409,0
74.0,11.7,7.4,0,23.5,PASSENGER,7.95,14.68,CLEAR,17.0,0.2454,1
76.7,7.4,4.8,1,11.0,PASSENGER,39.77,9.8,CLEAR,15.4,0.5861,1
87.3,0.9,0.7,0,25.0,PASSENGER,0.67,0.85,CLEAR,3.8,0.4407,1
34.6,6.2,0.4,0,29.0,FREIGHT,18.23,14.5,CLEAR,14.3,0.1729,0
135.0,2.8,1.9,1,11.0,EXPRESS,6.92,5.49,CLEAR,7.4,0.4176,0
76.3,10.2,8.7,1,6.8,PASSENGER,27.4,23.25,CLEAR,20.6,0.6982,0
91.6,19.6,14.7,1,7.1,PASSENGER,25.39,16.57,CLEAR,25.2,0.7849,1
101.7,2.9,1.2,0,12.9,PASSENGER,32.38,20.18,CLEAR,3.9,0.0715,0
102.0,13.0,6.5,1,3.0,EXPRESS,22.75,22.91,FOG,24.0,0.8162,1
106.5,3.9,3.8,1,15.4,PASSENGER,7.98,1.52,CLEAR,12.5,0.4802,0
53.9,5.2,0.1,0,22.4,FREIGHT,2.61,3.57,RAIN,15.4,0.1902,0
106.1,5.2,3.5,0,16.6,PASSENGER,29.02,19.39,CLEAR,5.0,0.136,0
39.3,8.3,7.4,0,29.1,FREIGHT,17.88,21.24,CLEAR,14.1,0.2263,0
57.2,14.5,1.5,0,14.7,FREIGHT,9.28,0.12,RAIN,20.7,0.2794,0
118.3,13.6,10.2,1,1.9,EXPRESS,10.45,22.69,CLEAR,26.7,0.885,1
144.2,6.3,1.2,1,14.9,EXPRESS,6.39,10.91,CLEAR,6.8,0.6042,1
57.3,0.9,0.4,0,28.0,FREIGHT,11.7,11.1,CLEAR,2.3,0.0589,0
52.3,5.7,0.8,1,4.2,FREIGHT,31.78,21.09,RAIN,18.9,0.7425,1
153.9,10.3,8.2,1,7.9,EXPRESS,25.02,6.95,RAIN,12.2,0.6035,1
116.4,13.3,2.4,0,21.9,EXPRESS,39.5,14.0,FOG,16.7,0.1397,0
105.4,15.3,7.2,0,9.9,EXPRESS,21.21,8.02,FOG,21.1,0.2759,0
57.4,4.6,3.4,0,23.3,FREIGHT,21.1,2.73,RAIN,11.1,0.1767,0
133.7,3.9,2.9,1,13.5,EXPRESS,8.06,8.61,CLEAR,7.1,0.5585,0
82.0,14.6,7.4,0,24.2,PASSENGER,23.66,4.15,CLEAR,15.9,0.1607,0
51.9,5.3,2.5,1,17.2,FREIGHT,24.53,12.5,CLEAR,15.6,0.6347,1
157.2,7.1,7.3,1,3.9,EXPRESS,8.66,12.72,CLEAR,8.7,0.6837,0
96.6,0.9,0.5,0,12.5,PASSENGER,3.97,10.5,RAIN,4.1,0.1605,0
97.7,5.9,4.6,0,11.0,EXPRESS,15.07,4.17,STORM,12.6,0.1445,0
39.5,8.2,5.5,0,24.6,FREIGHT,7.3,2.85,RAIN,17.0,0.1601,0
158.3,16.7,10.3,0,19.3,EXPRESS,20.38,2.51,RAIN,15.9,0.1789,0
96.3,2.8,1.1,0,23.7,PASSENGER,21.28,2.69,RAIN,9.2,0.0682,0
105.8,3.1,4.2,1,12.1,PASSENGER,24.52,7.08,FOG,10.9,0.6768,1
111.3,6.3,2.6,0,21.2,EXPRESS,24.31,0.04,CLEAR,6.3,0.0592,0
141.9,9.5,2.2,1,3.4,EXPRESS,27.16,1.49,CLEAR,15.7,0.5741,1
95.7,2.7,0.5,1,2.5,PASSENGER,9.6,11.29,RAIN,14.6,0.5457,0
110.6,8.6,0.6,1,9.7,EXPRESS,29.37,4.38,CLEAR,12.3,0.564,0
54.8,7.9,8.2,0,23.6,FREIGHT,21.23,6.32,RAIN,12.8,0.1443,0
58.2,12.6,6.2,1,16.7,FREIGHT,17.77,8.48,CLEAR,25.7,0.7834,1
84.1,6.2,2.2,1,13.2,PASSENGER,26.09,0.95,CLEAR,10.6,0.5554,1
101.4,17.0,7.9,0,27.1,PASSENGER,20.3,5.28,CLEAR,15.4,0.1639,1
101.6,5.2,0.4,1,15.7,PASSENGER,21.26,18.64,RAIN,13.0,0.5375,1
68.3,4.9,4.4,0,19.0,FREIGHT,1.42,8.18,CLEAR,11.6,0.361,0
100.2,13.9,9.1,0,29.6,PASSENGER,32.18,4.47,CLEAR,13.8,0.194,0
124.2,11.6,8.2,0,16.4,EXPRESS,17.25,4.75,CLEAR,13.1,0.1945,0
116.7,2.7,2.1,0,23.8,EXPRESS,20.96,23.63,RAIN,2.9,0.0803,1
101.6,7.0,6.2,0,13.3,PASSENGER,15.9,3.56,CLEAR,11.0,0.0951,0
84.5,4.3,2.5,1,2.5,PASSENGER,22.29,21.73,RAIN,18.0,0.7216,1
72.3,13.9,8.3,0,25.3,PASSENGER,2.63,1.93,CLEAR,15.9,0.4559,1
125.5,7.0,3.4,0,28.4,EXPRESS,15.66,20.99,FOG,11.3,0.195,0
67.1,7.7,6.5,0,13.9,PASSENGER,26.91,12.17,FOG,13.8,0.304,0
138.4,0.4,0.4,0,15.9,EXPRESS,37.57,14.61,CLEAR,0.0,0.1087,0
113.5,5.4,4.0,1,13.6,EXPRESS,34.04,5.9,CLEAR,10.8,0.3944,0
73.0,5.1,3.6,0,29.9,PASSENGER,38.53,21.57,CLEAR,9.9,0.0984,0
157.0,5.9,4.2,0,27.2,EXPRESS,31.37,14.09,RAIN,6.3,0.0952,0
98.8,21.3,5.4,1,2.7,PASSENGER,25.49,16.22,CLEAR,30.7,0.8211,1
145.1,19.5,11.3,0,23.7,EXPRESS,17.22,13.36,FOG,18.2,0.2742,0
91.2,8.9,6.9,0,18.6,PASSENGER,5.36,3.01,FOG,14.8,0.3035,1
102.0,3.8,1.1,1,2.2,PASSENGER,10.41,20.07,RAIN,13.7,0.5779,0
143.1,9.7,7.9,0,14.2,EXPRESS,11.21,4.41,RAIN,10.1,0.2012,0
131.9,1.0,0.6,0,5.8,EXPRESS,17.4,7.01,CLEAR,6.2,0.1102,1
73.3,17.6,4.4,0,26.4,FREIGHT,24.59,16.07,CLEAR,19.6,0.2153,0
69.6,13.6,9.6,1,1.9,PASSENGER,24.94,2.24,CLEAR,24.2,0.8043,1
107.2,2.7,0.5,0,26.4,PASSENGER,18.49,22.4,CLEAR,3.3,0.0948,0
118.1,13.2,8.5,0,28.3,EXPRESS,11.35,2.98,RAIN,16.6,0.1572,0
86.4,7.5,7.2,1,3.6,PASSENGER,2.73,16.01,CLEAR,18.4,0.8285,0
66.1,3.1,3.2,0,22.0,PASSENGER,39.56,15.24,CLEAR,10.1,0.0913,0
87.0,2.5,1.7,0,17.1,PASSENGER,37.61,16.75,CLEAR,9.4,0.0657,0
90.6,3.6,2.3,0,28.7,PASSENGER,7.73,10.4,CLEAR,9.8,0.0627,0
159.8,19.7,15.6,0,24.2,EXPRESS,24.41,9.17,CLEAR,15.5,0.2695,0
158.3,9.0,1.0,0,21.3,EXPRESS,12.18,23.46,CLEAR,6.7,0.0902,0
73.5,6.8,3.9,0,27.9,FREIGHT,8.18,19.61,CLEAR,7.1,0.1269,0
45.7,7.3,0.4,1,6.1,FREIGHT,27.53,11.65,RAIN,21.9,0.7071,1
159.4,6.9,1.1,0,12.2,EXPRESS,31.55,4.37,CLEAR,0.6,0.0609,0
82.8,10.4,6.5,0,25.5,PASSENGER,16.56,21.37,STORM,15.9,0.2675,0
149.6,2.4,1.6,1,4.4,EXPRESS,2.83,15.57,CLEAR,6.2,0.7039,1
105.1,18.8,19.1,0,28.2,EXPRESS,16.36,3.26,FOG,26.2,0.2279,0
125.4,3.2,3.1,0,22.7,EXPRESS,21.52,4.39,RAIN,3.0,0.0768,1
157.6,4.3,3.3,0,14.0,EXPRESS,35.78,12.98,RAIN,2.4,0.1282,0
107.4,3.1,0.2,1,11.2,PASSENGER,26.44,12.09,RAIN,8.9,0.5958,1
94.2,19.4,14.1,0,5.7,PASSENGER,28.56,9.82,RAIN,24.8,0.3886,0
145.8,1.4,0.9,1,4.2,EXPRESS,8.5,10.24,CLEAR,7.8,0.4823,0
102.3,5.7,3.5,0,13.6,EXPRESS,28.95,4.13,FOG,10.7,0.1139,0
62.5,3.2,2.3,0,25.5,FREIGHT,20.32,6.13,FOG,9.9,0.0951,0
133.3,6.4,2.4,0,16.7,EXPRESS,32.91,11.83,CLEAR,8.5,0.1148,0
64.6,17.5,4.6,1,14.4,PASSENGER,9.05,1.53,CLEAR,27.4,0.6392,1
97.9,8.9,4.9,1,10.6,EXPRESS,20.84,8.46,RAIN,15.6,0.7462,1
65.4,6.2,0.8,1,6.0,PASSENGER,8.77,5.05,CLEAR,14.0,0.6294,0
140.7,4.3,3.1,0,29.7,EXPRESS,11.79,4.19,CLEAR,2.1,0.0817,0
99.9,7.6,7.0,1,2.2,EXPRESS,33.37,3.52,STORM,25.1,0.7965,0
122.7,7.0,2.6,0,10.4,EXPRESS,27.67,3.36,CLEAR,2.0,0.0844,1
115.0,1.6,0.8,0,23.4,EXPRESS,29.28,3.85,CLEAR,5.0,0.0701,0
87.5,3.1,1.7,0,16.3,PASSENGER,3.21,8.98,CLEAR,5.5,0.1188,0
95.3,4.8,1.1,1,10.4,PASSENGER,29.29,2.43,CLEAR,9.2,0.5791,0
137.9,7.8,0.6,0,29.8,EXPRESS,19.91,21.53,CLEAR,5.9,0.1183,0
126.1,3.6,2.1,0,19.1,EXPRESS,18.64,11.95,CLEAR,4.1,0.09,0
83.2,12.7,3.5,1,9.9,PASSENGER,16.8,12.11,RAIN,23.1,0.7346,1
79.9,2.6,0.3,0,25.7,PASSENGER,34.15,5.07,CLEAR,8.2,0.0608,0
68.8,3.4,4.2,1,5.8,FREIGHT,7.51,20.81,RAIN,16.1,0.5768,0
76.5,26.6,22.3,1,14.7,PASSENGER,32.66,19.88,RAIN,38.2,0.8832,1
73.0,22.2,15.0,0,25.4,PASSENGER,37.17,0.82,CLEAR,26.1,0.2621,0
97.2,9.8,8.0,0,29.5,PASSENGER,7.15,17.58,RAIN,14.9,0.1866,0
46.2,5.5,1.4,1,12.4,FREIGHT,39.98,4.42,CLEAR,14.9,0.4821,1
68.1,2.5,0.1,1,5.4,FREIGHT,39.63,13.33,CLEAR,11.7,0.5378,0
113.0,8.8,8.1,0,17.7,EXPRESS,25.04,20.89,CLEAR,7.1,0.0877,0
139.1,1.3,0.3,0,28.4,EXPRESS,11.11,22.42,CLEAR,3.3,0.1042,0
93.2,1.7,1.0,0,20.5,EXPRESS,17.47,4.43,RAIN,4.5,0.092,0
79.3,4.3,3.5,0,18.7,PASSENGER,7.23,22.55,RAIN,11.8,0.2142,0
77.2,2.7,0.9,1,10.3,PASSENGER,5.25,1.67,CLEAR,13.8,0.5988,1
100.8,15.1,8.1,0,18.8,PASSENGER,28.31,21.82,FOG,16.4,0.1755,0
157.7,13.8,6.8,0,26.7,EXPRESS,23.4,18.54,CLEAR,10.7,0.1701,0
83.0,5.8,6.3,1,12.2,PASSENGER,22.76,21.93,STORM,21.3,0.5986,0
67.1,9.1,7.6,0,8.4,FREIGHT,10.29,8.79,CLEAR,13.5,0.1735,0
139.0,2.5,1.1,0,15.2,EXPRESS,9.78,22.58,RAIN,0.2,0.0952,0
108.4,10.0,5.9,0,12.2,PASSENGER,39.59,19.64,CLEAR,14.4,0.0621,0
100.6,5.0,2.0,1,14.9,PASSENGER,25.34,7.88,RAIN,14.1,0.6463,1
33.5,5.7,4.9,1,4.2,FREIGHT,32.87,8.13,CLEAR,19.5,0.7607,1
62.1,8.3,0.6,1,11.1,FREIGHT,15.45,8.57,CLEAR,15.1,0.4699,0
86.8,13.8,5.5,0,25.1,PASSENGER,33.83,14.13,CLEAR,13.8,0.1624,0
60.8,12.8,16.1,0,12.9,PASSENGER,29.03,4.37,CLEAR,19.9,0.1647,0
41.3,3.8,0.2,0,29.1,FREIGHT,14.33,10.4,CLEAR,9.0,0.1369,0
106.1,0.5,0.4,0,21.7,PASSENGER,28.85,1.62,RAIN,4.0,0.0583,0
154.8,0.8,0.6,1,11.9,EXPRESS,37.06,8.6,CLEAR,4.1,0.4016,0
99.9,12.2,2.5,0,8.7,PASSENGER,8.94,16.0,FOG,15.7,0.2475,0
158.7,4.7,1.5,0,21.0,EXPRESS,22.13,14.15,CLEAR,5.1,0.0868,1
146.5,7.7,7.4,1,10.1,EXPRESS,38.68,7.6,CLEAR,9.8,0.5146,1
30.5,6.6,2.9,0,27.9,FREIGHT,32.95,6.17,CLEAR,11.8,0.1351,0
74.4,9.3,3.0,1,4.8,PASSENGER,25.0,7.85,CLEAR,19.4,0.6258,0
61.5,10.3,5.7,0,2.3,PASSENGER,3.26,1.67,RAIN,20.6,0.5468,1
96.6,1.5,2.0,1,7.8,EXPRESS,16.55,6.18,CLEAR,7.2,0.5356,1
105.3,7.3,2.0,0,18.8,EXPRESS,26.21,16.99,RAIN,9.1,0.1448,0
125.2,12.3,6.4,0,25.3,EXPRESS,16.68,4.29,RAIN,10.1,0.1547,0
149.3,8.1,6.8,1,6.3,EXPRESS,39.88,3.32,CLEAR,10.7,0.6581,1
103.1,2.1,0.1,0,18.2,PASSENGER,30.26,20.31,CLEAR,5.3,0.12,0
133.1,1.3,0.7,0,5.6,EXPRESS,7.89,5.68,CLEAR,0.0,0.0713,0
106.4,2.0,1.1,0,17.6,PASSENGER,19.87,6.03,RAIN,2.9,0.0649,0
125.0,3.9,1.9,1,2.0,EXPRESS,15.67,11.11,CLEAR,10.1,0.7501,1
70.0,7.9,1.6,0,17.4,FREIGHT,23.96,11.33,CLEAR,13.9,0.198,0
121.8,9.0,5.0,0,16.4,EXPRESS,18.14,4.47,RAIN,12.6,0.0966,0
109.4,9.5,7.9,1,2.7,EXPRESS,9.9,13.35,STORM,19.4,0.767,1
154.1,5.6,1.0,0,21.1,EXPRESS,29.11,16.7,RAIN,0.6,0.0724,0
79.4,8.1,3.7,0,17.8,PASSENGER,4.71,11.63,CLEAR,11.6,0.1502,0
85.2,5.2,2.1,0,19.3,PASSENGER,21.52,21.49,RAIN,6.4,0.1192,0
76.4,3.5,3.2,0,16.6,PASSENGER,12.75,23.8,CLEAR,10.1,0.1373,0
93.1,4.5,4.4,0,22.1,PASSENGER,38.68,12.69,CLEAR,2.9,0.0881,0
159.7,13.2,10.1,0,16.5,EXPRESS,12.49,23.34,RAIN,10.6,0.2925,1
61.3,0.9,1.0,0,27.8,PASSENGER,13.97,15.52,RAIN,7.9,0.1045,0
105.0,0.6,0.4,0,28.4,PASSENGER,28.43,12.69,CLEAR,5.1,0.0538,0
90.3,8.8,4.4,0,22.2,EXPRESS,5.57,20.88,CLEAR,11.2,0.1201,0
115.5,3.1,2.3,0,27.5,EXPRESS,13.32,23.2,CLEAR,4.4,0.0747,0
101.8,2.3,0.8,0,27.8,EXPRESS,27.99,23.98,RAIN,5.8,0.0911,0
143.0,13.3,0.6,1,9.0,EXPRESS,1.71,18.22,RAIN,18.5,0.8293,1
62.5,8.6,3.7,0,29.8,PASSENGER,12.78,11.65,CLEAR,13.6,0.1244,0
128.7,6.2,1.6,1,9.1,EXPRESS,0.83,7.1,RAIN,13.4,0.8862,1
110.6,32.9,26.8,1,2.0,EXPRESS,6.43,13.39,CLEAR,44.1,0.9483,1
99.4,4.9,2.3,0,28.9,EXPRESS,24.37,18.66,CLEAR,8.8,0.096,0
64.7,3.4,1.1,1,7.9,FREIGHT,18.54,0.64,FOG,11.9,0.7705,1
39.8,8.4,4.5,1,18.1,FREIGHT,6.66,6.42,CLEAR,16.5,0.6845,1
105.7,3.2,1.3,0,29.2,EXPRESS,3.58,8.51,FOG,8.8,0.1941,1
109.3,5.7,3.1,1,2.9,EXPRESS,2.72,18.72,CLEAR,17.7,0.7593,1
131.1,16.3,3.0,1,9.2,EXPRESS,3.87,14.73,RAIN,21.2,0.8621,1
93.0,4.1,2.7,1,18.9,PASSENGER,4.3,10.22,RAIN,12.2,0.5832,0
91.2,9.0,7.2,0,23.2,EXPRESS,3.91,22.06,CLEAR,13.8,0.1764,0
72.1,2.6,1.1,0,24.5,PASSENGER,2.68,12.92,FOG,12.3,0.1423,0
81.5,11.3,10.6,0,26.7,PASSENGER,28.03,17.37,CLEAR,16.5,0.0874,0
44.9,6.1,7.1,1,6.3,FREIGHT,37.68,15.73,CLEAR,18.5,0.6484,0
151.9,7.1,1.8,1,12.0,EXPRESS,34.31,20.6,RAIN,10.7,0.4729,1
65.4,2.6,0.9,0,21.9,FREIGHT,11.0,19.5,CLEAR,7.7,0.1212,1
91.3,3.1,1.5,0,21.9,PASSENGER,8.57,23.74,STORM,13.8,0.1929,0
113.7,5.4,1.8,1,10.3,EXPRESS,2.39,9.1,RAIN,13.2,0.744,0
139.0,8.6,3.7,0,10.2,EXPRESS,6.66,3.96,CLEAR,8.3,0.1684,0
149.1,13.0,0.2,1,10.6,EXPRESS,22.93,18.24,STORM,21.6,0.7385,1
131.6,8.9,11.1,0,26.9,EXPRESS,39.93,20.99,CLEAR,9.1,0.1378,0
144.9,1.8,0.5,0,27.4,EXPRESS,34.43,1.3,CLEAR,0.5,0.0538,0
97.5,2.2,1.5,1,1.9,PASSENGER,20.84,7.99,CLEAR,16.6,0.602,1
88.6,6.8,0.5,0,10.8,PASSENGER,17.23,19.37,CLEAR,8.0,0.1043,0
44.0,3.6,1.3,1,12.7,FREIGHT,6.34,16.4,CLEAR,13.5,0.6035,1
142.2,13.5,8.2,0,29.5,EXPRESS,17.03,18.13,CLEAR,10.0,0.1532,0
39.3,17.7,4.3,0,28.4,FREIGHT,24.0,13.04,CLEAR,23.3,0.305,1
144.6,3.6,1.2,0,19.4,EXPRESS,24.02,9.16,CLEAR,2.6,0.0691,0
100.2,9.5,9.2,1,2.8,PASSENGER,22.52,19.47,RAIN,16.7,0.7698,1
147.6,8.3,7.3,1,6.9,EXPRESS,33.05,13.31,CLEAR,14.1,0.731,1
123.1,5.4,6.3,1,13.9,EXPRESS,20.65,12.36,CLEAR,8.6,0.5451,0
38.7,16.3,8.5,0,28.8,FREIGHT,19.18,17.64,CLEAR,23.3,0.2881,0
97.0,3.9,4.3,1,4.2,EXPRESS,12.58,4.58,CLEAR,12.9,0.7358,1
97.2,5.9,3.1,1,24.1,PASSENGER,7.62,14.06,CLEAR,6.7,0.5341,1
104.3,2.0,2.1,1,6.9,PASSENGER,0.56,7.31,CLEAR,4.5,0.9381,1
92.5,1.1,1.1,1,16.0,PASSENGER,13.22,0.51,CLEAR,6.2,0.3857,0
67.2,5.5,3.7,0,23.4,PASSENGER,25.51,17.97,CLEAR,12.4,0.0989,1
106.7,15.3,9.9,0,21.2,PASSENGER,22.58,11.39,CLEAR,12.8,0.1567,1
159.2,4.0,4.1,0,23.6,EXPRESS,21.46,21.68,CLEAR,3.7,0.0959,0
81.7,11.8,11.3,0,24.7,PASSENGER,31.01,12.0,CLEAR,12.2,0.2853,0
56.8,5.1,2.0,0,10.2,FREIGHT,9.7,0.24,FOG,9.4,0.1515,0
144.4,15.2,5.3,1,11.9,EXPRESS,27.3,9.81,CLEAR,17.9,0.7048,1
141.5,12.0,4.7,0,24.7,EXPRESS,24.48,4.11,STORM,15.2,0.2469,0
108.4,7.5,5.0,1,2.6,PASSENGER,13.89,22.11,CLEAR,12.5,0.7202,1
65.7,10.2,4.7,0,16.2,PASSENGER,9.13,10.7,CLEAR,12.1,0.1847,1
89.0,2.6,1.1,0,27.7,PASSENGER,22.73,12.26,RAIN,7.4,0.1168,0
138.4,3.2,0.7,0,26.7,EXPRESS,37.83,8.77,CLEAR,1.0,0.0707,0
104.5,21.8,17.3,0,24.4,PASSENGER,3.52,12.53,CLEAR,24.9,0.3556,1
151.2,1.5,0.2,1,2.1,EXPRESS,38.14,1.99,RAIN,8.0,0.712,1
108.9,6.9,2.8,0,26.8,PASSENGER,18.86,11.01,CLEAR,9.7,0.0957,0
85.6,4.2,2.5,0,27.5,PASSENGER,28.55,15.92,RAIN,6.4,0.1078,0
148.2,3.8,2.0,0,20.4,EXPRESS,32.23,8.93,FOG,6.0,0.075,1
81.4,8.7,6.9,1,10.0,PASSENGER,6.48,9.42,CLEAR,14.8,0.6671,0
49.0,13.8,6.2,0,15.5,FREIGHT,2.28,20.1,CLEAR,19.9,0.2726,0
72.7,11.8,10.6,0,23.2,PASSENGER,5.58,12.88,RAIN,19.1,0.2609,0
66.8,3.8,2.3,0,24.7,FREIGHT,13.97,14.1,CLEAR,6.2,0.0675,0
109.3,9.9,3.7,0,11.3,PASSENGER,38.28,7.12,CLEAR,11.6,0.0701,0
72.8,12.3,10.0,1,10.8,PASSENGER,2.19,11.59,RAIN,24.2,0.7862,1
93.9,26.6,22.9,0,22.5,EXPRESS,36.83,1.3,CLEAR,30.7,0.3882,0
147.1,22.3,15.7,0,21.1,EXPRESS,22.67,10.33,RAIN,20.4,0.2122,0
133.4,7.5,5.7,0,16.1,EXPRESS,4.54,19.26,CLEAR,6.3,0.1527,0
108.0,3.9,0.7,1,13.5,PASSENGER,6.53,3.87,CLEAR,13.0,0.4771,0
41.4,14.3,0.1,1,20.2,FREIGHT,27.73,18.35,CLEAR,21.7,0.7039,1
95.0,10.3,7.8,1,2.4,EXPRESS,24.53,8.98,CLEAR,20.5,0.6193,1
84.6,7.4,8.3,1,3.7,PASSENGER,7.11,0.65,CLEAR,17.2,0.7284,1
64.3,13.3,6.2,1,17.8,PASSENGER,36.22,22.88,CLEAR,22.7,0.6126,1
73.1,2.1,1.5,1,7.5,PASSENGER,5.75,4.35,FOG,17.4,0.7269,1
98.8,6.5,4.6,1,23.6,EXPRESS,20.71,8.03,CLEAR,11.9,0.5693,1
71.2,7.7,1.7,0,23.5,PASSENGER,21.37,11.54,CLEAR,11.9,0.0579,0
97.4,3.8,2.7,0,21.7,EXPRESS,34.88,22.79,CLEAR,7.4,0.1241,1
156.8,6.6,2.2,0,27.3,EXPRESS,1.37,13.95,CLEAR,2.8,0.3509,0
42.5,12.0,11.0,1,5.5,FREIGHT,5.89,21.73,CLEAR,23.1,0.8465,1
121.1,5.7,1.2,0,8.9,EXPRESS,7.24,13.55,CLEAR,6.3,0.0807,0
152.9,3.5,3.9,1,8.7,EXPRESS,2.98,4.93,CLEAR,6.8,0.6884,1
60.5,3.7,2.0,0,23.8,FREIGHT,25.44,13.54,STORM,10.9,0.2039,0
133.3,6.4,4.9,1,16.4,EXPRESS,9.57,2.41,CLEAR,8.9,0.5152,1
95.3,4.6,3.7,1,8.7,PASSENGER,23.28,2.81,FOG,16.7,0.6837,1
148.0,13.6,11.6,1,5.4,EXPRESS,31.41,2.78,CLEAR,16.9,0.7994,0
151.4,1.6,0.5,0,27.0,EXPRESS,16.64,0.29,CLEAR,0.2,0.0606,0
135.0,10.6,1.1,0,21.2,EXPRESS,30.87,3.63,CLEAR,6.4,0.078,0
152.3,8.1,6.5,0,16.6,EXPRESS,31.23,8.47,CLEAR,6.4,0.1005,0
86.8,3.9,2.1,0,29.0,PASSENGER,10.91,1.73,CLEAR,7.0,0.1178,0
73.9,2.8,0.8,0,25.7,PASSENGER,1.12,0.15,FOG,10.2,0.3988,0
104.0,19.7,3.1,1,6.6,PASSENGER,4.58,2.69,CLEAR,23.8,0.7304,1
54.4,8.3,4.8,0,16.0,FREIGHT,33.03,22.47,RAIN,15.7,0.2266,0
153.4,3.9,0.2,0,15.4,EXPRESS,16.51,12.62,CLEAR,5.1,0.0764,1
62.0,2.7,1.6,0,25.6,PASSENGER,33.64,10.44,FOG,11.5,0.1491,0
79.9,8.6,7.5,1,5.7,PASSENGER,22.13,11.69,CLEAR,21.1,0.701,0
72.7,3.9,3.3,0,14.4,FREIGHT,8.3,13.32,RAIN,9.6,0.1359,0
107.5,3.7,0.2,0,19.6,EXPRESS,28.63,2.59,CLEAR,0.0,0.0971,1
107.1,2.6,1.5,0,28.4,PASSENGER,22.55,14.03,CLEAR,5.4,0.1336,0
72.9,8.5,4.6,0,27.1,FREIGHT,14.4,20.02,CLEAR,16.2,0.1742,0
151.7,1.8,1.0,0,16.7,EXPRESS,3.96,13.46,CLEAR,0.1,0.0675,0
55.4,8.5,7.9,0,18.8,FREIGHT,4.54,21.19,CLEAR,13.3,0.2137,0
135.3,6.1,5.1,0,25.8,EXPRESS,7.95,3.32,FOG,8.5,0.1243,0
103.5,2.8,2.9,0,22.7,PASSENGER,27.08,19.82,CLEAR,7.0,0.1203,0
64.9,10.3,11.1,0,26.6,FREIGHT,29.25,15.9,RAIN,17.5,0.185,0
91.5,2.7,2.2,0,27.0,PASSENGER,25.42,14.49,RAIN,5.5,0.0905,0
109.1,3.6,1.2,0,25.2,PASSENGER,13.82,14.13,CLEAR,2.6,0.0531,0
138.0,7.1,4.9,1,1.8,EXPRESS,17.9,2.85,FOG,18.9,0.9178,1
73.9,5.2,3.8,1,10.4,FREIGHT,28.53,15.41,RAIN,22.0,0.5901,0
62.9,3.6,1.8,1,13.0,PASSENGER,26.56,9.57,CLEAR,10.9,0.5046,0
99.7,4.4,1.9,1,20.8,EXPRESS,31.03,1.52,CLEAR,12.0,0.3359,1
82.6,4.9,2.3,1,10.2,PASSENGER,10.02,4.93,CLEAR,14.4,0.5761,1
79.2,1.9,1.5,1,10.7,PASSENGER,0.68,10.62,CLEAR,8.3,0.8971,1
144.8,7.3,5.6,1,12.9,EXPRESS,11.02,23.83,CLEAR,12.2,0.5661,1
101.2,5.9,4.7,0,28.7,EXPRESS,14.24,10.34,CLEAR,11.9,0.0681,1
158.3,4.2,2.6,1,14.0,EXPRESS,38.44,3.59,CLEAR,8.1,0.3072,0
75.8,6.0,2.3,1,5.5,PASSENGER,9.1,21.64,FOG,17.5,0.8125,0
81.4,4.1,2.0,1,1.7,PASSENGER,33.14,0.85,CLEAR,13.3,0.6255,1
73.7,1.9,1.5,1,8.2,PASSENGER,25.09,3.04,CLEAR,12.2,0.5494,1
56.1,1.0,0.4,0,28.3,FREIGHT,7.12,11.37,CLEAR,6.1,0.1018,0
32.6,1.5,1.4,0,28.7,FREIGHT,16.44,2.23,CLEAR,10.2,0.1758,0
67.5,3.0,1.7,1,16.6,PASSENGER,20.65,13.72,CLEAR,11.6,0.5156,0
142.2,6.2,3.6,0,19.9,EXPRESS,14.09,3.79,CLEAR,2.9,0.1022,0
69.3,8.9,6.7,0,24.2,PASSENGER,9.43,15.62,FOG,16.5,0.2165,1
71.8,7.3,2.3,1,3.1,PASSENGER,10.49,2.82,CLEAR,20.1,0.6462,1
99.6,10.9,13.0,1,12.2,PASSENGER,23.62,19.44,RAIN,21.9,0.5882,0
64.7,12.9,7.9,0,19.8,PASSENGER,27.68,17.61,CLEAR,16.9,0.1617,0
120.6,25.3,18.8,0,27.1,EXPRESS,19.02,22.21,RAIN,24.7,0.2286,1
31.0,14.5,9.4,0,22.2,FREIGHT,37.7,1.64,RAIN,22.7,0.1644,0
114.3,11.5,4.3,0,11.5,EXPRESS,29.28,13.33,CLEAR,11.3,0.1393,0
94.9,4.9,4.1,0,27.4,PASSENGER,35.72,17.01,CLEAR,7.3,0.0847,0
96.3,0.6,0.6,0,20.4,EXPRESS,19.29,21.66,CLEAR,7.0,0.1022,1
70.0,8.2,5.8,0,25.2,FREIGHT,1.09,11.57,CLEAR,11.9,0.5094,1
153.7,4.5,4.1,1,12.5,EXPRESS,23.89,22.83,RAIN,9.0,0.5573,1
97.3,16.9,3.2,1,1.6,EXPRESS,32.82,2.94,CLEAR,27.6,0.8537,1
159.4,4.6,5.3,0,6.2,EXPRESS,21.69,10.4,CLEAR,4.3,0.0869,0
110.8,2.6,2.6,0,27.9,EXPRESS,22.93,6.08,RAIN,8.2,0.1055,0
95.9,6.8,3.3,1,2.4,EXPRESS,39.01,3.73,FOG,18.2,0.7039,1
60.3,2.7,2.3,0,18.5,PASSENGER,14.96,6.88,RAIN,8.2,0.1467,0
80.4,8.2,5.7,1,13.2,PASSENGER,32.17,15.95,CLEAR,15.8,0.7783,1
134.1,18.6,9.4,1,13.7,EXPRESS,20.45,11.6,RAIN,21.4,0.527,1
113.3,6.1,8.3,1,12.9,EXPRESS,18.82,4.36,CLEAR,12.7,0.6148,1
67.7,7.2,6.9,1,3.4,FREIGHT,6.25,0.76,CLEAR,19.1,0.7619,1
95.8,1.3,0.1,1,5.0,PASSENGER,30.06,22.16,CLEAR,8.7,0.444,1
77.5,15.4,10.9,1,3.3,PASSENGER,33.02,7.54,CLEAR,26.9,0.826,1
96.7,2.6,1.4,1,3.0,PASSENGER,17.52,3.06,CLEAR,12.9,0.4937,0
155.8,9.2,9.9,1,3.9,EXPRESS,30.66,3.51,CLEAR,12.2,0.7982,1
96.5,1.0,1.0,0,21.4,EXPRESS,23.45,6.08,RAIN,6.0,0.12,1
111.4,15.6,2.6,1,4.8,EXPRESS,10.67,5.54,CLEAR,18.5,0.6717,0
50.8,10.3,6.2,1,9.0,FREIGHT,36.99,6.71,CLEAR,19.2,0.5055,0
52.4,8.7,4.6,0,20.2,FREIGHT,28.02,5.41,CLEAR,17.1,0.1207,1
87.1,2.1,2.4,0,4.7,PASSENGER,35.19,10.34,CLEAR,6.4,0.1749,0
111.0,5.9,5.1,0,27.4,EXPRESS,11.62,18.37,CLEAR,6.7,0.1933,0
136.7,6.3,3.6,0,15.1,EXPRESS,36.7,0.65,CLEAR,8.7,0.0869,0
135.2,5.0,1.5,0,28.9,EXPRESS,14.9,4.57,CLEAR,4.0,0.1078,0
88.9,7.0,4.7,1,7.0,PASSENGER,0.88,17.09,CLEAR,14.7,0.8922,1
98.0,2.5,1.0,1,2.4,EXPRESS,3.46,3.57,FOG,13.2,0.7898,1
51.5,6.7,5.3,0,18.3,FREIGHT,4.03,17.79,CLEAR,13.7,0.1665,0
114.9,0.5,0.0,0,10.9,EXPRESS,8.68,12.36,CLEAR,4.6,0.1369,0
52.1,7.8,3.6,0,17.8,FREIGHT,7.87,21.16,CLEAR,13.2,0.1377,1
106.1,3.2,2.3,0,15.0,PASSENGER,2.79,0.24,CLEAR,7.5,0.1861,0
84.0,3.1,1.6,1,14.5,PASSENGER,35.87,18.82,CLEAR,10.7,0.4833,1
60.7,6.9,3.3,0,25.8,PASSENGER,33.22,13.73,CLEAR,10.1,0.2506,0
81.9,5.2,4.7,1,7.0,PASSENGER,30.63,11.25,FOG,16.3,0.6458,0
101.0,20.5,15.1,1,15.7,PASSENGER,19.43,3.5,RAIN,27.1,0.7515,1
99.0,15.1,8.1,0,13.4,PASSENGER,17.29,5.62,FOG,22.6,0.1941,1
85.7,4.7,5.7,0,20.7,PASSENGER,17.3,18.86,CLEAR,10.6,0.1442,0
41.2,5.3,2.9,1,2.9,FREIGHT,10.84,3.58,CLEAR,19.6,0.861,1
83.3,4.0,2.2,0,16.6,PASSENGER,24.53,12.66,CLEAR,2.6,0.166,0
88.2,0.3,0.1,0,15.1,PASSENGER,2.83,4.98,CLEAR,6.4,0.1251,0
75.0,5.3,2.0,0,29.2,FREIGHT,26.52,11.74,CLEAR,8.1,0.1265,0
135.1,12.7,8.5,1,23.0,EXPRESS,20.8,6.11,STORM,20.5,0.6479,1
138.6,4.6,2.2,1,5.9,EXPRESS,32.75,8.43,CLEAR,8.3,0.508,0
84.6,8.1,2.8,0,16.0,PASSENGER,38.92,19.26,STORM,16.5,0.1217,0
77.7,2.4,1.4,0,23.8,PASSENGER,35.13,0.89,CLEAR,7.0,0.0843,0
66.6,4.7,1.4,0,16.5,FREIGHT,28.94,22.18,CLEAR,11.3,0.075,0
84.7,4.4,0.3,1,11.7,PASSENGER,17.59,7.67,CLEAR,13.0,0.4969,0
109.7,4.0,4.3,0,12.2,PASSENGER,8.97,14.31,CLEAR,5.9,0.1708,0
82.9,11.9,2.7,0,12.0,PASSENGER,26.76,5.32,CLEAR,13.7,0.1103,0
94.8,5.2,4.2,1,2.1,EXPRESS,8.46,8.61,CLEAR,13.9,0.711,1
94.1,7.2,3.6,0,22.3,PASSENGER,1.3,11.03,RAIN,11.6,0.4507,0
32.1,12.2,7.2,1,18.9,FREIGHT,23.14,16.53,CLEAR,24.9,0.7091,1
107.5,8.2,6.3,0,9.2,EXPRESS,16.07,20.95,RAIN,10.2,0.1086,0
77.7,8.2,6.6,1,19.5,PASSENGER,35.1,20.79,CLEAR,14.6,0.5305,1
97.0,4.3,3.1,1,10.3,PASSENGER,26.01,8.09,RAIN,14.6,0.5444,0
124.6,2.4,2.0,0,8.4,EXPRESS,26.07,2.13,RAIN,3.9,0.1224,0
92.0,12.8,12.2,0,22.6,EXPRESS,31.62,22.2,FOG,16.7,0.1296,0
57.8,1.1,0.3,0,24.6,FREIGHT,13.76,0.74,RAIN,6.0,0.13,1
118.8,3.3,0.7,0,19.3,EXPRESS,38.35,21.15,CLEAR,4.6,0.0804,0
154.5,4.0,2.4,0,23.8,EXPRESS,9.24,0.62,CLEAR,4.7,0.0461,0
125.0,3.2,4.3,1,11.9,EXPRESS,34.93,23.44,FOG,13.5,0.5255,0
95.4,1.4,0.0,1,3.5,PASSENGER,36.48,0.27,FOG,9.4,0.6268,1
70.9,10.1,5.7,0,18.7,PASSENGER,2.04,0.41,CLEAR,14.0,0.2494,1
98.0,8.7,3.7,1,8.8,PASSENGER,25.46,12.21,CLEAR,17.1,0.4812,1
140.5,3.1,3.0,0,23.7,EXPRESS,30.1,16.0,CLEAR,0.0,0.075,0
70.7,3.0,2.5,1,11.7,FREIGHT,38.18,8.47,CLEAR,15.6,0.4972,0
92.4,15.6,3.3,0,20.6,EXPRESS,10.43,14.54,CLEAR,13.0,0.091,0
121.3,1.8,0.8,0,17.3,EXPRESS,22.69,20.3,STORM,8.9,0.1003,0
94.0,5.1,0.5,0,24.8,PASSENGER,31.04,19.09,RAIN,7.7,0.0764,0
96.7,3.7,1.5,0,25.2,EXPRESS,6.36,21.22,CLEAR,6.1,0.0718,0
48.5,4.7,5.6,1,3.4,FREIGHT,34.19,3.82,CLEAR,18.1,0.7518,1
72.4,8.1,4.0,1,9.9,FREIGHT,16.44,5.39,CLEAR,15.2,0.6783,0
120.5,13.7,2.9,0,26.3,EXPRESS,25.77,14.11,FOG,16.6,0.109,0
74.3,9.5,3.8,0,13.0,FREIGHT,2.16,17.37,CLEAR,12.8,0.2766,0
62.8,6.2,3.7,1,16.2,PASSENGER,9.31,2.58,CLEAR,16.9,0.6357,1
62.3,3.9,1.7,1,6.7,FREIGHT,19.39,4.22,RAIN,14.4,0.6866,1
130.7,1.6,0.5,1,17.3,EXPRESS,11.92,22.15,RAIN,6.7,0.55,0
85.0,10.2,10.2,1,9.0,PASSENGER,38.33,0.62,CLEAR,20.2,0.6101,1
158.0,4.4,4.1,1,25.1,EXPRESS,31.9,9.64,RAIN,6.5,0.4864,1
35.8,14.5,5.4,0,7.2,FREIGHT,34.66,5.06,RAIN,25.3,0.3769,1
152.7,4.1,2.8,0,11.8,EXPRESS,18.92,18.58,CLEAR,2.8,0.0785,1
94.6,6.3,6.4,0,4.2,PASSENGER,19.21,20.73,FOG,17.8,0.164,0
108.1,6.6,4.0,0,18.3,EXPRESS,32.3,5.93,CLEAR,7.6,0.142,0
153.1,1.8,0.2,0,28.3,EXPRESS,15.81,14.16,STORM,5.3,0.0834,0
81.5,8.9,9.9,1,6.4,PASSENGER,19.49,20.24,FOG,21.1,0.6006,1
66.6,2.9,1.6,1,2.1,FREIGHT,21.38,14.36,CLEAR,15.4,0.7122,0
79.4,2.8,0.7,1,13.5,PASSENGER,24.48,14.42,RAIN,13.6,0.5744,1
68.3,4.8,0.4,0,22.8,FREIGHT,26.17,9.91,STORM,17.5,0.2264,0
134.6,8.1,5.7,0,29.3,EXPRESS,27.39,15.67,CLEAR,10.1,0.1267,1
67.1,7.0,5.5,1,3.0,PASSENGER,18.04,23.05,RAIN,21.7,0.79,0
92.5,8.0,5.4,0,23.9,PASSENGER,12.16,7.19,FOG,11.4,0.1207,0
103.4,13.6,11.1,1,12.0,EXPRESS,36.85,4.81,CLEAR,19.7,0.6843,0
80.6,2.8,1.9,1,5.9,PASSENGER,33.16,23.0,CLEAR,13.1,0.5777,1
68.5,5.0,3.7,1,7.0,PASSENGER,0.64,1.44,CLEAR,13.4,0.9203,1
61.1,9.4,4.3,0,27.8,PASSENGER,20.76,20.16,CLEAR,13.9,0.1399,0
70.6,16.1,17.5,0,24.6,PASSENGER,11.35,21.84,CLEAR,21.9,0.3475,0
86.8,1.8,1.7,1,10.4,PASSENGER,25.89,5.27,CLEAR,13.6,0.5493,0
123.7,18.0,14.1,0,28.3,EXPRESS,20.35,10.22,CLEAR,17.9,0.2817,1
125.1,5.0,0.7,1,4.5,EXPRESS,1.34,2.95,CLEAR,7.3,0.8032,1
72.4,9.0,6.5,1,10.7,PASSENGER,29.25,8.81,CLEAR,19.7,0.7277,0
138.0,14.0,4.5,0,20.1,EXPRESS,11.38,10.98,RAIN,15.4,0.1446,0
139.3,11.5,7.6,0,30.0,EXPRESS,10.78,12.23,CLEAR,14.6,0.0903,0
77.9,0.3,0.1,1,14.8,PASSENGER,1.76,2.94,RAIN,9.4,0.7277,1
104.1,3.9,0.4,0,24.6,PASSENGER,33.22,9.69,STORM,7.8,0.1274,0
135.1,1.2,0.3,0,27.6,EXPRESS,23.36,15.0,CLEAR,0.9,0.0499,0
95.7,5.8,4.0,1,1.8,PASSENGER,19.65,12.0,RAIN,19.1,0.7859,0
73.9,5.9,4.2,1,9.7,PASSENGER,27.19,20.19,CLEAR,16.2,0.7497,1
90.0,14.9,10.6,1,4.4,EXPRESS,14.14,22.83,CLEAR,22.9,0.7925,1
103.3,8.1,2.8,0,23.6,PASSENGER,22.99,19.6,CLEAR,10.1,0.1378,0
101.1,2.9,0.3,0,17.7,PASSENGER,10.35,1.14,STORM,10.3,0.1881,0
66.2,1.1,1.1,1,4.2,PASSENGER,2.99,5.15,CLEAR,11.0,0.6766,1
78.7,2.7,0.0,0,13.5,PASSENGER,22.67,2.1,FOG,7.1,0.087,0
136.3,9.2,6.7,1,16.1,EXPRESS,9.24,10.41,CLEAR,12.3,0.5796,0
92.6,16.3,7.6,1,21.4,PASSENGER,30.13,17.37,CLEAR,22.4,0.6554,1
150.2,25.4,27.8,0,23.7,EXPRESS,18.35,0.78,RAIN,28.0,0.5027,0
36.3,2.3,2.4,1,4.0,FREIGHT,10.39,6.41,FOG,18.8,0.7169,1
49.3,6.2,0.1,0,15.4,FREIGHT,24.53,2.25,RAIN,12.1,0.144,0
64.9,1.2,1.2,1,6.1,PASSENGER,5.11,9.84,RAIN,14.3,0.6587,1
117.3,3.8,4.0,0,23.0,EXPRESS,30.58,22.21,RAIN,6.0,0.0886,0
91.1,17.1,14.7,0,20.2,EXPRESS,18.36,9.91,RAIN,20.4,0.2894,0
152.9,1.2,0.5,0,22.1,EXPRESS,32.6,15.23,CLEAR,0.0,0.0691,0
86.4,5.5,0.6,1,3.6,PASSENGER,5.95,9.29,CLEAR,15.8,0.7744,1
149.5,10.3,5.4,0,16.0,EXPRESS,15.61,17.55,RAIN,9.4,0.1489,0
63.0,7.6,5.0,0,25.5,PASSENGER,7.61,17.83,RAIN,17.2,0.0991,0
105.9,9.3,1.3,0,21.8,EXPRESS,2.92,3.31,CLEAR,12.2,0.1448,0
41.7,10.1,7.5,0,26.1,FREIGHT,38.24,15.68,CLEAR,17.8,0.1524,0
117.1,0.6,0.6,1,7.4,EXPRESS,29.2,9.27,RAIN,7.4,0.2806,0
66.1,16.9,11.7,0,9.7,FREIGHT,13.36,20.63,CLEAR,18.4,0.1972,0
47.4,6.9,1.0,1,14.1,FREIGHT,10.22,3.79,CLEAR,14.6,0.6999,1
70.2,11.5,0.4,0,16.4,PASSENGER,8.57,21.54,CLEAR,16.2,0.1005,0
63.2,3.7,1.9,1,8.7,PASSENGER,2.2,12.28,CLEAR,11.8,0.7814,1
64.0,5.9,0.9,1,12.4,PASSENGER,4.56,6.13,CLEAR,15.8,0.5394,0
98.0,8.1,3.4,1,21.1,PASSENGER,4.56,8.03,CLEAR,12.5,0.6315,1
121.1,5.3,5.2,1,19.9,EXPRESS,26.82,0.12,CLEAR,10.1,0.4874,0
140.8,5.3,3.0,1,4.6,EXPRESS,23.99,22.8,RAIN,10.4,0.6141,1
94.1,6.5,4.9,0,29.6,PASSENGER,22.94,5.4,CLEAR,10.6,0.0662,0
66.8,4.3,2.0,0,17.5,PASSENGER,29.51,21.83,CLEAR,10.7,0.1395,0
67.1,6.4,0.1,1,15.3,PASSENGER,10.42,20.47,CLEAR,11.6,0.5245,0
142.9,20.3,16.4,0,29.1,EXPRESS,14.03,8.38,CLEAR,21.7,0.1862,0
140.5,10.4,7.7,1,5.5,EXPRESS,5.5,5.06,CLEAR,14.4,0.743,0
116.5,5.2,0.3,1,17.0,EXPRESS,23.71,10.24,CLEAR,12.0,0.459,0
95.4,2.9,2.7,0,24.4,EXPRESS,37.35,22.41,CLEAR,8.0,0.0647,0
90.8,4.1,4.5,0,12.9,EXPRESS,34.59,20.52,RAIN,7.8,0.1006,0
110.2,1.7,1.0,1,22.5,EXPRESS,22.42,11.73,CLEAR,10.6,0.2109,0
90.6,8.6,3.9,0,27.1,EXPRESS,25.96,13.09,CLEAR,7.2,0.1063,0
40.4,10.9,3.4,1,9.0,FREIGHT,39.7,9.81,CLEAR,19.8,0.6516,1
119.4,3.7,1.1,1,8.4,EXPRESS,20.94,22.67,STORM,13.7,0.5864,1
66.1,10.3,0.7,0,11.8,PASSENGER,34.89,23.73,CLEAR,12.0,0.107,1
97.3,9.6,6.4,1,13.4,EXPRESS,20.28,6.94,RAIN,15.1,0.6736,1
70.3,4.7,1.8,1,4.7,FREIGHT,2.39,22.79,CLEAR,16.8,0.7998,0
89.3,4.5,1.3,1,8.1,PASSENGER,37.42,22.81,FOG,14.3,0.613,0
155.4,13.2,6.0,0,26.4,EXPRESS,4.92,11.36,RAIN,11.6,0.1512,1
77.3,4.6,6.0,0,17.6,PASSENGER,28.32,9.96,CLEAR,10.4,0.089,0
137.4,2.1,1.5,1,9.1,EXPRESS,9.9,20.86,RAIN,9.9,0.2928,0
70.2,11.0,9.3,0,28.4,PASSENGER,36.09,22.63,CLEAR,18.6,0.1735,0
133.3,11.3,5.2,0,23.6,EXPRESS,8.42,9.66,CLEAR,8.3,0.2113,0
35.8,11.2,1.9,1,11.8,FREIGHT,6.03,11.81,CLEAR,25.0,0.5974,0
60.1,3.5,2.5,0,23.3,PASSENGER,17.83,8.02,RAIN,10.5,0.1646,0
155.2,12.5,5.8,0,18.5,EXPRESS,20.12,5.01,CLEAR,9.8,0.1851,0
87.7,3.5,1.1,0,21.0,PASSENGER,32.85,23.91,STORM,11.2,0.1064,0
154.9,4.4,2.8,1,10.7,EXPRESS,30.61,4.53,RAIN,9.0,0.7172,1
45.0,11.4,4.8,1,7.5,FREIGHT,13.47,19.54,CLEAR,25.5,0.6515,1
76.4,5.7,3.5,0,8.7,PASSENGER,15.71,10.09,STORM,16.9,0.1826,0
80.0,5.8,4.2,1,3.9,PASSENGER,23.28,2.01,CLEAR,17.9,0.6128,1
139.4,3.9,3.6,0,14.9,EXPRESS,22.29,7.8,FOG,4.4,0.1382,0
55.5,0.8,1.0,1,13.1,FREIGHT,34.55,2.0,RAIN,11.9,0.4502,1
106.3,5.7,2.4,1,1.6,PASSENGER,19.16,23.57,CLEAR,15.8,0.7032,0
91.8,4.2,3.4,0,25.9,EXPRESS,35.79,6.36,CLEAR,7.9,0.0576,0
139.6,10.7,6.8,0,20.9,EXPRESS,8.6,17.9,CLEAR,10.0,0.1506,0
113.1,9.0,4.8,0,14.2,EXPRESS,34.77,10.21,RAIN,14.9,0.196,0
38.1,4.5,2.5,0,29.1,FREIGHT,12.52,16.31,RAIN,11.4,0.1555,0
125.7,22.1,16.5,0,28.3,EXPRESS,31.68,6.12,RAIN,24.4,0.3226,0
85.3,15.5,0.5,1,4.2,PASSENGER,22.83,2.26,CLEAR,23.7,0.6762,1
99.6,1.9,1.0,0,19.0,EXPRESS,35.08,19.41,CLEAR,3.2,0.1218,0
104.1,4.3,1.9,0,24.8,EXPRESS,9.63,17.2,STORM,11.1,0.167,0
80.4,6.4,1.2,1,6.4,PASSENGER,28.21,2.63,CLEAR,13.5,0.4718,0
48.4,5.1,4.4,1,5.1,FREIGHT,34.03,17.54,CLEAR,17.8,0.6531,1
75.9,0.9,0.2,1,8.9,PASSENGER,31.18,14.34,CLEAR,7.3,0.4491,0
36.7,3.1,0.9,0,9.5,FREIGHT,22.86,4.12,RAIN,15.4,0.1513,0
60.2,3.9,1.6,0,29.0,PASSENGER,27.18,19.81,STORM,13.8,0.1834,0
157.9,5.5,5.2,0,23.7,EXPRESS,8.26,16.77,CLEAR,1.7,0.0658,0
156.0,12.3,9.4,1,3.2,EXPRESS,9.05,12.16,CLEAR,13.2,0.7391,1
84.2,7.2,7.2,0,23.9,PASSENGER,11.06,4.29,FOG,13.1,0.2409,0
74.8,2.8,0.9,1,6.3,FREIGHT,33.21,12.96,CLEAR,11.7,0.6333,0
60.3,8.3,3.8,1,11.7,FREIGHT,7.11,3.91,CLEAR,18.5,0.6024,1
94.8,4.5,0.1,0,10.6,EXPRESS,12.31,4.41,CLEAR,6.3,0.0617,0
98.2,3.2,1.7,1,9.3,EXPRESS,36.86,5.79,CLEAR,16.1,0.6076,0
154.1,9.8,7.4,1,10.3,EXPRESS,30.33,15.71,CLEAR,10.0,0.4899,0
58.4,5.8,2.7,0,23.0,FREIGHT,29.46,16.31,CLEAR,12.1,0.1004,0
67.9,3.1,0.7,1,9.1,FREIGHT,18.48,1.75,CLEAR,13.3,0.4525,0
104.9,8.1,2.6,0,24.3,PASSENGER,28.24,15.62,RAIN,7.8,0.1142,0
121.4,3.0,1.0,1,4.1,EXPRESS,22.85,0.83,CLEAR,8.7,0.485,1
62.4,4.5,2.2,0,18.5,PASSENGER,3.32,21.72,RAIN,15.6,0.2597,0
69.4,4.0,3.0,0,26.1,PASSENGER,23.27,18.69,STORM,12.9,0.2012,0
94.7,7.7,1.9,1,3.8,EXPRESS,18.36,17.39,RAIN,21.3,0.5613,0
69.4,17.8,12.4,0,19.6,PASSENGER,5.0,5.74,CLEAR,21.9,0.2081,0
118.7,7.0,3.7,0,16.1,EXPRESS,14.1,23.7,CLEAR,7.5,0.0767,0
98.3,7.8,8.3,0,11.0,EXPRESS,35.84,22.18,CLEAR,10.1,0.1065,0
37.5,6.2,6.4,1,4.4,FREIGHT,32.25,11.76,RAIN,19.2,0.7846,1
82.3,5.2,4.9,0,20.8,PASSENGER,36.6,0.83,STORM,12.0,0.1845,0
77.0,3.0,3.1,1,10.3,PASSENGER,28.82,12.27,CLEAR,10.8,0.6417,1
83.4,1.5,0.0,1,11.2,PASSENGER,25.49,3.7,FOG,14.1,0.4801,1
120.0,5.7,4.3,1,22.0,EXPRESS,6.0,14.22,CLEAR,11.7,0.4708,0
92.2,2.1,2.0,0,28.4,PASSENGER,4.73,23.68,FOG,7.0,0.1541,0
106.9,1.0,0.6,0,11.0,PASSENGER,10.25,18.17,RAIN,8.1,0.0588,0
65.4,6.6,2.6,0,22.8,PASSENGER,12.91,7.73,CLEAR,9.2,0.1285,0
65.0,9.4,6.0,0,28.8,PASSENGER,24.48,9.46,RAIN,16.3,0.133,0
149.7,18.9,14.7,1,4.3,EXPRESS,35.15,22.67,FOG,23.6,0.9046,1
125.4,3.7,2.1,0,16.6,EXPRESS,35.68,2.64,CLEAR,4.3,0.0753,0
98.3,4.9,3.5,1,1.8,PASSENGER,27.45,21.36,CLEAR,16.5,0.8339,1
105.1,8.1,8.6,0,25.0,EXPRESS,23.17,1.79,STORM,15.3,0.2222,1
101.4,2.4,1.8,1,9.7,PASSENGER,10.15,9.95,CLEAR,9.5,0.5749,1
154.7,1.5,0.7,0,11.0,EXPRESS,37.55,17.89,CLEAR,0.0,0.0815,0
134.5,7.5,1.5,0,21.1,EXPRESS,27.01,9.48,STORM,13.3,0.0949,0
97.4,17.1,10.3,0,24.0,EXPRESS,21.57,13.71,CLEAR,20.6,0.2778,0
70.3,2.4,0.8,1,12.9,FREIGHT,4.61,11.78,RAIN,13.8,0.6904,1
145.5,5.8,1.8,0,20.5,EXPRESS,33.12,14.51,RAIN,6.6,0.098,0
97.5,5.6,2.8,0,28.8,PASSENGER,14.29,4.1,RAIN,10.1,0.0739,0
61.8,10.5,8.5,0,26.8,PASSENGER,36.07,13.87,RAIN,16.3,0.1056,0
145.9,14.5,12.5,1,21.5,EXPRESS,7.15,23.69,CLEAR,18.4,0.6776,1
66.9,3.8,2.5,0,28.4,PASSENGER,2.42,4.65,FOG,12.8,0.325,1
71.1,15.4,12.1,0,26.5,PASSENGER,17.67,1.61,CLEAR,19.4,0.2146,1
88.9,3.0,0.8,0,22.3,PASSENGER,3.59,9.4,CLEAR,6.8,0.1527,0
41.9,4.4,0.8,0,27.6,FREIGHT,2.94,8.98,RAIN,9.4,0.3535,0
136.3,18.9,13.4,0,24.8,EXPRESS,28.69,3.02,CLEAR,15.5,0.2529,0
132.6,6.1,3.2,0,15.8,EXPRESS,10.67,13.72,RAIN,7.1,0.1513,1
34.9,1.1,0.9,0,15.8,FREIGHT,25.73,10.5,CLEAR,7.9,0.1512,0
135.9,2.6,3.0,1,1.8,EXPRESS,23.05,20.09,RAIN,14.1,0.731,1
106.2,13.2,6.9,1,2.4,PASSENGER,6.06,10.15,CLEAR,21.3,0.8467,1
68.1,13.8,7.9,0,22.8,PASSENGER,15.74,23.66,CLEAR,20.2,0.2134,1
131.8,14.5,9.0,1,17.3,EXPRESS,3.11,18.72,FOG,21.2,0.8482,1
77.1,4.6,3.8,0,23.2,PASSENGER,17.16,11.7,RAIN,10.7,0.3239,0
122.2,11.0,9.1,0,28.6,EXPRESS,7.7,13.25,CLEAR,10.5,0.1565,0
110.1,6.0,3.2,0,14.4,EXPRESS,4.3,20.8,CLEAR,7.0,0.0756,0
114.8,5.1,4.2,1,4.0,EXPRESS,13.02,18.58,CLEAR,10.9,0.5218,0
31.3,9.1,6.4,0,19.4,FREIGHT,0.64,15.79,RAIN,16.0,0.8235,1
158.7,7.7,2.5,1,4.3,EXPRESS,30.43,6.4,CLEAR,12.4,0.6099,1
91.2,7.5,0.3,0,19.2,PASSENGER,6.75,9.85,STORM,16.9,0.1918,0
52.5,4.3,1.9,0,16.5,FREIGHT,25.22,18.89,FOG,14.9,0.1745,0
79.2,6.6,4.4,0,21.8,PASSENGER,33.39,15.06,FOG,15.4,0.1918,1
87.0,6.5,1.0,0,11.5,PASSENGER,36.73,22.96,CLEAR,9.6,0.1238,0
79.0,4.7,0.7,1,5.6,PASSENGER,22.52,20.95,STORM,18.2,0.7871,1
115.2,7.7,1.6,0,8.2,EXPRESS,31.64,10.25,CLEAR,7.0,0.1958,0
83.2,3.3,0.1,1,21.0,PASSENGER,18.46,7.05,CLEAR,7.2,0.5461,1
73.8,11.2,6.1,1,15.1,PASSENGER,19.86,2.98,CLEAR,20.6,0.6219,0
38.1,1.3,1.3,0,16.9,FREIGHT,22.1,9.78,RAIN,10.2,0.202,1
55.0,4.1,0.6,0,10.7,FREIGHT,26.97,5.44,CLEAR,10.5,0.0917,0
67.9,4.6,5.4,0,25.3,FREIGHT,26.96,0.4,CLEAR,10.7,0.0756,0
36.9,11.5,8.3,0,30.0,FREIGHT,31.52,3.32,CLEAR,21.2,0.1462,0
61.6,3.1,0.1,0,10.4,PASSENGER,24.87,10.87,CLEAR,7.6,0.097,0
72.3,0.9,1.2,1,22.0,PASSENGER,35.36,21.42,CLEAR,10.7,0.3499,0
74.1,15.5,13.1,1,6.4,FREIGHT,28.51,7.7,CLEAR,24.4,0.7719,0
148.0,3.0,2.2,1,22.7,EXPRESS,37.19,10.59,CLEAR,2.3,0.4688,1
56.8,9.4,12.6,1,13.8,FREIGHT,30.14,9.22,RAIN,21.9,0.8185,1
106.5,1.6,1.4,0,18.8,PASSENGER,29.68,8.86,RAIN,7.7,0.077,0
82.3,3.2,1.1,1,8.3,PASSENGER,34.49,17.34,FOG,14.2,0.6724,0
109.2,1.5,1.1,0,25.8,PASSENGER,26.4,12.14,CLEAR,1.0,0.0784,1
43.3,0.9,0.4,1,6.4,FREIGHT,7.59,9.8,CLEAR,13.7,0.682,1
106.8,9.4,10.2,0,28.0,EXPRESS,3.78,22.64,RAIN,14.7,0.3688,1
91.9,20.8,17.6,1,3.2,PASSENGER,12.98,6.63,CLEAR,31.7,0.894,1
78.9,14.7,13.9,1,9.7,PASSENGER,32.67,19.99,CLEAR,26.8,0.6609,1
133.8,12.1,8.6,1,17.5,EXPRESS,1.36,12.36,CLEAR,14.1,0.8016,1
75.2,9.1,8.4,0,26.0,PASSENGER,6.43,10.6,CLEAR,16.2,0.1156,0
90.9,14.5,4.9,0,17.9,PASSENGER,4.69,1.51,CLEAR,12.1,0.1333,0
73.8,9.6,7.9,1,7.7,PASSENGER,1.97,20.6,RAIN,16.6,0.8363,1
93.6,6.9,1.1,0,26.0,EXPRESS,32.51,6.5,RAIN,7.1,0.1158,0
105.6,3.2,2.2,0,18.5,PASSENGER,11.54,16.3,CLEAR,5.8,0.095,0
104.2,6.3,4.6,0,8.1,PASSENGER,29.29,20.99,CLEAR,5.7,0.0973,0
108.5,10.9,9.3,0,17.5,PASSENGER,6.11,12.87,CLEAR,11.3,0.1063,0
140.2,5.6,4.9,0,20.7,EXPRESS,16.65,15.38,FOG,6.7,0.1915,0
60.7,10.7,8.2,0,20.9,FREIGHT,5.1,8.16,FOG,20.4,0.2403,0
88.0,7.5,2.9,0,22.1,PASSENGER,0.6,17.44,CLEAR,12.5,0.6245,0
66.3,11.9,5.7,0,27.0,PASSENGER,24.72,15.76,FOG,20.7,0.1497,0
69.5,32.0,17.6,0,25.0,PASSENGER,19.5,10.67,RAIN,33.8,0.3213,0
110.3,5.3,0.7,0,18.8,EXPRESS,16.96,15.23,CLEAR,6.3,0.0791,0
104.5,15.6,11.8,1,2.4,PASSENGER,3.61,6.3,RAIN,25.6,0.9148,1
68.6,4.9,3.3,0,22.9,PASSENGER,23.73,15.79,CLEAR,9.0,0.062,0
106.1,11.9,4.6,0,29.3,PASSENGER,31.31,16.15,FOG,15.4,0.1504,0
86.1,10.8,9.5,0,10.2,PASSENGER,3.16,10.68,CLEAR,13.8,0.2684,0
95.8,3.0,2.4,0,18.8,PASSENGER,16.83,5.98,RAIN,5.5,0.0906,0
97.7,5.7,2.4,1,23.4,EXPRESS,12.81,19.27,CLEAR,11.1,0.4028,0
73.5,5.3,3.4,0,19.7,PASSENGER,35.73,18.1,FOG,11.0,0.1329,0
157.1,2.8,0.1,0,27.8,EXPRESS,10.87,1.37,CLEAR,1.8,0.0613,0
108.6,10.4,3.1,0,15.0,EXPRESS,37.8,11.86,RAIN,12.4,0.0851,0
43.3,4.2,1.5,1,16.7,FREIGHT,33.22,2.21,CLEAR,17.1,0.6559,1
69.9,19.5,11.8,1,2.6,PASSENGER,4.46,7.67,CLEAR,32.9,0.9272,1
66.5,6.5,0.4,0,27.2,PASSENGER,19.49,10.13,CLEAR,13.0,0.0884,0
71.7,2.8,2.8,1,9.0,PASSENGER,26.14,4.25,CLEAR,9.8,0.4685,0
58.9,9.8,13.3,0,29.4,FREIGHT,23.93,11.25,CLEAR,16.7,0.1727,0
82.8,11.8,10.4,1,7.3,PASSENGER,27.33,16.95,CLEAR,18.4,0.7412,1
87.7,13.0,5.4,1,8.7,PASSENGER,17.34,10.49,CLEAR,24.0,0.7522,1
98.6,3.7,4.0,1,15.3,EXPRESS,36.24,5.62,STORM,17.5,0.4909,0
66.1,4.6,1.5,0,20.3,FREIGHT,11.18,9.96,RAIN,9.6,0.1741,0
65.3,4.2,2.1,1,14.1,FREIGHT,4.22,14.22,CLEAR,12.9,0.6479,0
31.0,4.5,0.4,1,11.5,FREIGHT,39.13,22.47,CLEAR,18.0,0.6063,1
116.8,7.1,6.9,1,16.9,EXPRESS,26.25,11.99,RAIN,13.5,0.4635,0
94.8,3.0,1.8,0,28.8,EXPRESS,26.54,21.31,CLEAR,2.6,0.0772,0
145.4,4.9,5.0,0,28.9,EXPRESS,32.79,23.63,CLEAR,4.4,0.0816,0
141.6,4.6,2.0,1,10.8,EXPRESS,17.15,13.42,CLEAR,10.4,0.453,0
70.6,3.8,2.8,0,20.9,FREIGHT,15.76,3.53,CLEAR,8.1,0.0997,0
106.5,9.5,3.6,0,22.1,EXPRESS,37.99,21.01,RAIN,13.3,0.1729,1
121.9,10.6,7.3,0,20.1,EXPRESS,15.78,20.7,CLEAR,9.6,0.1487,0
102.9,4.3,1.1,0,4.7,EXPRESS,3.6,20.85,CLEAR,7.4,0.2501,0
116.0,11.3,2.3,1,16.9,EXPRESS,12.66,22.81,CLEAR,15.7,0.4521,0
126.6,3.5,0.6,0,23.3,EXPRESS,35.0,6.63,CLEAR,2.3,0.0657,0
62.7,1.2,0.4,1,7.2,PASSENGER,4.25,8.0,RAIN,11.1,0.6254,0
95.7,8.8,4.2,0,11.4,PASSENGER,28.81,16.49,RAIN,11.1,0.1678,0
128.0,1.2,0.9,1,7.3,EXPRESS,11.02,13.53,CLEAR,5.0,0.5059,0
101.4,1.2,0.3,0,26.8,PASSENGER,29.96,20.84,RAIN,3.5,0.1024,0
73.6,8.6,10.2,0,26.0,PASSENGER,20.82,6.11,CLEAR,13.2,0.2319,0
153.2,4.7,3.4,0,6.3,EXPRESS,25.64,15.8,CLEAR,3.8,0.1127,0
109.9,3.5,0.7,0,23.2,PASSENGER,10.11,22.57,CLEAR,4.6,0.0901,0
106.0,2.6,0.2,1,11.9,PASSENGER,7.14,5.18,STORM,14.0,0.6292,1
98.9,2.0,0.6,0,21.1,PASSENGER,3.0,7.37,STORM,9.5,0.1371,0
100.6,3.6,2.9,1,15.6,PASSENGER,33.11,9.78,CLEAR,8.6,0.3612,1
130.2,8.0,5.0,0,15.0,EXPRESS,28.56,2.09,RAIN,9.5,0.0742,0
38.6,6.8,4.6,0,26.6,FREIGHT,12.09,4.24,CLEAR,10.4,0.1452,0
60.5,1.4,0.7,1,19.7,FREIGHT,33.56,9.17,RAIN,10.6,0.4692,0
62.1,6.7,4.5,1,8.2,FREIGHT,33.43,1.79,RAIN,16.3,0.7594,0
159.0,5.0,2.3,1,4.7,EXPRESS,5.94,8.7,RAIN,8.4,0.6584,1
54.4,6.2,2.8,0,28.1,FREIGHT,28.69,5.86,CLEAR,12.0,0.1248,0
42.2,7.6,7.3,1,5.9,FREIGHT,12.05,20.75,RAIN,22.1,0.7039,1
60.8,10.7,1.8,0,22.4,FREIGHT,18.95,14.6,CLEAR,15.2,0.1368,0
158.6,1.5,0.7,0,15.6,EXPRESS,17.49,21.56,RAIN,2.1,0.04,0
68.9,10.6,9.3,1,5.5,PASSENGER,24.21,4.87,FOG,24.5,0.8022,0
44.7,1.1,1.1,0,23.6,FREIGHT,14.21,1.96,RAIN,7.1,0.111,0
87.1,4.7,1.6,0,27.3,PASSENGER,3.39,8.5,CLEAR,7.4,0.1071,0
68.5,8.9,5.5,1,5.0,PASSENGER,27.07,1.35,CLEAR,17.2,0.6493,0
31.0,9.2,5.2,1,3.4,FREIGHT,38.44,21.2,RAIN,23.9,0.8439,1
76.8,9.3,7.3,0,25.7,PASSENGER,26.88,4.52,CLEAR,14.0,0.1698,0
103.3,2.5,0.9,0,15.8,PASSENGER,21.81,3.39,RAIN,5.4,0.1629,0
62.2,6.3,2.0,0,20.7,PASSENGER,6.96,18.91,CLEAR,12.1,0.1394,0
49.3,4.9,0.6,1,14.1,FREIGHT,25.19,17.1,CLEAR,15.1,0.4547,0
143.4,4.1,3.5,0,13.3,EXPRESS,24.64,1.37,FOG,3.0,0.1318,0
107.7,2.5,1.6,1,10.0,PASSENGER,24.94,12.23,CLEAR,8.1,0.5506,0
109.3,5.4,5.3,1,17.5,PASSENGER,35.75,10.77,CLEAR,12.8,0.538,1
81.1,0.3,0.0,1,6.1,PASSENGER,28.79,9.28,CLEAR,10.3,0.4938,1
107.5,0.8,0.3,0,21.9,PASSENGER,31.44,3.04,RAIN,1.5,0.0993,0
31.6,3.8,2.5,0,17.2,FREIGHT,12.88,18.9,CLEAR,10.4,0.1487,0
63.6,17.3,14.3,0,25.7,FREIGHT,11.18,5.76,RAIN,24.4,0.2984,1
135.0,13.0,10.0,0,27.7,EXPRESS,8.67,11.0,CLEAR,11.2,0.1846,0
72.5,24.0,23.0,0,27.2,PASSENGER,31.25,21.15,RAIN,30.0,0.1944,1
125.5,6.3,2.4,0,18.6,EXPRESS,28.09,7.64,RAIN,7.9,0.0853,0
99.1,2.8,0.2,0,10.6,EXPRESS,14.01,0.86,CLEAR,8.7,0.0623,1
103.6,4.0,1.6,0,11.7,PASSENGER,6.07,21.34,RAIN,8.0,0.0907,1
46.1,12.2,5.1,0,20.1,FREIGHT,33.94,11.85,CLEAR,19.2,0.1178,1
58.2,3.3,0.7,0,21.8,FREIGHT,15.68,11.93,CLEAR,6.6,0.1085,0
101.1,3.3,1.6,1,6.1,EXPRESS,8.0,13.23,CLEAR,8.2,0.6151,1
104.4,6.4,0.3,0,29.9,EXPRESS,6.2,4.32,CLEAR,5.3,0.0817,0
109.6,2.7,2.9,1,4.6,PASSENGER,36.83,17.16,CLEAR,9.8,0.4359,0
97.7,4.4,1.1,0,18.8,PASSENGER,5.64,5.55,RAIN,8.2,0.1547,0
157.3,0.8,0.4,1,16.6,EXPRESS,14.71,7.23,CLEAR,3.8,0.4924,0
43.3,7.9,2.4,0,18.3,FREIGHT,25.47,15.15,CLEAR,15.6,0.1676,0
37.4,6.3,1.9,0,16.7,FREIGHT,16.62,17.99,CLEAR,15.4,0.2084,1
85.2,4.6,3.5,1,3.2,PASSENGER,19.36,17.53,CLEAR,10.4,0.6242,1
52.3,10.1,6.2,0,29.9,FREIGHT,32.2,2.0,CLEAR,13.6,0.1936,0
102.2,4.8,0.5,0,29.5,EXPRESS,39.97,18.11,FOG,12.3,0.0977,0
96.7,7.9,7.0,0,16.4,PASSENGER,18.96,15.91,RAIN,12.8,0.1604,0
78.1,7.2,0.1,0,7.4,PASSENGER,15.46,14.52,RAIN,12.0,0.1051,0
103.0,4.7,2.6,1,6.7,EXPRESS,16.57,23.2,CLEAR,7.3,0.6629,1
44.9,11.0,4.0,1,3.1,FREIGHT,15.08,8.32,CLEAR,20.8,0.8668,0
88.2,14.1,14.2,0,18.9,PASSENGER,19.21,16.39,FOG,22.7,0.2695,0
96.3,5.7,3.8,1,15.1,PASSENGER,13.66,13.76,RAIN,13.2,0.7032,1
123.7,0.9,0.8,0,13.4,EXPRESS,18.77,9.31,CLEAR,2.4,0.0875,0
126.8,4.1,3.3,0,16.5,EXPRESS,37.85,18.92,FOG,6.4,0.1103,0
99.7,8.0,2.3,0,26.4,EXPRESS,11.81,9.68,CLEAR,13.6,0.0994,0
105.7,4.9,2.9,1,3.5,PASSENGER,26.25,13.41,FOG,15.8,0.8004,0
106.4,2.7,1.0,1,17.0,PASSENGER,19.73,13.46,CLEAR,5.7,0.4347,0
137.8,4.3,3.1,0,21.5,EXPRESS,29.43,12.27,RAIN,6.0,0.0939,0
60.9,1.8,0.7,0,29.2,PASSENGER,19.16,10.98,RAIN,8.4,0.139,0
86.9,8.1,6.1,0,22.6,PASSENGER,6.84,4.03,CLEAR,9.9,0.1714,0
91.5,6.1,4.1,0,17.1,PASSENGER,34.96,5.78,RAIN,10.8,0.1081,0
109.7,7.5,0.4,0,23.4,PASSENGER,27.19,2.96,CLEAR,9.8,0.1252,1
74.8,11.0,9.9,0,29.9,FREIGHT,21.27,17.36,RAIN,16.3,0.1117,0
102.9,9.8,4.3,0,26.8,PASSENGER,33.33,17.86,STORM,14.5,0.1804,0
63.2,5.2,1.7,1,4.0,PASSENGER,39.06,15.32,CLEAR,16.4,0.6212,1
156.7,0.9,0.2,0,17.9,EXPRESS,16.67,22.02,FOG,0.1,0.0885,0
132.9,11.2,4.5,0,23.9,EXPRESS,14.45,6.36,CLEAR,10.5,0.1618,0
146.1,2.5,2.1,0,20.6,EXPRESS,30.27,19.7,CLEAR,3.5,0.0553,0
80.4,13.8,10.7,1,13.4,PASSENGER,18.46,4.46,CLEAR,20.0,0.6769,0
112.4,1.0,0.2,0,10.7,EXPRESS,3.89,1.63,CLEAR,0.0,0.2539,0
122.4,2.5,0.2,1,19.4,EXPRESS,14.5,0.0,RAIN,13.1,0.5367,1
67.3,14.2,13.4,1,13.3,PASSENGER,32.44,13.94,RAIN,26.0,0.801,1
115.0,14.7,15.1,1,12.7,EXPRESS,28.41,18.69,RAIN,20.2,0.7121,0
150.0,8.4,0.1,0,25.3,EXPRESS,34.58,19.75,CLEAR,3.1,0.134,0
92.7,7.8,5.7,1,10.5,EXPRESS,6.29,11.3,RAIN,15.9,0.5465,1
67.5,2.4,1.1,0,19.9,PASSENGER,10.13,1.41,CLEAR,7.6,0.1479,1
98.8,7.6,5.4,0,26.4,EXPRESS,8.98,0.86,CLEAR,4.8,0.1205,1
80.2,18.3,9.1,0,19.2,PASSENGER,38.87,22.02,CLEAR,22.5,0.1669,0
109.8,1.6,0.5,0,15.5,PASSENGER,7.17,2.23,FOG,4.5,0.1014,0
68.7,1.8,1.2,1,2.5,PASSENGER,24.12,18.83,CLEAR,16.7,0.6349,1
67.3,0.5,0.1,0,20.9,PASSENGER,25.5,1.67,CLEAR,5.9,0.1103,0
71.2,2.3,0.2,0,29.9,FREIGHT,24.95,4.4,CLEAR,8.0,0.0561,0
151.7,4.0,0.1,0,24.5,EXPRESS,27.82,3.91,CLEAR,0.8,0.1164,0
92.3,10.8,7.3,0,19.6,EXPRESS,19.61,6.65,CLEAR,13.8,0.1054,0
142.6,3.3,1.6,1,14.9,EXPRESS,3.81,9.74,CLEAR,9.2,0.5408,1
135.9,6.4,3.1,1,7.9,EXPRESS,28.2,2.99,RAIN,10.3,0.5094,1
143.7,8.2,7.0,0,21.2,EXPRESS,11.6,23.36,CLEAR,7.8,0.1237,0
124.6,6.2,3.1,1,6.6,EXPRESS,3.5,0.05,RAIN,14.0,0.6625,1
109.6,2.6,2.5,0,26.8,PASSENGER,7.21,18.53,RAIN,8.1,0.0946,1
62.2,1.2,0.1,1,11.6,PASSENGER,11.85,12.64,FOG,12.7,0.4888,1
106.4,6.0,3.8,0,12.9,EXPRESS,17.58,2.05,FOG,9.0,0.1512,0
79.8,5.4,0.6,1,7.7,PASSENGER,34.52,2.88,STORM,21.5,0.5547,1
121.5,10.9,6.5,0,15.2,EXPRESS,21.69,14.16,CLEAR,10.6,0.122,0
154.5,2.4,1.3,0,20.9,EXPRESS,19.14,7.57,FOG,1.2,0.0719,0
88.0,4.5,5.0,1,10.1,PASSENGER,8.05,10.8,RAIN,13.3,0.53,1
93.2,10.3,4.7,1,21.5,EXPRESS,38.39,13.18,CLEAR,14.0,0.4918,0
118.6,6.9,4.3,0,19.2,EXPRESS,36.39,13.76,RAIN,8.8,0.086,0
80.8,1.8,1.4,0,12.1,PASSENGER,32.74,13.98,FOG,3.0,0.1346,0
73.4,1.4,1.4,1,10.4,FREIGHT,13.26,1.68,CLEAR,11.1,0.4574,0
90.0,11.5,8.9,0,26.0,PASSENGER,22.68,17.77,CLEAR,11.2,0.217,0
134.5,1.8,0.1,1,1.8,EXPRESS,15.86,7.04,STORM,17.3,0.7228,1
62.1,2.1,0.9,0,21.9,FREIGHT,16.42,2.75,CLEAR,5.6,0.0912,0
98.5,6.6,4.2,0,13.4,PASSENGER,3.35,2.45,CLEAR,7.2,0.1601,0
91.8,19.4,7.6,0,22.0,PASSENGER,6.03,5.69,STORM,26.3,0.3677,0
40.7,2.4,2.0,1,16.0,FREIGHT,38.47,15.09,FOG,17.7,0.6256,1
103.7,6.9,4.8,1,3.9,PASSENGER,24.6,11.33,RAIN,16.5,0.6577,1
141.2,5.6,3.7,0,29.5,EXPRESS,0.75,2.57,RAIN,2.4,0.5379,1
97.1,2.2,0.3,1,4.0,PASSENGER,32.46,0.78,CLEAR,10.7,0.5382,1
109.8,7.4,4.4,1,6.0,PASSENGER,3.94,0.59,FOG,16.9,0.7802,1
100.1,9.8,7.6,1,13.5,PASSENGER,28.47,10.11,CLEAR,16.4,0.6843,1
101.5,19.5,22.0,0,28.4,PASSENGER,25.02,18.92,CLEAR,24.0,0.2469,1
72.8,4.0,0.1,0,9.9,FREIGHT,2.99,13.77,CLEAR,6.6,0.2645,0
36.8,9.7,4.9,0,17.7,FREIGHT,21.47,19.43,CLEAR,14.2,0.1992,0
52.4,3.2,2.4,0,16.4,FREIGHT,2.37,7.67,CLEAR,10.4,0.105,0
56.1,0.4,0.0,1,10.9,FREIGHT,3.04,3.37,CLEAR,6.9,0.6687,0
44.8,7.5,4.3,0,21.3,FREIGHT,2.52,19.27,RAIN,15.8,0.4303,1
148.8,1.2,0.6,0,15.8,EXPRESS,10.59,17.47,CLEAR,0.0,0.0948,0
143.4,3.4,2.1,0,18.0,EXPRESS,32.17,14.14,RAIN,6.3,0.085,0
96.0,5.9,1.4,1,7.5,PASSENGER,14.82,21.31,CLEAR,10.1,0.5051,1
74.9,2.5,2.0,0,27.9,FREIGHT,25.76,15.14,CLEAR,3.6,0.1446,0
73.0,8.5,3.1,1,4.7,PASSENGER,5.43,12.62,RAIN,24.2,0.7562,1
96.8,5.4,2.0,0,21.2,PASSENGER,37.35,12.06,CLEAR,9.8,0.062,0
128.6,5.2,3.6,0,26.7,EXPRESS,20.42,14.82,FOG,6.2,0.125,0
111.9,3.6,1.2,1,3.9,EXPRESS,1.47,12.4,RAIN,9.7,0.7999,1
68.0,6.6,4.5,1,2.3,PASSENGER,21.73,6.54,STORM,22.4,0.678,1
152.7,7.6,8.7,1,11.0,EXPRESS,7.79,22.89,CLEAR,11.7,0.6097,1
131.7,1.5,1.1,0,24.0,EXPRESS,8.23,22.99,CLEAR,1.5,0.0857,1
147.7,5.2,3.2,1,21.9,EXPRESS,24.21,4.0,CLEAR,7.0,0.429,1
128.2,8.0,4.7,0,24.9,EXPRESS,9.44,12.73,CLEAR,10.9,0.1083,0
71.0,4.9,3.7,0,12.8,PASSENGER,8.95,18.95,CLEAR,8.0,0.1397,0
113.6,2.8,2.0,0,29.8,EXPRESS,21.87,1.31,FOG,2.8,0.0851,0
79.1,11.4,4.6,0,11.9,PASSENGER,9.8,2.97,CLEAR,20.0,0.1233,0
158.1,3.7,0.1,0,24.5,EXPRESS,4.87,13.08,CLEAR,2.3,0.0688,0
30.3,4.4,2.1,1,11.5,FREIGHT,16.63,0.68,CLEAR,16.3,0.6246,1
159.0,6.3,3.4,1,7.7,EXPRESS,2.55,19.99,RAIN,10.6,0.7536,1
109.0,1.6,0.1,0,11.1,PASSENGER,36.26,20.96,RAIN,4.9,0.042,0
109.8,15.5,3.2,1,7.0,PASSENGER,18.34,17.67,CLEAR,17.2,0.7023,1
123.4,5.2,4.8,0,5.2,EXPRESS,1.02,19.74,RAIN,8.3,0.4574,0
73.4,10.8,6.4,1,11.9,FREIGHT,9.37,16.12,RAIN,21.9,0.6546,0
79.8,2.2,0.5,1,5.7,PASSENGER,38.33,3.4,CLEAR,12.1,0.6365,0
61.3,29.0,21.0,0,15.8,PASSENGER,20.11,0.72,RAIN,30.9,0.5712,1
105.7,8.9,4.2,1,2.5,EXPRESS,14.68,20.35,CLEAR,17.8,0.7542,1
72.5,4.9,2.0,0,13.8,FREIGHT,12.95,16.97,CLEAR,10.0,0.084,0
60.7,9.8,1.3,0,28.8,PASSENGER,16.97,9.56,CLEAR,13.6,0.1915,1
128.2,10.1,3.8,0,11.7,EXPRESS,8.86,19.12,CLEAR,7.1,0.1045,0
95.3,12.4,9.6,1,5.4,EXPRESS,30.09,1.28,FOG,26.3,0.7362,1
42.9,4.8,3.3,1,10.2,FREIGHT,20.58,7.66,CLEAR,16.3,0.6331,0
64.4,8.9,4.9,0,24.1,PASSENGER,30.18,8.2,CLEAR,13.0,0.0683,0
103.0,9.7,2.0,1,10.4,PASSENGER,10.55,2.52,RAIN,16.6,0.6497,1
89.6,3.6,2.2,0,12.4,PASSENGER,0.56,17.8,FOG,6.8,0.5793,1
105.1,1.8,1.5,0,24.0,PASSENGER,38.67,18.66,CLEAR,7.3,0.0626,0
138.2,9.8,5.5,1,8.9,EXPRESS,20.73,14.0,CLEAR,15.8,0.4768,0
158.0,2.8,2.0,0,15.1,EXPRESS,3.65,10.03,FOG,2.0,0.2271,0
85.5,3.5,1.0,1,3.3,PASSENGER,4.6,14.57,RAIN,10.7,0.7023,1
58.7,3.2,2.1,0,6.5,FREIGHT,17.67,21.56,RAIN,12.0,0.1503,0
130.3,10.4,8.7,0,7.5,EXPRESS,27.96,8.59,CLEAR,12.5,0.2397,0
84.2,14.9,6.0,0,14.7,PASSENGER,16.17,8.02,CLEAR,17.5,0.2345,0
102.3,3.3,1.8,0,24.9,PASSENGER,32.9,14.95,RAIN,5.8,0.0933,0
92.2,11.7,10.7,0,11.6,PASSENGER,13.5,16.41,CLEAR,11.8,0.1483,0
66.1,3.1,0.4,0,12.3,FREIGHT,2.3,10.99,RAIN,10.5,0.1951,0
99.3,1.4,0.2,1,10.1,PASSENGER,0.83,20.63,CLEAR,5.0,0.8739,1
103.4,5.0,0.6,1,10.6,EXPRESS,34.45,8.45,RAIN,13.2,0.4377,1
59.3,2.6,0.6,1,13.0,FREIGHT,39.39,15.38,RAIN,15.4,0.3707,0
70.0,4.4,0.4,0,27.1,PASSENGER,5.75,16.03,CLEAR,7.6,0.0995,1
56.2,11.7,4.9,1,2.2,FREIGHT,2.95,7.08,RAIN,25.2,0.9141,1
93.9,6.0,4.1,0,19.3,PASSENGER,36.62,0.45,CLEAR,3.5,0.0825,0
74.9,19.2,4.7,0,26.8,FREIGHT,4.48,19.84,CLEAR,19.4,0.3513,0
92.1,6.8,5.2,0,13.4,EXPRESS,9.52,11.58,RAIN,10.3,0.1266,0
96.4,9.6,6.4,0,20.1,EXPRESS,32.17,2.29,STORM,14.1,0.1913,0
33.5,1.1,1.0,0,18.2,FREIGHT,39.92,22.98,RAIN,12.7,0.108,0
117.9,6.0,4.4,1,11.2,EXPRESS,19.7,7.11,CLEAR,9.9,0.512,0
147.5,7.1,3.9,1,5.4,EXPRESS,8.83,11.39,RAIN,11.4,0.5511,1
102.2,13.7,12.9,1,7.8,PASSENGER,33.98,11.62,CLEAR,24.9,0.7799,1
63.2,1.5,1.2,1,3.1,FREIGHT,16.08,8.9,CLEAR,15.4,0.7031,1
152.8,1.3,0.3,0,23.3,EXPRESS,11.27,3.64,CLEAR,2.5,0.0472,0
44.5,7.3,4.8,0,16.7,FREIGHT,19.87,16.9,RAIN,17.8,0.2383,0
64.4,5.7,6.1,0,23.9,PASSENGER,34.3,4.69,RAIN,13.8,0.2026,0
62.9,3.3,1.5,0,9.8,PASSENGER,9.7,16.38,FOG,10.0,0.1991,1
68.3,7.9,3.8,0,24.4,FREIGHT,17.24,19.25,CLEAR,9.1,0.1824,0
96.5,1.8,0.3,0,10.3,PASSENGER,18.05,0.56,CLEAR,6.0,0.0903,0
138.9,12.6,14.5,1,5.0,EXPRESS,33.39,17.56,RAIN,18.8,0.7765,0
113.8,3.3,0.5,0,16.7,EXPRESS,27.2,15.31,FOG,2.3,0.1246,0
79.0,3.1,0.3,0,28.4,PASSENGER,31.33,4.7,CLEAR,7.2,0.0608,0
107.9,2.4,0.2,1,13.3,PASSENGER,27.89,14.88,RAIN,10.2,0.5493,1
32.9,6.5,2.5,0,16.2,FREIGHT,23.91,10.1,CLEAR,11.0,0.1861,0
98.7,1.3,0.5,0,14.4,PASSENGER,5.73,2.03,CLEAR,6.4,0.0755,0
75.5,10.8,6.1,0,14.5,PASSENGER,33.4,12.57,CLEAR,12.9,0.0887,0
62.0,13.4,10.3,1,7.6,PASSENGER,24.49,23.36,STORM,33.8,0.8346,0
142.0,2.7,1.4,0,13.5,EXPRESS,28.2,15.57,CLEAR,4.2,0.0735,0
113.2,4.6,4.5,0,15.7,EXPRESS,31.26,7.93,CLEAR,8.0,0.0627,0
62.5,5.3,0.2,1,22.7,FREIGHT,12.81,13.52,CLEAR,12.9,0.638,1
139.5,4.4,2.2,1,5.5,EXPRESS,17.77,17.71,CLEAR,9.1,0.5707,1
127.4,12.4,1.6,0,17.8,EXPRESS,21.88,3.75,CLEAR,11.4,0.1397,0
98.9,9.7,1.2,0,20.4,PASSENGER,14.04,12.69,CLEAR,10.1,0.125,0
89.1,24.7,4.7,1,12.4,PASSENGER,10.71,12.16,CLEAR,29.7,0.6886,0
42.9,0.9,0.6,1,17.2,FREIGHT,31.18,9.04,RAIN,17.1,0.4562,0
141.4,10.7,8.9,0,21.8,EXPRESS,30.27,17.93,CLEAR,8.2,0.1821,0
131.2,6.0,4.9,1,14.8,EXPRESS,33.36,13.56,CLEAR,11.3,0.5136,0
90.9,8.9,5.6,1,11.0,EXPRESS,28.02,16.77,RAIN,16.8,0.5265,1
105.1,14.2,12.3,0,25.0,PASSENGER,12.81,14.3,FOG,16.0,0.2373,0
128.2,16.6,12.8,0,29.7,EXPRESS,13.42,18.74,RAIN,20.0,0.2515,1
103.4,8.0,3.6,1,7.7,PASSENGER,21.35,15.21,CLEAR,15.4,0.5273,0
69.7,13.2,3.1,0,26.8,FREIGHT,33.51,16.27,CLEAR,18.2,0.1546,0
50.0,3.8,1.8,0,17.0,FREIGHT,14.18,5.41,RAIN,9.3,0.1909,0
125.5,7.5,5.7,1,14.3,EXPRESS,30.75,20.3,CLEAR,11.0,0.6705,1
80.8,12.3,3.5,0,27.0,PASSENGER,12.57,3.73,CLEAR,15.4,0.0859,0
82.5,13.3,12.2,0,27.4,PASSENGER,13.87,8.16,CLEAR,18.7,0.2433,0
70.3,8.4,1.2,1,9.3,FREIGHT,30.22,21.35,CLEAR,19.3,0.6165,1
65.5,7.6,1.7,0,11.7,FREIGHT,27.3,2.61,CLEAR,11.8,0.1395,0
98.9,3.7,1.7,0,25.8,EXPRESS,8.73,20.8,CLEAR,6.6,0.0754,0
90.5,12.7,7.4,1,15.5,PASSENGER,33.17,11.41,CLEAR,23.3,0.6564,1
159.7,4.2,0.5,1,9.7,EXPRESS,31.49,4.41,CLEAR,5.2,0.404,0
131.7,5.4,2.7,0,28.9,EXPRESS,32.0,17.69,CLEAR,5.1,0.0958,0
145.0,2.6,2.5,1,7.7,EXPRESS,19.08,6.81,FOG,9.1,0.5987,0
98.5,3.9,0.3,0,18.9,PASSENGER,13.48,16.27,RAIN,7.5,0.1537,0
77.5,2.7,2.4,0,13.7,PASSENGER,34.07,18.98,FOG,12.7,0.159,0
116.0,7.1,3.2,0,14.4,EXPRESS,23.73,13.66,RAIN,8.0,0.065,0
96.2,2.7,0.3,1,4.5,PASSENGER,37.27,18.86,CLEAR,9.1,0.5278,0
125.0,4.3,3.2,0,8.8,EXPRESS,10.53,22.44,CLEAR,6.7,0.1668,0
88.5,18.1,14.4,1,6.3,PASSENGER,39.04,13.21,RAIN,31.3,0.6931,0
139.9,23.5,17.4,0,22.9,EXPRESS,15.48,3.66,CLEAR,19.4,0.2697,0
144.4,5.4,3.4,0,21.4,EXPRESS,15.69,17.03,RAIN,4.6,0.1176,0
73.6,2.4,3.3,0,24.1,PASSENGER,9.93,9.84,STORM,12.9,0.0868,0
100.3,2.9,1.5,0,21.4,EXPRESS,38.62,12.75,CLEAR,4.9,0.0878,0
74.6,21.0,26.3,1,5.2,PASSENGER,2.07,15.04,STORM,38.8,0.9605,1
125.5,2.3,1.4,0,29.4,EXPRESS,19.2,17.22,CLEAR,2.3,0.0784,0
77.1,3.7,2.7,0,6.9,PASSENGER,14.94,15.36,FOG,10.0,0.1756,0
129.8,0.1,0.0,0,11.5,EXPRESS,6.79,5.59,CLEAR,0.0,0.0827,1
62.7,4.2,1.9,0,21.6,PASSENGER,28.67,17.96,RAIN,10.4,0.1165,0
85.5,2.5,0.3,1,5.5,PASSENGER,35.98,19.38,RAIN,12.2,0.4576,0
115.8,7.9,6.1,1,6.4,EXPRESS,10.12,0.9,RAIN,12.7,0.6523,1
86.7,5.1,3.7,0,26.5,PASSENGER,20.16,7.4,CLEAR,6.7,0.0837,0
119.6,9.8,3.8,1,11.0,EXPRESS,23.34,23.47,CLEAR,16.3,0.5934,1
74.2,1.4,1.5,0,20.5,PASSENGER,15.92,4.27,RAIN,6.7,0.1036,0
153.3,8.2,7.6,0,26.0,EXPRESS,36.9,4.39,RAIN,8.1,0.0855,0
69.2,6.0,0.0,0,29.2,PASSENGER,18.73,14.19,CLEAR,7.4,0.0801,0
94.1,1.8,1.8,0,7.5,PASSENGER,39.32,8.12,CLEAR,6.4,0.0714,0
71.6,5.8,4.8,1,5.0,FREIGHT,12.16,15.77,CLEAR,20.5,0.6393,1
86.9,10.3,10.7,0,22.6,PASSENGER,3.39,6.3,FOG,18.0,0.3208,0
103.8,2.1,1.2,1,6.9,PASSENGER,23.21,10.22,RAIN,11.5,0.516,1
66.2,3.9,3.5,0,18.0,PASSENGER,33.02,23.96,FOG,12.4,0.1443,1
52.2,8.1,3.5,0,16.7,FREIGHT,15.84,8.96,CLEAR,12.3,0.1275,0
82.9,10.0,9.3,0,17.5,PASSENGER,7.81,2.07,RAIN,17.3,0.1616,1
90.6,1.3,0.2,1,20.0,EXPRESS,29.66,17.82,CLEAR,8.2,0.3106,0
49.9,7.2,2.5,1,25.8,FREIGHT,11.2,14.13,RAIN,22.1,0.6125,1
78.5,4.8,0.9,0,9.2,PASSENGER,30.9,10.67,FOG,15.2,0.1167,0
60.1,1.3,0.1,1,17.3,FREIGHT,10.86,21.81,RAIN,11.4,0.7273,0
72.2,2.7,0.7,1,11.1,FREIGHT,22.51,3.52,FOG,16.2,0.7348,1
96.0,15.2,16.9,0,10.6,EXPRESS,35.56,11.75,CLEAR,17.9,0.2525,1
76.4,2.3,1.1,1,2.1,PASSENGER,8.58,4.6,RAIN,17.8,0.6716,0
121.1,13.7,12.3,1,18.6,EXPRESS,32.92,2.0,CLEAR,17.3,0.6328,1
121.9,1.8,1.0,0,29.2,EXPRESS,10.98,10.62,RAIN,3.9,0.0993,0
144.2,9.5,12.1,0,23.2,EXPRESS,26.6,22.74,CLEAR,10.0,0.0653,0
82.2,7.3,4.8,1,8.4,PASSENGER,10.13,17.33,RAIN,18.9,0.6517,0
91.9,8.8,0.5,0,21.9,EXPRESS,5.03,5.63,RAIN,9.7,0.114,1
139.7,9.5,3.9,0,10.0,EXPRESS,26.73,11.1,FOG,12.1,0.1434,0
104.2,4.4,1.7,0,23.0,PASSENGER,24.0,19.14,CLEAR,6.2,0.0655,0
126.0,5.1,2.2,0,25.9,EXPRESS,16.36,4.69,CLEAR,2.4,0.0864,0
130.7,2.9,2.6,1,11.0,EXPRESS,1.95,4.89,FOG,12.8,0.739,1
101.4,6.0,2.5,1,1.6,EXPRESS,19.27,4.34,CLEAR,19.6,0.7574,0
105.4,5.9,4.9,1,10.2,EXPRESS,6.37,14.58,RAIN,14.2,0.6988,1
71.8,8.9,6.6,1,7.4,PASSENGER,14.7,0.69,RAIN,19.7,0.7269,1
120.2,7.7,1.8,1,19.1,EXPRESS,23.65,14.1,CLEAR,11.2,0.6545,0
71.8,14.3,11.6,1,9.8,FREIGHT,37.6,19.81,STORM,34.4,0.7814,1
86.1,12.6,12.5,1,2.5,PASSENGER,20.7,18.78,RAIN,27.1,0.8835,1
103.4,2.7,0.2,0,16.6,EXPRESS,8.19,16.0,CLEAR,2.8,0.0696,0
108.6,0.8,0.1,0,26.4,EXPRESS,37.88,5.27,STORM,4.3,0.063,0
79.2,5.0,2.5,0,14.4,PASSENGER,1.52,19.59,STORM,13.3,0.4708,0
91.2,7.5,4.0,0,12.2,PASSENGER,25.89,22.98,CLEAR,9.4,0.1854,0
120.8,5.9,1.5,1,6.6,EXPRESS,10.86,4.41,STORM,17.2,0.6297,0
117.5,1.9,1.4,1,12.5,EXPRESS,30.42,21.85,RAIN,9.0,0.517,0
55.4,5.9,5.1,1,10.9,FREIGHT,13.58,20.47,CLEAR,18.9,0.5501,0
106.9,22.1,4.1,0,29.9,EXPRESS,17.44,23.5,STORM,21.1,0.3919,0
95.5,4.1,0.8,1,2.4,EXPRESS,30.93,7.66,CLEAR,14.6,0.7163,1
31.1,11.8,9.7,1,8.3,FREIGHT,35.96,22.42,RAIN,28.0,0.8163,1
72.6,6.2,5.1,1,3.5,PASSENGER,7.71,4.31,RAIN,15.0,0.6607,1
96.4,2.7,2.0,0,25.9,EXPRESS,12.2,4.2,RAIN,4.7,0.1167,0
76.8,14.3,5.2,1,13.4,PASSENGER,0.67,2.57,CLEAR,20.9,0.9103,1
144.1,0.8,0.5,0,24.2,EXPRESS,34.33,10.27,CLEAR,0.3,0.0628,0
95.8,16.8,2.8,0,21.2,PASSENGER,37.91,0.29,CLEAR,16.4,0.1201,0
90.5,1.3,0.8,0,27.9,PASSENGER,11.54,9.15,CLEAR,3.9,0.0865,0
68.4,0.8,0.2,1,2.2,FREIGHT,15.69,15.02,FOG,14.5,0.7306,0
42.7,3.6,1.9,1,7.4,FREIGHT,17.44,1.88,FOG,18.5,0.7004,0
69.8,3.0,0.7,0,21.5,FREIGHT,16.69,19.64,RAIN,7.4,0.0665,0
48.0,10.0,4.5,0,18.2,FREIGHT,16.02,7.03,FOG,16.9,0.1606,0
80.0,14.2,5.0,0,21.3,PASSENGER,19.3,1.11,CLEAR,17.0,0.2657,1
118.4,2.2,0.7,0,17.9,EXPRESS,6.57,8.99,RAIN,5.9,0.144,0
64.9,0.1,0.1,1,18.1,PASSENGER,2.78,3.32,RAIN,11.6,0.6864,1
108.8,10.3,7.1,0,28.1,PASSENGER,29.08,19.09,RAIN,12.5,0.0877,0
36.2,3.7,0.0,0,27.8,FREIGHT,33.94,8.02,CLEAR,12.2,0.1334,0
113.9,3.5,1.9,1,2.6,EXPRESS,32.5,2.81,CLEAR,10.7,0.639,1
44.4,3.0,3.1,0,13.3,FREIGHT,25.25,10.89,CLEAR,9.8,0.1106,1
33.4,8.6,7.7,1,16.1,FREIGHT,38.77,10.85,CLEAR,23.2,0.5966,1
36.9,9.1,8.2,1,11.7,FREIGHT,0.56,6.61,CLEAR,20.5,0.9596,1
32.0,6.2,5.8,1,2.9,FREIGHT,13.12,7.85,CLEAR,19.8,0.8494,1
110.5,5.5,1.3,0,15.0,EXPRESS,12.75,18.45,RAIN,9.3,0.1462,0
150.7,8.0,5.7,0,29.3,EXPRESS,14.31,15.33,CLEAR,3.8,0.1462,0
113.8,7.1,1.3,1,3.6,EXPRESS,32.1,5.15,CLEAR,16.1,0.6484,0
98.7,1.6,1.1,0,24.8,EXPRESS,14.38,22.76,FOG,2.8,0.0814,0
92.3,3.8,3.6,1,7.1,PASSENGER,21.32,7.31,CLEAR,12.1,0.3921,1
74.8,6.4,5.1,0,17.9,FREIGHT,24.75,12.8,CLEAR,9.3,0.1159,0
40.5,4.2,0.2,0,12.5,FREIGHT,33.89,13.71,CLEAR,11.4,0.1708,0
74.0,1.3,0.3,1,11.4,PASSENGER,24.83,5.13,CLEAR,13.1,0.5555,0
158.0,15.4,6.9,0,26.3,EXPRESS,15.56,6.99,CLEAR,9.5,0.1113,0
102.5,14.3,8.8,0,29.2,EXPRESS,27.94,11.54,RAIN,14.3,0.1952,1
125.8,5.5,4.2,1,12.5,EXPRESS,20.86,6.15,CLEAR,12.6,0.4412,1
106.8,6.5,2.5,0,19.8,EXPRESS,21.37,7.34,CLEAR,7.1,0.091,0
106.6,14.2,8.4,0,17.4,PASSENGER,13.74,14.72,CLEAR,15.2,0.1187,0
158.7,9.1,5.9,1,3.7,EXPRESS,0.56,17.61,FOG,15.2,0.9755,1
147.0,11.2,3.9,1,2.7,EXPRESS,14.56,19.22,CLEAR,15.0,0.7457,1
112.0,5.8,1.7,0,23.5,EXPRESS,12.46,2.92,CLEAR,4.5,0.0675,0
80.2,2.3,1.0,1,12.7,PASSENGER,4.46,17.69,CLEAR,10.1,0.5578,0
72.1,6.7,2.4,0,10.3,PASSENGER,8.35,22.47,RAIN,10.7,0.1042,0
104.5,4.8,1.5,0,29.6,PASSENGER,39.25,13.94,CLEAR,8.0,0.0472,0
105.7,4.8,1.9,1,3.9,PASSENGER,11.55,14.51,RAIN,12.8,0.5333,1
48.8,3.6,3.3,1,9.2,FREIGHT,20.97,22.93,CLEAR,17.6,0.5873,0
136.0,8.6,0.8,0,25.9,EXPRESS,22.2,20.87,CLEAR,7.9,0.0806,0
68.3,7.4,7.4,1,13.3,PASSENGER,22.62,13.38,CLEAR,15.1,0.6035,0
81.7,3.7,0.7,0,18.2,PASSENGER,2.37,18.38,CLEAR,4.8,0.1628,0
91.6,4.8,3.0,1,2.9,PASSENGER,30.97,4.34,RAIN,15.5,0.7254,0
47.3,11.0,6.2,0,27.7,FREIGHT,29.35,9.91,RAIN,16.8,0.1738,0
115.0,4.2,3.0,1,5.4,EXPRESS,39.1,17.17,CLEAR,9.3,0.6219,0
60.0,7.4,2.0,0,7.6,PASSENGER,7.8,6.93,STORM,19.9,0.2402,0
146.3,3.5,2.9,1,6.0,EXPRESS,22.37,10.89,CLEAR,8.0,0.5572,0
104.5,13.6,8.5,1,15.7,PASSENGER,32.25,4.15,CLEAR,22.1,0.6221,1
157.9,18.0,20.9,0,24.8,EXPRESS,5.41,21.55,FOG,17.7,0.2759,0
140.3,6.9,4.5,1,9.1,EXPRESS,31.69,21.5,RAIN,8.5,0.6867,1
87.4,7.4,7.1,1,5.6,PASSENGER,11.16,11.48,RAIN,16.5,0.8036,1
73.5,0.5,0.1,0,13.2,PASSENGER,11.59,4.61,RAIN,8.5,0.1038,1
160.0,12.5,9.6,0,29.5,EXPRESS,37.85,16.3,STORM,13.9,0.1969,0
89.5,23.9,13.9,1,1.8,PASSENGER,12.9,5.12,CLEAR,37.7,0.9332,1
94.1,8.7,3.9,0,15.9,PASSENGER,23.58,5.49,CLEAR,9.8,0.1185,0
137.8,6.2,6.3,0,20.6,EXPRESS,17.88,23.33,RAIN,8.2,0.1459,0
102.3,11.6,3.2,0,24.5,PASSENGER,3.59,2.39,CLEAR,12.3,0.2147,1
60.5,6.4,1.5,0,22.8,PASSENGER,38.04,9.1,CLEAR,7.0,0.1161,0
71.0,12.2,8.6,1,3.6,PASSENGER,8.94,13.32,CLEAR,21.6,0.7389,1
136.6,7.9,4.1,1,14.7,EXPRESS,11.07,2.59,CLEAR,12.3,0.496,1
152.7,6.3,3.9,1,3.7,EXPRESS,15.4,0.93,RAIN,11.8,0.7245,1
94.3,5.6,4.8,1,19.2,PASSENGER,20.19,13.02,CLEAR,11.9,0.6402,0
48.6,15.8,8.7,1,3.7,FREIGHT,6.2,2.75,RAIN,28.9,0.8758,1
78.1,7.3,5.9,1,2.9,PASSENGER,25.38,6.03,CLEAR,18.5,0.7834,1
141.7,3.2,1.1,1,10.2,EXPRESS,20.83,11.93,STORM,6.7,0.5298,0
97.1,5.6,2.8,0,28.3,PASSENGER,12.47,8.34,CLEAR,6.4,0.1221,0
57.3,30.3,17.7,0,21.7,FREIGHT,27.86,17.05,RAIN,34.6,0.4286,0
110.4,3.9,3.6,1,1.6,EXPRESS,20.81,23.1,CLEAR,15.4,0.7242,1
71.6,11.1,12.5,0,9.6,FREIGHT,33.71,18.08,CLEAR,18.3,0.1773,0
54.8,9.2,7.6,1,2.0,FREIGHT,34.29,24.0,RAIN,24.9,0.8116,1
145.3,10.5,4.9,1,9.9,EXPRESS,39.21,9.33,FOG,16.6,0.4147,1
39.6,9.5,1.9,0,21.0,FREIGHT,3.16,7.33,FOG,14.3,0.2495,0
114.1,2.1,1.6,0,23.2,EXPRESS,16.5,5.1,RAIN,2.7,0.0511,0
69.4,6.5,4.6,0,24.4,FREIGHT,20.31,21.24,CLEAR,10.2,0.1028,0
62.5,2.4,2.5,0,27.4,PASSENGER,9.74,9.36,CLEAR,7.3,0.0785,0
85.6,11.1,7.2,0,11.9,PASSENGER,36.92,17.06,RAIN,15.9,0.1005,0
84.1,6.9,6.4,0,26.1,PASSENGER,3.98,16.19,RAIN,8.0,0.151,0
97.6,8.6,1.7,0,22.2,PASSENGER,17.43,1.37,STORM,17.3,0.1699,0
109.7,6.5,5.5,0,16.8,EXPRESS,7.82,21.11,RAIN,7.5,0.3311,0
71.0,6.5,3.1,0,28.7,PASSENGER,27.44,11.68,CLEAR,5.9,0.104,0
154.8,2.4,1.8,0,28.5,EXPRESS,28.35,5.37,STORM,7.0,0.1033,0
130.0,4.2,2.4,0,27.1,EXPRESS,34.96,23.5,CLEAR,1.8,0.0497,0
97.3,15.2,10.2,0,7.3,EXPRESS,16.65,18.08,STORM,24.9,0.2516,0
69.7,2.5,2.0,1,7.4,PASSENGER,31.12,14.8,CLEAR,8.8,0.5976,0
159.9,2.4,1.5,0,27.2,EXPRESS,22.21,23.72,CLEAR,0.0,0.1102,1
103.7,2.3,2.0,1,12.8,EXPRESS,32.58,18.16,CLEAR,7.0,0.3718,1
132.7,1.3,1.1,0,24.2,EXPRESS,3.87,2.91,CLEAR,1.5,0.1168,0
119.4,3.3,3.5,0,21.1,EXPRESS,18.81,23.79,CLEAR,2.2,0.1876,0
104.3,2.7,0.7,0,23.2,PASSENGER,6.45,14.34,CLEAR,4.9,0.1789,0
64.0,12.3,7.7,1,2.2,FREIGHT,31.72,7.19,CLEAR,23.8,0.8154,0
131.8,6.3,1.2,0,13.8,EXPRESS,6.53,19.62,RAIN,5.5,0.1017,0
30.5,4.7,4.1,0,25.9,FREIGHT,0.82,1.15,FOG,17.2,0.5839,1
104.0,1.5,0.6,0,15.5,PASSENGER,37.22,15.7,CLEAR,7.2,0.0364,0
82.2,21.9,17.3,0,21.2,PASSENGER,19.64,3.82,RAIN,26.3,0.3198,0
106.6,5.4,2.7,0,23.0,PASSENGER,39.42,2.1,CLEAR,5.1,0.1523,0
52.3,8.5,7.8,1,4.9,FREIGHT,18.39,8.5,FOG,23.3,0.7307,0
138.6,7.6,6.6,1,5.9,EXPRESS,23.84,8.55,CLEAR,12.6,0.563,1
63.5,6.2,5.6,0,22.1,PASSENGER,29.89,14.41,RAIN,9.3,0.1357,1
97.3,10.3,7.9,1,3.1,PASSENGER,11.59,13.57,CLEAR,17.4,0.7418,1
76.9,4.9,0.5,1,11.2,PASSENGER,5.75,16.51,CLEAR,10.1,0.516,1
45.8,6.7,5.1,0,27.7,FREIGHT,26.61,4.18,CLEAR,10.7,0.1351,0
98.3,9.9,1.4,0,17.9,EXPRESS,20.67,20.9,CLEAR,13.9,0.1282,0
67.3,13.7,6.9,0,27.4,PASSENGER,33.16,20.61,RAIN,14.5,0.2134,1
69.3,16.7,14.1,1,10.3,PASSENGER,2.28,5.19,CLEAR,27.2,0.8929,1
113.0,10.0,10.4,0,19.6,EXPRESS,22.02,11.37,CLEAR,10.9,0.1097,0
152.4,1.6,0.5,1,9.7,EXPRESS,7.84,11.71,CLEAR,4.8,0.475,0
78.4,3.9,2.1,1,4.7,PASSENGER,24.88,22.11,RAIN,12.6,0.6367,0
62.6,3.1,2.0,0,29.7,FREIGHT,30.54,21.73,CLEAR,7.0,0.1306,0
64.1,7.7,0.6,1,6.5,PASSENGER,10.89,1.62,CLEAR,19.5,0.6747,1
56.6,0.8,0.5,1,6.9,FREIGHT,19.53,22.99,RAIN,12.3,0.479,0
84.1,6.4,2.2,0,25.5,PASSENGER,17.1,1.65,FOG,15.0,0.1443,0
158.5,26.6,21.8,0,24.4,EXPRESS,30.32,13.19,CLEAR,18.8,0.3439,0
149.2,9.7,3.8,0,29.4,EXPRESS,24.19,7.48,CLEAR,8.1,0.1208,0
121.8,7.6,4.4,1,3.5,EXPRESS,5.27,9.37,CLEAR,14.3,0.7576,1
144.3,6.2,2.9,1,4.2,EXPRESS,39.08,15.04,RAIN,9.2,0.6456,0
103.5,14.2,4.9,0,14.3,EXPRESS,36.54,14.01,CLEAR,16.9,0.0917,0
88.1,14.4,14.1,0,18.4,PASSENGER,23.36,4.02,CLEAR,16.6,0.1476,0
63.7,5.4,4.0,1,2.6,PASSENGER,31.21,23.27,RAIN,19.6,0.8007,1
114.4,1.7,0.3,1,6.0,EXPRESS,1.29,0.69,RAIN,7.5,0.764,1
105.8,5.6,3.1,0,21.5,EXPRESS,8.46,8.24,CLEAR,6.0,0.1241,0
140.3,19.6,22.2,0,20.6,EXPRESS,30.83,19.23,CLEAR,21.4,0.2145,0
84.5,2.0,2.2,1,4.1,PASSENGER,4.69,20.42,CLEAR,16.4,0.7347,1
142.6,3.5,4.1,0,28.1,EXPRESS,2.19,19.13,CLEAR,0.5,0.2438,1
126.1,4.7,0.5,1,8.8,EXPRESS,24.82,8.94,CLEAR,11.7,0.4014,0
33.9,2.9,0.7,0,26.8,FREIGHT,1.85,16.16,CLEAR,12.5,0.3558,0
63.1,16.9,9.3,0,27.8,FREIGHT,7.73,18.34,CLEAR,22.4,0.3109,0
148.3,3.0,1.6,0,15.5,EXPRESS,3.66,13.87,STORM,8.3,0.2415,0
105.2,5.5,1.6,0,13.2,PASSENGER,21.6,16.3,CLEAR,5.5,0.0909,0
130.0,4.3,2.2,1,9.4,EXPRESS,27.24,13.29,CLEAR,6.9,0.3357,0
97.7,21.0,15.3,0,24.5,PASSENGER,7.74,1.32,RAIN,23.6,0.4202,0
97.6,1.9,0.4,0,7.1,PASSENGER,19.02,6.56,CLEAR,5.3,0.0782,0
100.9,6.7,7.7,1,19.2,EXPRESS,1.3,16.86,CLEAR,13.2,0.822,1
68.2,10.7,1.9,0,17.7,PASSENGER,10.95,5.8,CLEAR,12.7,0.1749,0
95.0,14.6,8.5,1,8.6,EXPRESS,7.59,10.93,CLEAR,20.3,0.6531,1
112.4,28.9,21.6,0,29.5,EXPRESS,7.06,12.83,CLEAR,29.2,0.328,1
123.1,11.7,1.9,1,25.6,EXPRESS,9.39,16.1,RAIN,18.2,0.5429,1
109.9,1.8,0.6,1,2.1,PASSENGER,32.31,6.22,CLEAR,8.6,0.541,1
120.2,2.6,0.7,0,13.5,EXPRESS,38.02,14.29,CLEAR,4.2,0.0534,0
140.8,10.9,6.4,1,11.7,EXPRESS,28.39,14.32,CLEAR,15.3,0.5747,0
138.5,2.0,0.7,0,26.7,EXPRESS,3.35,20.28,FOG,2.7,0.1699,0
104.3,2.5,1.4,1,9.0,EXPRESS,25.31,13.25,CLEAR,9.8,0.4122,0
62.9,2.5,1.0,0,30.0,PASSENGER,29.5,7.08,CLEAR,9.6,0.0911,0
128.2,4.2,2.0,1,7.2,EXPRESS,4.89,12.54,CLEAR,8.5,0.3644,0
139.0,0.6,0.3,1,8.5,EXPRESS,12.13,2.57,CLEAR,3.1,0.4774,0
109.9,7.7,8.7,0,20.5,PASSENGER,17.42,14.59,CLEAR,7.6,0.1277,1
77.9,17.0,8.9,1,6.1,PASSENGER,12.77,21.99,CLEAR,23.9,0.824,1
70.3,3.6,2.4,0,26.8,FREIGHT,20.97,12.72,CLEAR,9.5,0.1094,0
79.1,5.8,4.3,1,4.6,PASSENGER,5.67,7.01,CLEAR,15.4,0.7314,0
138.3,10.1,4.6,0,29.5,EXPRESS,18.07,9.73,CLEAR,5.2,0.0912,1
89.9,7.3,6.2,0,26.4,PASSENGER,29.46,21.64,RAIN,14.2,0.074,0
62.6,4.0,3.3,1,25.4,PASSENGER,18.71,19.51,RAIN,14.7,0.5589,1
95.5,13.5,3.2,1,13.1,EXPRESS,8.81,19.28,CLEAR,20.3,0.5241,1
30.9,12.0,4.5,0,16.1,FREIGHT,32.18,13.54,CLEAR,20.0,0.2261,1
116.0,4.8,5.5,0,14.5,EXPRESS,16.08,9.51,CLEAR,4.5,0.1221,1
63.6,9.1,1.9,0,29.6,FREIGHT,17.29,3.18,STORM,16.0,0.2024,0
37.8,8.7,1.8,1,2.5,FREIGHT,14.63,23.41,RAIN,21.7,0.7598,0
90.3,4.2,1.4,0,12.4,PASSENGER,11.94,4.3,CLEAR,6.6,0.1788,0
43.0,6.6,3.6,0,29.1,FREIGHT,24.28,6.05,FOG,16.7,0.1706,1
99.8,2.9,2.0,1,12.0,PASSENGER,7.92,18.34,CLEAR,13.5,0.6112,0
145.9,3.3,3.5,1,12.9,EXPRESS,30.88,8.42,CLEAR,8.5,0.585,1
98.8,5.3,2.3,0,19.5,PASSENGER,19.53,14.01,CLEAR,3.2,0.1441,0
126.7,12.1,8.2,0,27.4,EXPRESS,35.4,18.28,CLEAR,11.4,0.1608,0
109.9,3.8,0.3,1,9.9,EXPRESS,37.59,13.35,CLEAR,5.0,0.6123,0
100.5,5.2,3.8,0,28.5,PASSENGER,15.63,11.78,RAIN,10.5,0.1269,0
103.0,5.9,3.9,1,9.6,EXPRESS,6.77,1.22,FOG,15.2,0.7467,1
110.3,4.3,2.2,0,24.7,EXPRESS,20.46,11.7,RAIN,6.8,0.1063,0
69.2,6.1,2.5,1,9.4,PASSENGER,11.18,10.92,RAIN,16.3,0.5571,0
60.3,6.3,7.2,1,3.6,FREIGHT,17.35,21.13,RAIN,20.2,0.7467,1
138.0,4.0,1.5,0,24.7,EXPRESS,15.41,10.74,CLEAR,1.3,0.0516,0
135.7,10.8,9.2,0,14.3,EXPRESS,18.29,15.12,CLEAR,10.6,0.1474,0
119.1,9.2,10.2,0,12.6,EXPRESS,20.19,18.57,CLEAR,8.8,0.1269,0
65.0,5.2,4.7,0,13.8,PASSENGER,25.28,11.23,CLEAR,11.0,0.1581,0
153.8,9.3,6.7,0,18.9,EXPRESS,0.65,6.26,FOG,10.6,0.7462,1
85.4,12.1,4.3,0,9.0,PASSENGER,10.63,21.45,CLEAR,15.9,0.1291,0
118.5,4.7,3.4,1,8.3,EXPRESS,7.23,21.49,RAIN,11.7,0.6419,1
131.2,19.7,15.3,1,15.3,EXPRESS,28.56,21.6,CLEAR,26.1,0.7552,1
38.7,5.2,1.5,1,2.5,FREIGHT,33.38,6.55,CLEAR,22.7,0.8185,1
99.3,2.3,0.8,0,19.8,EXPRESS,29.17,7.57,FOG,4.2,0.1379,0
80.3,1.8,1.5,0,25.0,PASSENGER,39.0,22.05,RAIN,4.4,0.1289,0
105.9,6.7,4.3,0,22.2,EXPRESS,3.55,3.02,CLEAR,7.8,0.1896,0
72.2,4.3,0.9,0,14.9,PASSENGER,18.86,15.74,CLEAR,7.4,0.0699,0
104.6,8.6,10.8,0,17.6,PASSENGER,36.03,7.02,CLEAR,12.2,0.1059,0
127.2,2.2,2.4,1,2.2,EXPRESS,13.1,17.31,CLEAR,10.9,0.6805,1
123.8,11.1,8.5,0,27.5,EXPRESS,32.19,20.01,FOG,14.8,0.1163,0
138.3,4.9,1.3,0,17.4,EXPRESS,22.69,9.79,CLEAR,0.2,0.0715,0
107.6,2.0,1.7,1,10.5,PASSENGER,39.15,3.63,CLEAR,8.8,0.4165,0
65.6,3.8,0.3,1,9.9,PASSENGER,15.16,17.57,FOG,19.8,0.6086,0
101.7,9.8,1.3,0,20.3,PASSENGER,16.98,1.34,RAIN,13.1,0.1485,0
89.2,3.8,3.0,0,18.2,PASSENGER,6.97,0.36,RAIN,8.2,0.1484,1
100.2,14.3,13.1,1,6.9,EXPRESS,6.81,21.05,RAIN,24.9,0.8258,0
110.8,6.4,2.2,1,13.2,EXPRESS,34.51,19.6,RAIN,11.6,0.4517,0
123.8,6.6,4.6,0,20.8,EXPRESS,16.59,13.97,CLEAR,7.5,0.0921,0
138.4,6.8,2.5,1,10.0,EXPRESS,25.01,15.97,CLEAR,10.2,0.5484,0
107.0,6.2,0.2,0,16.0,EXPRESS,30.21,22.86,CLEAR,4.7,0.063,0
86.7,8.2,3.2,1,8.8,PASSENGER,17.81,1.51,CLEAR,16.3,0.6466,0
94.2,1.1,0.3,1,3.5,PASSENGER,38.17,5.2,CLEAR,10.1,0.5458,1
50.2,14.5,9.7,1,12.6,FREIGHT,37.56,17.5,CLEAR,26.7,0.6193,0
150.4,6.7,6.3,0,22.4,EXPRESS,27.36,6.34,CLEAR,5.2,0.1276,0
103.5,3.3,2.1,1,7.6,PASSENGER,39.81,4.97,CLEAR,10.7,0.5102,0
51.2,4.0,4.6,0,23.0,FREIGHT,0.6,10.61,CLEAR,10.5,0.7459,1
108.6,7.8,0.5,1,20.6,PASSENGER,0.87,17.37,RAIN,14.4,0.9209,1
95.3,6.2,5.5,1,16.0,EXPRESS,3.17,5.05,STORM,21.2,0.6839,1
90.2,14.6,7.8,0,29.2,EXPRESS,37.77,10.31,CLEAR,18.1,0.1451,0
116.6,10.3,7.8,0,26.7,EXPRESS,24.39,12.45,CLEAR,9.1,0.1328,0
132.1,5.6,1.5,1,17.6,EXPRESS,37.15,4.13,CLEAR,8.9,0.4788,0
91.5,2.1,1.4,0,17.4,PASSENGER,5.52,11.44,CLEAR,2.1,0.0848,0
123.4,3.1,3.3,1,9.4,EXPRESS,1.76,20.78,CLEAR,11.5,0.7455,1
98.7,35.7,15.5,0,27.7,EXPRESS,21.96,17.91,FOG,37.1,0.466,1
68.5,14.9,11.4,0,27.0,PASSENGER,7.42,12.08,CLEAR,17.9,0.1891,0
102.6,3.5,2.0,0,22.6,PASSENGER,34.46,3.01,CLEAR,8.9,0.0695,0
103.4,14.5,6.8,0,5.1,PASSENGER,17.11,0.56,RAIN,17.1,0.2093,1
93.7,14.4,11.4,0,21.6,PASSENGER,30.93,1.61,CLEAR,15.2,0.288,1
136.5,3.1,1.4,1,8.7,EXPRESS,20.9,18.01,CLEAR,8.5,0.5702,0
131.8,8.8,8.0,0,6.9,EXPRESS,21.38,16.9,RAIN,11.0,0.1794,0
104.2,4.1,1.4,0,23.1,EXPRESS,27.43,17.91,CLEAR,3.7,0.0481,0
81.4,2.4,1.9,0,28.9,PASSENGER,13.75,7.37,FOG,9.5,0.1853,1
61.3,2.0,1.0,0,4.6,FREIGHT,37.98,2.16,CLEAR,9.8,0.0657,0
127.6,4.8,3.2,1,6.2,EXPRESS,16.32,17.14,CLEAR,11.8,0.4295,0
60.9,8.9,8.3,1,7.7,PASSENGER,16.22,22.14,CLEAR,20.2,0.5495,0
156.7,5.3,3.4,0,28.9,EXPRESS,28.44,10.85,RAIN,5.9,0.0698,0
102.2,1.3,0.6,0,21.3,PASSENGER,25.63,18.34,RAIN,6.3,0.1418,0
108.2,2.3,1.3,0,20.8,EXPRESS,39.83,17.47,CLEAR,2.7,0.0956,0
133.2,5.6,3.7,0,15.9,EXPRESS,34.08,20.49,CLEAR,8.5,0.0992,0
71.5,6.8,3.9,1,16.8,FREIGHT,11.74,0.68,RAIN,18.3,0.6164,0
64.8,5.2,3.9,0,9.8,PASSENGER,4.51,22.93,CLEAR,13.4,0.1401,1
85.2,5.1,0.4,1,5.9,PASSENGER,4.71,20.77,CLEAR,13.0,0.7115,0
121.9,11.3,6.3,0,23.7,EXPRESS,14.78,21.04,CLEAR,12.8,0.2065,0
118.7,8.5,10.8,1,14.9,EXPRESS,19.35,23.91,CLEAR,15.2,0.6633,0
148.5,3.6,3.2,1,8.8,EXPRESS,25.67,15.35,RAIN,10.4,0.5675,1
47.1,9.5,5.7,0,19.5,FREIGHT,34.38,1.96,CLEAR,14.7,0.215,0
32.9,17.7,11.0,1,7.5,FREIGHT,39.59,19.75,CLEAR,28.9,0.8254,0
63.3,4.9,4.6,0,15.4,PASSENGER,16.64,3.24,RAIN,14.2,0.0761,1
93.0,5.7,5.0,1,6.9,EXPRESS,22.05,17.71,CLEAR,14.3,0.6647,0
48.4,7.1,5.8,0,23.2,FREIGHT,24.23,10.18,CLEAR,15.3,0.1059,0
95.9,4.7,1.4,1,10.6,PASSENGER,22.56,0.16,CLEAR,8.8,0.5028,1
70.2,14.1,3.9,1,14.1,PASSENGER,4.07,10.46,FOG,23.3,0.888,1
135.3,10.7,8.3,0,23.0,EXPRESS,5.04,19.12,CLEAR,8.9,0.1769,0
94.4,3.8,1.6,0,20.3,PASSENGER,35.61,2.1,CLEAR,8.7,0.1409,1
72.8,15.6,10.2,1,12.9,PASSENGER,27.19,0.05,RAIN,28.3,0.7428,1
57.0,5.7,4.4,1,3.5,FREIGHT,27.31,10.87,CLEAR,17.9,0.6099,1
94.2,6.4,2.5,0,27.8,PASSENGER,32.68,0.04,RAIN,10.8,0.1066,1
122.7,4.6,4.4,1,1.7,EXPRESS,3.82,22.43,RAIN,15.5,0.8039,1
76.8,3.6,2.3,0,22.4,PASSENGER,16.91,19.8,CLEAR,5.4,0.1372,0
57.9,7.2,8.2,0,28.4,FREIGHT,10.24,15.12,CLEAR,13.2,0.1518,0
158.4,7.0,3.0,1,10.2,EXPRESS,26.6,0.42,CLEAR,7.1,0.5661,0
119.9,13.9,10.4,1,3.7,EXPRESS,8.99,13.68,RAIN,21.5,0.8164,1
117.4,5.1,3.2,1,8.6,EXPRESS,27.84,16.11,RAIN,11.8,0.3881,1
83.2,4.5,4.9,1,10.4,PASSENGER,15.82,14.1,CLEAR,16.5,0.4856,1
95.3,22.3,27.4,1,14.4,EXPRESS,17.86,22.73,CLEAR,31.9,0.8394,1
87.7,1.4,0.7,0,16.5,PASSENGER,32.81,19.95,CLEAR,3.7,0.0696,0
113.0,8.6,6.0,0,22.2,EXPRESS,14.25,8.76,CLEAR,10.7,0.1291,0
35.5,2.2,0.7,0,27.2,FREIGHT,10.64,16.68,CLEAR,7.8,0.1609,0
122.6,9.0,8.2,1,14.7,EXPRESS,34.09,11.07,RAIN,21.1,0.6839,0
90.2,8.9,4.1,0,22.8,EXPRESS,27.57,22.28,CLEAR,12.1,0.129,1
80.1,17.2,12.5,1,5.1,PASSENGER,16.45,14.84,CLEAR,21.7,0.7913,1
65.3,9.5,9.0,1,10.9,PASSENGER,20.19,13.97,RAIN,19.5,0.7292,0
91.7,3.0,0.4,1,4.9,EXPRESS,14.24,12.02,CLEAR,14.8,0.4983,1
147.7,0.9,0.7,0,21.2,EXPRESS,22.27,9.07,CLEAR,0.0,0.0718,0
154.1,5.8,4.1,0,27.4,EXPRESS,5.98,3.55,CLEAR,2.4,0.133,0
70.4,9.7,3.3,0,26.8,PASSENGER,35.59,6.57,FOG,17.1,0.1702,0
87.0,3.8,0.8,0,10.8,PASSENGER,22.38,7.98,CLEAR,3.7,0.0966,0
73.9,1.0,0.6,1,8.2,PASSENGER,15.72,3.7,CLEAR,8.4,0.5608,1
84.7,8.8,3.7,1,9.3,PASSENGER,23.08,19.51,CLEAR,13.7,0.5006,0
81.8,3.6,0.2,1,9.7,PASSENGER,6.87,0.05,RAIN,12.4,0.526,0
108.8,9.9,9.3,1,3.8,EXPRESS,3.6,21.98,STORM,26.7,0.8667,0
61.5,13.0,7.4,0,5.3,FREIGHT,22.15,3.08,STORM,25.6,0.4334,1
35.7,9.1,6.9,1,7.6,FREIGHT,3.28,1.22,CLEAR,22.6,0.7483,1
93.7,2.5,0.1,1,1.7,EXPRESS,26.6,23.88,STORM,17.5,0.8427,1
143.7,3.0,0.2,1,2.8,EXPRESS,32.11,24.0,CLEAR,9.8,0.6803,1
136.6,11.2,3.6,0,21.4,EXPRESS,39.54,4.6,CLEAR,7.8,0.1192,1
124.9,24.9,23.4,0,19.2,EXPRESS,30.89,3.21,RAIN,27.1,0.2774,0
83.4,3.7,1.9,0,28.4,PASSENGER,38.98,4.75,RAIN,9.8,0.0572,0
84.9,10.7,1.9,1,13.0,PASSENGER,1.38,12.27,CLEAR,17.4,0.9188,0
81.9,1.4,0.6,0,14.2,PASSENGER,22.57,7.71,CLEAR,6.9,0.0569,0
79.6,10.3,5.0,1,3.4,PASSENGER,7.01,8.07,STORM,25.2,0.8202,1
85.0,3.7,4.7,1,5.8,PASSENGER,10.18,19.43,CLEAR,15.7,0.4417,0
86.4,0.5,0.5,0,21.2,PASSENGER,29.51,21.36,FOG,7.5,0.0507,0
138.4,4.2,2.8,1,8.2,EXPRESS,10.49,23.28,RAIN,8.0,0.621,0
139.8,9.4,4.9,0,23.5,EXPRESS,7.6,12.35,CLEAR,6.7,0.112,0
78.9,4.1,3.1,0,21.6,PASSENGER,15.19,5.91,CLEAR,7.4,0.1344,0
118.9,5.9,5.0,0,22.8,EXPRESS,3.79,13.32,CLEAR,8.4,0.1412,0
116.2,5.9,7.6,1,21.2,EXPRESS,6.29,20.91,CLEAR,15.5,0.6887,1
54.1,5.7,5.2,0,21.7,FREIGHT,6.28,0.74,RAIN,10.1,0.1717,0
82.7,7.6,4.3,1,17.1,PASSENGER,9.43,21.87,CLEAR,14.6,0.6682,1
152.3,11.3,8.6,0,20.8,EXPRESS,34.89,5.44,CLEAR,11.7,0.0926,0
94.8,8.2,10.4,0,16.5,PASSENGER,12.16,7.45,CLEAR,11.5,0.1188,0
104.9,4.2,2.2,1,7.4,PASSENGER,11.32,8.74,CLEAR,10.7,0.4607,0
139.6,4.5,0.9,1,7.7,EXPRESS,5.48,21.93,CLEAR,9.3,0.5183,0
158.0,7.5,7.7,1,13.1,EXPRESS,1.14,4.22,CLEAR,7.4,0.761,1
58.6,3.0,1.1,1,1.9,FREIGHT,6.83,5.35,CLEAR,17.6,0.6973,0
157.4,13.5,11.9,0,26.8,EXPRESS,29.06,17.55,CLEAR,11.8,0.1105,0
101.1,1.5,0.1,0,9.1,EXPRESS,38.81,22.43,FOG,7.2,0.1942,0
62.6,17.6,11.4,1,3.0,PASSENGER,29.88,2.51,STORM,36.9,0.891,1
89.0,12.1,4.0,0,13.6,PASSENGER,34.2,12.53,CLEAR,14.1,0.1242,0
158.8,6.1,6.7,0,24.7,EXPRESS,31.58,21.95,CLEAR,3.9,0.1181,0
119.2,4.9,2.3,1,12.8,EXPRESS,12.19,21.27,CLEAR,10.3,0.4679,0
104.8,29.4,21.6,1,9.0,EXPRESS,29.38,22.76,CLEAR,32.0,0.8731,1
53.5,6.9,1.2,0,17.0,FREIGHT,30.15,21.65,FOG,17.1,0.1987,1
135.4,8.2,1.4,0,17.9,EXPRESS,10.71,7.55,RAIN,9.2,0.1511,0
75.8,2.1,0.2,0,23.1,PASSENGER,36.87,4.99,CLEAR,6.9,0.0792,0
62.2,21.1,12.7,0,24.3,FREIGHT,39.92,21.64,RAIN,27.7,0.2987,0
158.3,13.0,2.7,0,21.6,EXPRESS,22.67,17.09,STORM,17.2,0.2137,0
70.4,5.9,5.1,1,1.6,FREIGHT,13.01,9.08,CLEAR,19.7,0.8217,0
43.1,7.5,5.2,1,1.6,FREIGHT,14.63,17.11,STORM,27.9,0.9129,1
44.7,14.4,9.3,0,29.4,FREIGHT,23.51,7.37,RAIN,18.5,0.2564,0
116.0,5.7,4.9,0,9.0,EXPRESS,0.81,13.95,CLEAR,4.7,0.4063,1
79.7,7.7,3.7,1,9.5,PASSENGER,12.68,5.6,RAIN,16.9,0.6792,0
65.0,8.5,5.6,0,22.4,PASSENGER,2.44,13.48,CLEAR,13.4,0.1921,0
64.3,5.0,6.3,0,18.1,FREIGHT,25.16,22.16,CLEAR,9.3,0.1224,1
115.6,6.7,0.9,1,14.7,EXPRESS,24.36,18.51,RAIN,12.4,0.5395,1
104.0,8.9,0.5,0,4.8,PASSENGER,23.85,15.75,FOG,12.0,0.1208,0
154.9,0.5,0.4,0,3.8,EXPRESS,6.46,5.9,CLEAR,1.9,0.1004,0
91.7,6.3,2.1,0,21.6,EXPRESS,37.81,1.52,CLEAR,7.9,0.1426,0
109.4,4.4,3.1,1,5.1,PASSENGER,21.6,17.05,CLEAR,13.9,0.4835,1
95.5,7.1,4.3,0,13.9,PASSENGER,22.46,13.83,CLEAR,9.0,0.1373,0
86.0,12.5,14.3,0,22.5,PASSENGER,22.0,5.1,CLEAR,17.4,0.1286,0
79.5,3.8,1.8,0,27.8,PASSENGER,21.21,22.43,CLEAR,8.1,0.0585,0
53.3,7.8,6.4,0,26.4,FREIGHT,37.57,13.25,RAIN,15.4,0.1966,0
112.7,9.1,3.4,0,26.1,EXPRESS,24.28,13.72,CLEAR,7.2,0.1519,0
91.1,4.8,1.1,0,11.7,PASSENGER,19.66,7.17,CLEAR,6.7,0.1013,0
96.5,5.1,4.3,0,27.9,EXPRESS,30.77,21.11,RAIN,4.8,0.1217,0
133.5,17.5,15.4,0,21.0,EXPRESS,10.43,21.39,CLEAR,20.6,0.3223,0
73.8,10.7,0.6,0,26.8,PASSENGER,8.08,17.16,CLEAR,6.6,0.139,0
30.8,3.1,3.2,0,4.0,FREIGHT,17.85,2.38,RAIN,15.8,0.2526,1
87.6,1.7,0.2,1,2.6,PASSENGER,1.12,2.03,CLEAR,12.0,0.8761,1
88.9,7.6,1.7,1,13.7,PASSENGER,12.09,11.27,CLEAR,11.0,0.4932,1
119.9,9.1,4.4,0,25.1,EXPRESS,17.09,3.41,CLEAR,9.5,0.0706,0
95.1,16.5,8.3,0,13.1,EXPRESS,23.36,7.97,CLEAR,16.2,0.1482,0
104.7,4.6,5.9,0,26.7,PASSENGER,21.96,4.11,CLEAR,7.5,0.1391,0
132.8,9.0,2.8,0,8.2,EXPRESS,15.01,7.44,RAIN,9.7,0.2317,0
98.1,16.0,10.8,1,2.6,EXPRESS,14.06,22.63,STORM,31.2,0.8436,1
85.5,6.5,1.6,1,23.2,PASSENGER,0.55,18.08,CLEAR,12.8,0.9439,1
124.8,7.2,6.3,0,19.3,EXPRESS,35.3,3.32,FOG,13.2,0.1297,1
94.2,2.5,2.9,1,14.0,EXPRESS,9.64,16.05,CLEAR,7.9,0.6405,0
90.3,12.0,10.3,1,25.6,PASSENGER,14.64,0.73,CLEAR,18.2,0.6403,1
100.4,7.5,7.2,0,25.0,PASSENGER,1.3,23.61,CLEAR,9.4,0.3046,0
63.7,13.1,10.4,0,10.7,FREIGHT,38.3,12.76,RAIN,19.9,0.2361,0
70.1,5.3,1.1,0,25.4,PASSENGER,20.04,12.13,CLEAR,6.8,0.0636,0
103.1,8.8,5.0,1,11.3,PASSENGER,1.42,5.77,RAIN,12.7,0.86,1
45.4,7.6,6.0,1,19.2,FREIGHT,10.42,10.99,RAIN,20.8,0.6703,0
107.3,9.5,6.1,0,7.0,PASSENGER,35.23,12.63,STORM,17.8,0.21,1
95.0,3.7,3.2,1,9.0,EXPRESS,15.34,15.8,RAIN,16.2,0.5077,1
124.0,0.1,0.1,1,14.3,EXPRESS,27.73,1.1,STORM,13.0,0.4669,1
89.9,2.7,1.4,1,10.5,PASSENGER,24.75,8.21,CLEAR,10.5,0.5045,0
72.4,5.8,1.8,0,5.2,PASSENGER,19.14,9.29,CLEAR,9.5,0.1465,1
98.6,11.9,8.6,0,15.2,PASSENGER,33.41,3.58,CLEAR,16.4,0.1404,0
91.3,10.6,8.3,0,16.1,PASSENGER,2.09,5.75,CLEAR,11.9,0.3396,1
60.9,6.5,0.5,1,6.0,PASSENGER,36.54,5.68,CLEAR,18.2,0.5821,0
57.4,12.0,13.5,1,6.5,FREIGHT,28.86,19.45,CLEAR,21.0,0.7244,0
84.6,10.9,0.9,1,2.3,PASSENGER,34.62,16.49,RAIN,25.8,0.706,0
103.7,10.7,2.4,1,2.4,EXPRESS,1.17,22.15,RAIN,18.2,0.9537,1
74.8,4.1,1.1,0,11.7,FREIGHT,3.85,7.44,RAIN,7.7,0.3323,0
152.8,10.4,8.9,1,5.7,EXPRESS,8.63,21.16,RAIN,11.8,0.5132,0
74.6,7.6,6.2,0,27.7,PASSENGER,23.95,20.73,CLEAR,10.9,0.1146,0
54.3,3.0,2.0,1,7.2,FREIGHT,4.15,10.75,CLEAR,14.9,0.6677,1
75.8,9.3,5.2,1,3.4,PASSENGER,37.3,15.11,CLEAR,18.3,0.7024,0
98.8,1.8,0.9,1,13.0,PASSENGER,30.07,14.35,CLEAR,6.9,0.6757,0
106.5,4.4,2.2,1,7.0,PASSENGER,32.4,7.39,CLEAR,8.2,0.5168,1
115.1,2.4,2.1,1,3.3,EXPRESS,23.56,6.29,FOG,13.5,0.6192,0
146.4,1.5,1.2,0,23.0,EXPRESS,25.42,4.06,CLEAR,1.2,0.0828,0
84.9,12.6,9.4,0,17.4,PASSENGER,9.23,20.1,CLEAR,16.3,0.2408,0
79.8,3.8,5.1,1,3.1,PASSENGER,36.45,12.8,CLEAR,16.1,0.5857,1
106.9,5.1,1.5,0,14.8,PASSENGER,26.13,8.12,RAIN,5.4,0.1025,1
125.7,2.3,1.2,1,2.6,EXPRESS,17.0,12.24,RAIN,9.7,0.6334,1
83.4,3.7,0.1,0,11.6,PASSENGER,35.33,1.93,RAIN,8.0,0.1701,0
93.6,5.5,1.9,0,11.9,PASSENGER,34.62,2.54,RAIN,12.0,0.119,0
73.1,3.2,3.4,0,25.0,PASSENGER,0.52,18.22,CLEAR,10.1,0.6329,0
76.2,2.2,1.5,0,22.5,PASSENGER,37.03,21.63,CLEAR,7.7,0.0687,0
106.6,9.5,5.4,0,27.1,PASSENGER,14.86,7.69,CLEAR,12.1,0.1436,0
93.9,9.6,2.4,1,5.5,PASSENGER,17.17,9.82,CLEAR,15.3,0.613,1
101.3,3.6,1.7,0,16.7,PASSENGER,3.87,8.97,CLEAR,5.7,0.1285,1
42.2,14.4,12.6,1,2.1,FREIGHT,35.16,11.5,CLEAR,26.0,0.8458,1
128.1,5.7,1.4,0,25.0,EXPRESS,21.8,9.94,CLEAR,6.4,0.0923,0
73.7,6.8,2.3,1,11.9,FREIGHT,36.28,9.27,FOG,17.8,0.6084,0
112.3,9.9,2.2,1,3.5,EXPRESS,31.34,15.84,CLEAR,20.6,0.5654,0
101.2,3.1,1.2,1,10.8,EXPRESS,35.97,6.53,CLEAR,10.3,0.3847,0
53.0,2.0,1.1,1,9.7,FREIGHT,37.96,22.62,FOG,14.2,0.6197,0
117.1,5.5,1.6,0,23.3,EXPRESS,35.49,7.4,CLEAR,5.1,0.0874,0
68.0,8.2,9.0,1,5.1,PASSENGER,8.79,5.15,FOG,21.0,0.8162,0
70.0,9.8,6.6,1,17.3,FREIGHT,3.27,23.33,CLEAR,17.5,0.7533,1
74.6,8.0,5.1,0,24.1,FREIGHT,25.0,5.49,FOG,14.8,0.1176,0
55.6,6.4,2.7,1,22.6,FREIGHT,6.62,12.88,RAIN,15.6,0.7031,1
144.2,7.5,3.2,0,28.2,EXPRESS,34.59,7.89,RAIN,6.8,0.0792,0
103.0,1.7,1.4,1,1.5,PASSENGER,37.92,1.86,CLEAR,8.6,0.7623,0
139.1,12.2,0.3,0,11.6,EXPRESS,5.29,22.87,FOG,13.0,0.2777,0
62.2,2.9,1.8,1,12.0,PASSENGER,9.82,8.98,CLEAR,11.2,0.504,0
37.1,3.0,3.1,1,2.4,FREIGHT,25.2,15.48,CLEAR,15.1,0.6841,0
95.0,3.6,0.3,0,24.8,EXPRESS,29.15,20.69,RAIN,8.5,0.0625,0
60.5,7.7,0.4,0,21.1,PASSENGER,20.74,13.27,FOG,11.3,0.1079,0
75.3,3.6,1.4,0,16.6,PASSENGER,15.08,17.11,FOG,11.8,0.217,0
79.6,5.1,2.1,0,13.0,PASSENGER,12.59,18.83,CLEAR,9.7,0.0896,0
40.8,4.5,2.2,0,27.0,FREIGHT,26.81,9.16,CLEAR,9.2,0.1124,0
94.5,0.9,0.6,1,9.0,EXPRESS,29.91,15.09,CLEAR,7.9,0.6612,0
86.5,4.5,1.2,1,11.0,PASSENGER,11.91,4.94,CLEAR,12.6,0.6277,1
42.3,2.5,1.4,0,28.6,FREIGHT,13.38,1.33,CLEAR,9.4,0.1649,0
99.8,8.6,0.3,1,3.3,PASSENGER,18.67,23.68,CLEAR,17.9,0.6987,0
90.6,2.2,1.8,0,23.7,EXPRESS,18.28,2.22,RAIN,8.0,0.1334,1
102.1,1.4,0.3,0,22.0,PASSENGER,33.78,10.29,FOG,8.2,0.0446,0
156.8,8.6,5.5,0,27.2,EXPRESS,17.76,1.62,CLEAR,8.1,0.1027,1
140.1,4.3,2.2,0,4.1,EXPRESS,39.15,22.14,CLEAR,4.9,0.0929,0
63.0,3.3,1.8,0,29.2,FREIGHT,12.78,2.62,CLEAR,7.5,0.0637,1
106.7,1.6,0.6,1,2.3,PASSENGER,27.87,18.88,CLEAR,10.4,0.4801,0
39.4,1.9,1.2,1,11.1,FREIGHT,30.48,17.18,CLEAR,13.0,0.5473,0
74.8,6.1,1.2,1,3.9,FREIGHT,25.4,1.08,RAIN,20.2,0.5367,1
98.7,25.7,19.0,1,3.0,PASSENGER,15.0,17.31,RAIN,34.7,0.8993,1
140.9,9.0,8.1,0,29.0,EXPRESS,10.67,23.26,FOG,13.2,0.15,1
78.1,2.5,0.1,0,22.0,PASSENGER,24.37,12.5,FOG,8.0,0.1827,0
128.2,6.7,4.3,1,15.9,EXPRESS,26.52,6.95,CLEAR,13.2,0.5588,0
59.4,4.7,1.3,1,4.6,FREIGHT,10.68,13.08,CLEAR,17.0,0.7097,0
133.4,3.4,0.5,0,16.5,EXPRESS,13.79,2.9,CLEAR,2.4,0.0588,0
139.3,5.5,5.5,1,10.6,EXPRESS,34.55,22.94,RAIN,11.7,0.6482,0
64.1,2.9,0.6,1,9.2,PASSENGER,32.52,8.77,RAIN,11.9,0.5995,1
114.9,3.0,2.6,0,19.1,EXPRESS,7.76,10.97,CLEAR,5.1,0.0981,0
120.4,8.2,4.5,0,24.0,EXPRESS,37.37,9.63,CLEAR,10.1,0.0642,0
73.0,4.4,3.6,1,14.1,PASSENGER,25.31,0.67,CLEAR,16.1,0.5564,0
102.1,22.1,17.1,1,15.6,EXPRESS,20.12,0.82,CLEAR,28.1,0.7611,1
99.7,8.8,6.9,1,20.1,EXPRESS,8.43,13.5,CLEAR,19.9,0.5521,1
115.6,8.3,6.7,1,5.1,EXPRESS,29.34,12.06,CLEAR,14.4,0.636,1
84.7,10.0,2.0,0,25.1,PASSENGER,36.87,23.68,RAIN,12.7,0.1163,0
63.1,1.0,0.0,0,25.4,PASSENGER,3.07,6.32,CLEAR,5.5,0.1467,0
107.3,21.8,6.0,0,16.9,PASSENGER,21.07,8.84,CLEAR,21.0,0.1487,0
98.3,43.3,37.0,1,6.8,PASSENGER,35.15,23.71,CLEAR,48.9,0.9255,1
141.2,1.8,2.3,0,15.8,EXPRESS,38.12,1.15,CLEAR,0.0,0.115,0
37.8,17.6,19.1,1,4.5,FREIGHT,3.35,15.42,CLEAR,29.4,0.8904,1
132.3,1.1,0.7,0,23.3,EXPRESS,31.75,2.44,CLEAR,1.0,0.0449,0
86.5,1.6,1.6,1,10.4,PASSENGER,11.62,22.71,CLEAR,12.8,0.4473,0
74.2,1.6,0.8,1,10.4,FREIGHT,21.89,6.91,RAIN,10.8,0.5933,0
63.6,3.4,2.9,0,28.4,FREIGHT,31.46,19.54,CLEAR,8.1,0.079,0
130.3,5.7,7.2,1,13.5,EXPRESS,22.03,21.87,CLEAR,9.1,0.5082,0
149.6,3.2,1.9,0,24.0,EXPRESS,4.85,20.33,CLEAR,2.5,0.0812,0
67.8,14.5,10.7,0,19.7,PASSENGER,23.83,13.37,CLEAR,19.7,0.2692,0
91.1,5.5,3.5,0,10.5,EXPRESS,5.15,23.36,CLEAR,10.4,0.0803,1
61.1,3.8,2.8,1,5.0,FREIGHT,14.22,16.24,STORM,18.3,0.7561,0
64.9,15.5,7.0,0,24.2,PASSENGER,22.55,18.87,CLEAR,19.3,0.3131,1
65.8,2.7,0.5,0,23.2,PASSENGER,39.66,5.86,RAIN,8.2,0.0915,0
142.1,10.6,6.7,1,6.3,EXPRESS,29.21,10.04,CLEAR,14.2,0.533,1
73.5,1.5,1.3,1,8.6,PASSENGER,12.48,14.36,RAIN,14.3,0.3712,1
91.4,3.9,1.5,0,23.3,PASSENGER,35.12,3.5,CLEAR,5.2,0.0947,0
71.3,5.2,4.1,0,29.5,FREIGHT,9.43,23.18,RAIN,10.1,0.1842,0
112.2,20.9,10.4,0,25.5,EXPRESS,15.67,2.63,CLEAR,19.3,0.2989,0
105.2,11.5,3.9,0,21.0,EXPRESS,26.06,17.59,CLEAR,16.5,0.1942,1
97.5,8.2,4.7,0,27.6,EXPRESS,16.72,1.39,CLEAR,8.2,0.1473,1
99.1,9.9,6.7,1,9.6,EXPRESS,29.32,2.46,RAIN,19.6,0.4964,0
63.1,4.5,1.4,1,1.8,PASSENGER,26.2,14.96,CLEAR,14.8,0.8066,1
33.9,7.9,7.9,0,10.6,FREIGHT,26.86,10.86,CLEAR,17.0,0.1645,1
120.2,6.4,2.4,0,29.2,EXPRESS,17.1,0.09,RAIN,5.4,0.0954,1
44.4,1.6,0.9,0,26.6,FREIGHT,2.68,9.45,CLEAR,8.3,0.2437,0
139.5,5.4,1.9,1,2.9,EXPRESS,34.97,6.0,CLEAR,11.5,0.6291,1
150.9,1.5,1.3,1,15.8,EXPRESS,3.42,20.92,CLEAR,4.0,0.4828,0
144.9,2.0,1.2,1,3.8,EXPRESS,18.83,16.99,CLEAR,8.2,0.5621,1
127.1,3.9,1.5,0,24.0,EXPRESS,12.43,17.7,CLEAR,4.4,0.0355,0
34.6,2.0,0.9,0,12.1,FREIGHT,12.21,22.82,CLEAR,8.1,0.1902,0
139.7,9.0,5.0,0,27.5,EXPRESS,9.45,17.04,CLEAR,8.4,0.1062,0
78.1,5.2,3.9,1,3.1,PASSENGER,11.23,3.85,RAIN,17.8,0.8332,0
64.3,13.2,4.7,0,22.4,PASSENGER,38.24,22.5,CLEAR,19.0,0.1423,0
67.9,2.7,1.9,1,12.9,FREIGHT,38.9,2.71,RAIN,10.7,0.6323,1
113.7,12.1,6.6,0,9.1,EXPRESS,23.05,4.62,CLEAR,13.4,0.2019,0
105.3,6.1,0.6,1,16.2,EXPRESS,21.22,6.84,CLEAR,11.8,0.5559,0
151.0,4.4,3.8,0,15.3,EXPRESS,2.41,4.2,CLEAR,1.9,0.2285,1
105.1,5.9,1.4,0,11.4,PASSENGER,32.25,0.44,RAIN,10.9,0.1305,1
113.7,5.2,3.4,0,20.0,EXPRESS,7.24,11.02,CLEAR,4.7,0.1413,0
46.0,2.3,1.8,0,20.3,FREIGHT,6.13,16.51,CLEAR,10.1,0.1803,0
89.0,7.0,7.0,1,3.7,PASSENGER,17.25,10.11,FOG,18.3,0.7222,0
96.7,11.1,10.0,0,18.5,PASSENGER,14.23,5.63,RAIN,18.0,0.1514,0
63.2,5.8,6.1,0,21.8,PASSENGER,4.32,21.19,CLEAR,12.0,0.1599,0
131.5,0.8,0.9,1,3.7,EXPRESS,6.34,9.32,CLEAR,3.7,0.5611,0
107.6,3.6,1.4,0,20.3,PASSENGER,39.7,20.13,RAIN,8.6,0.0973,0
41.8,10.9,11.3,0,24.4,FREIGHT,29.53,4.28,CLEAR,19.3,0.2527,0
70.9,6.1,2.6,0,25.2,FREIGHT,24.14,8.0,CLEAR,10.2,0.1106,0
72.8,11.9,12.7,1,2.7,FREIGHT,12.49,19.28,CLEAR,22.8,0.8568,1
42.1,2.2,2.2,0,21.4,FREIGHT,17.42,0.73,CLEAR,7.3,0.1212,1
142.8,18.9,13.6,0,24.2,EXPRESS,25.31,22.09,FOG,21.4,0.4298,1
106.7,16.9,11.7,1,12.8,EXPRESS,31.48,9.52,RAIN,21.4,0.7292,1
141.6,8.9,4.9,0,17.0,EXPRESS,37.88,23.47,RAIN,7.5,0.1196,0
145.8,2.6,0.0,1,9.1,EXPRESS,5.35,16.83,CLEAR,7.1,0.4731,0
107.3,9.3,2.3,1,10.3,EXPRESS,8.07,22.79,STORM,17.5,0.8022,1
95.8,13.4,10.9,1,15.8,PASSENGER,22.92,1.59,CLEAR,17.9,0.7345,0
100.6,10.4,9.7,1,5.8,PASSENGER,37.57,17.33,CLEAR,19.5,0.7685,1
46.1,3.9,0.9,1,12.1,FREIGHT,18.38,21.01,RAIN,15.7,0.7088,1
68.4,6.7,2.3,0,10.1,PASSENGER,25.54,23.7,CLEAR,14.6,0.1272,0
34.1,23.5,8.1,1,8.3,FREIGHT,12.1,0.8,CLEAR,33.5,0.8054,0
130.3,5.7,3.9,1,15.3,EXPRESS,32.56,2.0,CLEAR,6.8,0.499,1
158.5,11.8,8.5,0,25.4,EXPRESS,24.41,17.56,STORM,16.8,0.2744,0
101.1,14.4,7.9,1,8.4,PASSENGER,15.58,0.93,RAIN,19.8,0.7103,1
120.5,9.3,10.7,0,20.3,EXPRESS,21.93,0.27,CLEAR,8.5,0.1179,0
127.6,0.7,0.6,1,8.7,EXPRESS,27.94,13.08,CLEAR,5.0,0.403,0
109.6,2.3,0.7,1,5.5,EXPRESS,8.93,12.71,CLEAR,9.4,0.6527,1
101.4,1.3,0.4,0,28.4,EXPRESS,13.99,14.72,RAIN,5.3,0.0789,0
84.1,17.4,12.3,1,19.5,PASSENGER,10.4,0.34,CLEAR,27.0,0.7836,1
83.2,15.8,2.9,1,4.5,PASSENGER,38.43,12.08,STORM,23.8,0.854,1
86.1,1.6,0.3,0,19.5,PASSENGER,2.2,6.88,CLEAR,2.7,0.2097,0
107.6,5.6,1.7,1,6.5,PASSENGER,2.73,18.15,CLEAR,14.1,0.6618,0
132.3,2.5,1.9,0,26.8,EXPRESS,14.55,8.36,CLEAR,0.1,0.0721,0
132.4,7.8,7.5,1,8.6,EXPRESS,21.75,8.56,RAIN,14.1,0.4727,1
99.0,6.5,6.0,0,24.5,EXPRESS,13.49,15.7,RAIN,13.0,0.1181,1
159.8,8.1,5.3,1,7.2,EXPRESS,34.35,15.86,CLEAR,10.2,0.4009,1
98.6,0.9,0.1,0,17.4,PASSENGER,7.19,1.4,CLEAR,2.5,0.128,0
103.9,13.1,10.9,0,27.5,PASSENGER,14.9,15.02,CLEAR,14.6,0.1146,0
80.7,4.5,1.1,0,9.9,PASSENGER,19.77,15.79,CLEAR,10.7,0.0761,0
125.1,6.8,4.5,1,3.8,EXPRESS,8.49,10.98,CLEAR,9.9,0.6367,1
86.1,0.3,0.3,1,17.2,PASSENGER,11.96,19.87,FOG,14.7,0.4872,0
69.7,0.5,0.4,1,6.4,PASSENGER,37.92,0.22,RAIN,11.5,0.6913,1
94.5,2.3,0.0,0,22.3,PASSENGER,21.05,23.24,CLEAR,3.8,0.1141,0
105.1,9.4,3.8,1,18.3,PASSENGER,34.85,9.02,CLEAR,13.4,0.515,1
68.2,8.0,4.5,0,11.4,PASSENGER,11.14,14.3,STORM,15.9,0.3574,1
64.3,1.9,0.2,0,21.6,PASSENGER,24.69,0.82,CLEAR,1.9,0.1015,0
96.9,8.2,1.5,1,8.3,PASSENGER,30.65,17.01,CLEAR,17.2,0.5479,0
109.1,8.4,8.6,0,27.6,EXPRESS,17.15,13.05,CLEAR,5.7,0.0946,0
91.2,1.7,0.5,0,11.4,PASSENGER,25.18,23.05,CLEAR,4.6,0.0694,0
138.7,3.6,1.1,0,23.2,EXPRESS,34.6,10.14,CLEAR,1.3,0.1458,0
112.5,4.1,2.5,1,8.9,EXPRESS,6.06,17.32,CLEAR,10.7,0.6141,1
66.7,24.4,8.3,0,21.9,FREIGHT,14.51,1.78,CLEAR,23.1,0.27,0
54.7,3.0,1.3,1,2.4,FREIGHT,33.04,1.55,RAIN,15.8,0.7171,1
150.8,29.0,26.4,1,9.9,EXPRESS,9.62,22.78,STORM,39.4,0.9325,1
98.2,2.4,2.0,1,4.1,PASSENGER,22.47,6.08,CLEAR,11.2,0.5491,1
150.8,3.9,2.2,0,14.4,EXPRESS,17.8,21.9,FOG,3.6,0.0522,0
61.0,2.9,0.6,0,13.9,PASSENGER,26.76,2.1,FOG,11.2,0.1722,1
41.0,18.5,5.1,0,11.7,FREIGHT,26.89,15.31,CLEAR,27.3,0.3997,1
34.1,4.4,1.3,0,29.5,FREIGHT,23.35,13.24,CLEAR,13.4,0.1502,1
82.1,6.6,4.5,0,8.5,PASSENGER,37.9,23.19,RAIN,14.1,0.1621,0
152.3,1.9,1.1,1,24.0,EXPRESS,7.43,9.7,FOG,8.3,0.4679,1
83.4,2.0,2.2,0,14.3,PASSENGER,33.49,1.16,FOG,9.1,0.1036,0
149.5,12.4,8.7,1,11.0,EXPRESS,19.83,11.38,CLEAR,13.9,0.6502,1
44.7,10.2,6.0,0,7.3,FREIGHT,26.64,19.78,CLEAR,17.3,0.2153,0
45.3,3.2,0.8,0,19.6,FREIGHT,11.31,1.26,RAIN,14.8,0.1368,0
104.8,6.7,4.2,0,11.0,PASSENGER,4.24,0.87,CLEAR,10.5,0.229,0
119.8,5.9,4.5,0,24.7,EXPRESS,31.22,19.72,FOG,8.6,0.1322,0
145.3,2.3,0.4,0,29.1,EXPRESS,10.44,19.78,CLEAR,0.0,0.0931,0
106.6,4.0,2.8,1,8.0,EXPRESS,15.92,4.8,CLEAR,12.2,0.4768,0
72.7,5.9,1.4,1,5.2,FREIGHT,2.38,15.78,CLEAR,17.2,0.8227,1
88.7,4.5,2.8,1,10.5,PASSENGER,26.18,1.54,RAIN,12.7,0.4587,0
143.2,8.6,6.8,0,14.8,EXPRESS,27.65,18.37,CLEAR,6.1,0.1149,0
64.5,3.3,0.8,1,10.1,PASSENGER,36.12,7.32,FOG,12.0,0.622,1
52.2,1.4,0.6,0,29.2,FREIGHT,35.7,5.53,CLEAR,9.6,0.0792,0
153.1,3.4,1.4,0,23.7,EXPRESS,28.35,16.26,RAIN,1.6,0.0849,0
69.5,18.7,13.7,0,29.0,FREIGHT,13.22,21.88,RAIN,25.0,0.3378,0
32.1,8.0,6.2,0,12.1,FREIGHT,15.3,1.0,RAIN,15.2,0.2904,1
43.7,4.2,0.1,0,10.2,FREIGHT,15.58,3.45,RAIN,9.2,0.1555,0
121.0,4.4,2.3,1,13.1,EXPRESS,5.62,6.14,CLEAR,12.3,0.5233,1
102.1,7.2,1.3,1,16.4,EXPRESS,37.92,22.27,CLEAR,12.1,0.5312,0
